FIRE_SIZE,FIRE_SIZE_CLASS,LATITUDE,LONGITUDE,STATE,START_DATE,END_DATE,FIPS,DATE,tmax,tmin,tavg,prcp,aws,fmc
15990,0.1,A,40.607406,-122.496061,6,20060618,20060618,6089.0,20060618,394,217,306,0,2.997146,118.5
15991,0.1,A,40.71638889,-121.42388889,6,20070710,20070711,6089.0,20070710,394,217,306,0,1.7219203,72.5
15992,0.5,B,40.497081,-122.360719,6,19980703,19980703,6089.0,19980703,333,161,250,0,4.2174907,0.0
15993,0.1,A,40.920694,-121.546786,6,20071029,20071029,6089.0,20071029,394,217,306,0,0.8645269,86.0
15994,0.4,A,41.000889,-121.359561,6,20040630,20040630,6089.0,20040630,333,189,261,0,3.311037,136.0
15995,4500.0,F,40.9347,-121.5261,6,20090802,20090810,6089.0,20090802,394,217,306,0,3.8513043,129.0
15996,1.0,B,40.4853,-122.4511,6,20070812,20070812,6089.0,20070812,394,217,306,0,2.2537527,49.5
15997,1.0,B,40.496631,-122.53345,6,20011015,20011015,6089.0,20011015,289,83,189,0,1.8123186,0.0
15998,0.5,A,41.145181,-121.456369,6,20040630,20040630,6089.0,20040630,333,189,261,0,3.311037,136.0
15999,1.0,B,41.000269,-121.436219,6,19990611,19990611,6089.0,19990611,333,128,233,0,2.022002,0.0
16000,0.5,B,41.000981,-121.340581,6,19990822,19990822,6089.0,19990822,411,261,339,0,1.9332836,0.0
16001,0.1,A,40.524019,-121.812511,6,20030726,20030726,6089.0,20030726,389,217,306,0,1.6659616000000002,112.0
16002,0.1,A,41.116211,-121.475739,6,20040630,20040630,6089.0,20040630,333,189,261,0,3.311037,136.0
16003,31.0,C,40.5249,-122.5328,6,20040613,20040614,6089.0,20040613,333,150,250,0,2.5882268,136.0
16004,2.0,B,40.7021,-122.365681,6,20010521,20010521,6089.0,20010521,372,206,289,0,3.6474283,0.0
16005,0.25,A,41.14722222,-122.32222222,6,20091017,20091017,6089.0,20091017,394,217,306,0,0.65145427,69.0
16006,0.1,A,40.61888889,-121.4525,6,20090715,20090715,6089.0,20090715,394,217,306,0,0.6319861,136.0
16007,2.0,B,40.63689,-122.45248,6,19990613,19990613,6089.0,19990613,350,156,256,0,2.4666128,0.0
16008,0.1,A,40.55345,-122.475831,6,20000616,20000616,6089.0,20000616,367,261,317,0,4.656361,0.0
16009,0.5,B,40.86861111,-121.115,6,20090801,20090802,6089.0,20090801,394,217,306,0,2.124246,129.0
16010,1.5,B,40.496431,-122.690575,6,20060807,20060809,6089.0,20060807,394,217,306,0,3.5356598,55.5
16011,22.0,C,41.0019,-121.3647,6,20090802,20090805,6089.0,20090802,394,217,306,0,3.8513043,129.0
16012,2.0,B,40.512661,-122.343031,6,19990610,19990610,6089.0,19990610,322,100,211,0,2.5023382,0.0
16013,150.0,D,40.6842,-122.3525,6,20060725,20060729,6089.0,20060725,394,217,306,0,2.2959511000000004,106.0
16014,1.0,B,40.511181,-122.379831,6,19990527,19990527,6089.0,19990527,344,178,261,0,1.8069303,0.0
16015,4.0,B,40.467439,-122.774881,6,19990529,19990531,6089.0,19990529,289,144,217,104,4.02767,0.0
16016,1.0,B,40.706525,-122.339067,6,20060805,20060805,6089.0,20060805,394,217,306,0,2.1946306,55.5
16017,8.0,B,40.3899,-122.1978,6,20040612,20040612,6089.0,20040612,328,150,239,0,2.8595273,136.0
16018,0.1,A,40.398328,-122.165203,6,20060910,20060910,6089.0,20060910,394,217,306,0,0.8732177,48.5
16019,0.1,A,40.785,-122.1675,6,20060512,20060513,6089.0,20060512,394,217,306,0,2.1360085,118.5
16020,1.5,B,40.49269,-122.51708,6,20090617,20090617,6089.0,20090617,394,217,306,0,3.0686917,179.0
16021,0.1,A,40.639458,-122.731253,6,20071027,20071027,6089.0,20071027,394,217,306,0,1.7564175,86.0
16022,0.01,A,41.06694444,-122.36583333,6,20080405,20080405,6089.0,20080405,394,217,306,0,1.3931619,86.0
16023,0.35,A,40.73416667,-121.3525,6,20090802,20090802,6089.0,20090802,394,217,306,0,3.8513043,129.0
16024,0.5,B,40.572039,-122.116911,6,20010521,20010521,6089.0,20010521,372,206,289,0,3.6474283,0.0
16025,0.1,A,40.91694444,-122.38555556,6,20071027,20071027,6089.0,20071027,394,217,306,0,1.7564175,86.0
16026,0.3,B,41.1782,-121.3844,6,20040629,20040629,6089.0,20040629,361,194,278,0,2.342006,136.0
16027,0.1,A,40.483969,-122.264661,6,19990725,19990725,6089.0,19990725,350,139,244,0,2.0280483,0.0
16028,0.25,A,40.91666667,-122.385,6,20071027,20071027,6089.0,20071027,394,217,306,0,1.7564175,86.0
16029,0.1,A,40.585361,-122.475411,6,19990609,19990609,6089.0,19990609,283,111,200,0,2.5071099,0.0
16030,0.1,A,40.701981,-122.269539,6,19990610,19990610,6089.0,19990610,322,100,211,0,2.5023382,0.0
16031,0.5,B,40.716561,-122.000081,6,20040701,20040701,6089.0,20040701,367,183,278,0,3.3286676,136.0
16032,3.0,B,40.495361,-122.514619,6,20011010,20011010,6089.0,20011010,283,100,194,0,0.5830895,0.0
16033,0.2,A,40.95654,-121.34276,6,19990822,19990822,6089.0,19990822,411,261,339,0,1.9332836,0.0
16034,19.4,C,40.86722222,-122.01805556,6,20060821,20060822,6089.0,20060821,394,217,306,0,2.8883955,55.5
16035,0.3,B,41.14488,-121.47611,6,19990822,19990822,6089.0,19990822,411,261,339,0,1.9332836,0.0
16036,0.3,B,40.96405,-121.583261,6,20011013,20011013,6089.0,20011013,317,156,239,0,2.3272219,0.0
16037,0.3,B,40.48215,-122.792561,6,20030714,20030714,6089.0,20030714,394,183,289,0,2.8778532,111.0
16038,0.1,A,40.481311,-122.416869,6,20030602,20030602,6089.0,20030602,378,211,294,0,3.6939163,86.0
16039,0.5,B,41.160161,-121.378911,6,20040701,20040701,6089.0,20040701,367,183,278,0,3.3286676,136.0
16040,0.3,B,41.101739,-121.475731,6,20040703,20040703,6089.0,20040703,378,217,300,0,3.1819806,136.0
16041,1.0,B,40.986311,-121.359169,6,20040701,20040701,6089.0,20040701,367,183,278,0,3.3286676,136.0
16042,0.5,B,40.6514,-122.4172,6,20080319,20080319,6089.0,20080319,394,217,306,0,1.1682914,80.5
16043,0.3,B,40.513819,-122.096219,6,20030718,20030718,6089.0,20030718,428,206,317,0,2.3020444,111.0
16044,0.1,A,40.614211,-122.439531,6,19990722,19990722,6089.0,19990722,350,133,244,0,2.3005373,0.0
16045,4.4,A,40.88305556,-121.39611111,6,20090801,20090802,6089.0,20090801,394,217,306,0,2.124246,129.0
16046,0.1,A,40.85222222,-122.51833333,6,20060807,20060807,6089.0,20060807,394,217,306,0,3.5356598,55.5
16047,0.5,B,41.12988,-121.4761,6,19990822,19990822,6089.0,19990822,411,261,339,0,1.9332836,0.0
16048,1.8,B,40.82777778,-122.24972222,6,20080522,20080523,6089.0,20080522,394,217,306,0,6.863663000000002,66.5
16049,0.3,B,40.481311,-122.416869,6,20040625,20040625,6089.0,20040625,356,172,267,0,3.0442433,136.0
16050,3.0,B,40.498519,-122.229319,6,19990616,19990616,6089.0,19990616,350,161,256,0,3.8745987,0.0
16051,0.1,A,40.831589,-121.904669,6,19991130,19991201,6089.0,19991130,117,56,89,64,6.270652,0.0
16052,5.0,B,40.480889,-122.473439,6,19990617,19990617,6089.0,19990617,350,161,256,0,2.6812785,0.0
16053,3.5,B,40.96694444,-122.00222222,6,20080622,20080622,6089.0,20080622,394,217,306,0,1.9058897,74.0
16054,5.0,B,40.49935,-122.03955,6,20010519,20010519,6089.0,20010519,356,228,294,0,3.192886,0.0
16055,1.0,B,40.497081,-122.360719,6,19990916,19990916,6089.0,19990916,333,144,239,0,0.6438193,0.0
16056,0.8999999999999999,A,40.672981,-122.250481,6,20040825,20040825,6089.0,20040825,300,161,233,0,3.5938063,91.0
16057,4700.1,A,40.62638889,-121.62777778,6,20080622,20080622,6089.0,20080622,394,217,306,0,1.9058897,74.0
16058,9356.0,G,40.68333333,-121.46666667,6,20090801,20090812,6089.0,20090801,394,217,306,0,2.124246,129.0
16059,0.68,B,40.81416667,-122.32055556,6,20080714,20080714,6089.0,20080714,394,217,306,0,1.6124572,63.5
16060,2.1,B,40.52495,-122.476319,6,20040617,20040617,6089.0,20040617,339,194,267,0,0.6007556,136.0
16061,144.0,D,40.570914,-121.963728,6,20060821,20060821,6089.0,20060821,394,217,306,0,2.8883955,55.5
16062,0.1,A,40.497869,-122.342561,6,20030323,20030323,6089.0,20030323,178,72,128,3,1.133174,86.0
16063,0.2,A,40.920689,-121.546781,6,19970330,19970330,6089.0,19970330,0,0,0,0,3.8460999,0.0
16064,0.3,B,40.643639,-122.364931,6,19990726,19990726,6089.0,19990726,356,167,261,0,1.9151076,0.0
16065,0.1,A,41.072861,-121.628861,6,19970501,19970501,6089.0,19970501,0,0,0,0,2.7986672,0.0
16066,60.0,C,40.482481,-122.548289,6,20040621,20040621,6089.0,20040621,383,178,283,0,1.7613912,136.0
16067,2.0,B,40.5115,-122.5328,6,20020914,20020914,6089.0,20020914,344,133,239,0,1.1401807,0.0
16068,0.5,B,40.87,-121.44027778,6,20090801,20090802,6089.0,20090801,394,217,306,0,2.124246,129.0
16069,1.0,B,40.534961,-122.557992,6,20070607,20070607,6089.0,20070607,394,217,306,0,2.401327,68.0
16070,0.1,A,41.33444444,-122.55,6,20060807,20060807,6089.0,20060807,394,217,306,0,3.5356598,55.5
16071,85.0,C,40.74555556,-122.13583333,6,20090802,20090805,6089.0,20090802,394,217,306,0,3.8513043,129.0
16072,0.2,A,40.5839,-122.4508,6,20060925,20060925,6089.0,20060925,394,217,306,0,0.59480274,48.5
16073,0.1,A,40.574922,-122.478111,6,20071011,20071011,6089.0,20071011,394,217,306,0,0.9865623,86.0
16074,0.1,A,40.614181,-122.421289,6,20010830,20010830,6089.0,20010830,328,194,261,0,2.8750358,0.0
16075,0.1,A,40.497081,-122.360719,6,20010829,20010829,6089.0,20010829,394,200,300,0,2.4808102,0.0
16076,0.1,A,40.829433,-121.927678,6,20070303,20070303,6089.0,20070303,394,217,306,0,3.0098643,97.0
16077,0.1,A,40.475792,-122.491228,6,20060611,20060611,6089.0,20060611,394,217,306,0,1.7637718,118.5
16078,0.1,A,40.568811,-122.434761,6,20040824,20040824,6089.0,20040824,317,183,250,0,2.3595214,91.0
16079,0.1,A,40.479086,-122.206789,6,20070303,20070303,6089.0,20070303,394,217,306,0,3.0098643,97.0
16080,0.1,A,40.50735,-122.3811,6,20070215,20070215,6089.0,20070215,394,217,306,0,2.1552130000000003,97.0
16081,1.0,B,40.510231,-122.495469,6,19990614,19990614,6089.0,19990614,350,156,256,0,2.8839178,0.0
16082,12.0,C,40.36485,-122.85035,6,20010520,20010520,6089.0,20010520,367,217,294,0,3.5531714,0.0
16083,2.0,B,40.701981,-122.269539,6,19990614,19990614,6089.0,19990614,350,156,256,0,2.8839178,0.0
16084,0.1,A,40.71638889,-121.54583333,6,20071029,20071029,6089.0,20071029,394,217,306,0,0.8645269,86.0
16085,1.0,B,40.9282,-121.4161,6,20040628,20040628,6089.0,20040628,372,206,289,8,2.3347957000000004,136.0
16086,0.1,A,40.643119,-122.4018,6,19990822,19990822,6089.0,19990822,411,261,339,0,1.9332836,0.0
16087,0.1,A,40.74583333,-121.49583333,6,20070520,20070520,6089.0,20070520,394,217,306,0,2.1085033,75.0
16088,1.0,B,40.815989,-121.941719,6,20020703,20020703,6089.0,20020703,344,178,261,0,2.9520967,0.0
16089,1.0,B,40.519989,-122.015006,6,20070219,20070219,6089.0,20070219,394,217,306,0,1.5229548000000002,97.0
16090,32.0,C,40.568969,-122.475619,6,20020902,20020902,6089.0,20020902,394,183,289,0,0.82151526,0.0
16091,1.0,B,40.512139,-122.36155,6,19990614,19990614,6089.0,19990614,350,156,256,0,2.8839178,0.0
16092,1.1,A,40.74722222,-122.13166667,6,20071029,20071029,6089.0,20071029,394,217,306,0,0.8645269,86.0
16093,0.1,A,40.512139,-122.36155,6,20040627,20040627,6089.0,20040627,378,178,278,0,3.9732704,136.0
16094,0.5,B,40.477397,-122.225992,6,20060611,20060611,6089.0,20060611,394,217,306,0,1.7637718,118.5
16095,0.1,A,40.613889,-122.49485,6,19990614,19990614,6089.0,19990614,350,156,256,0,2.8839178,0.0
16096,1.0,B,40.815989,-121.941719,6,20010828,20010828,6089.0,20010828,411,261,339,0,3.5256402,0.0
16097,0.3,B,40.510069,-122.756689,6,19990529,19990530,6089.0,19990529,289,144,217,104,4.02767,0.0
16098,0.3,B,41.000981,-121.340581,6,19990823,19990823,6089.0,19990823,394,250,322,0,0.9300544,0.0
16099,0.1,A,40.495361,-122.514619,6,20000704,20000704,6089.0,20000704,289,150,222,28,2.8097868,0.0
16100,2.0,B,40.86916667,-121.40166667,6,20090802,20090802,6089.0,20090802,394,217,306,0,3.8513043,129.0
16101,0.5,B,41.043669,-121.628639,6,19990916,19990916,6089.0,19990916,333,144,239,0,0.6438193,0.0
16102,0.1,A,40.628511,-122.420881,6,20000704,20000704,6089.0,20000704,289,150,222,28,2.8097868,0.0
16103,0.5,B,40.735,-121.30083333,6,20090802,20090802,6089.0,20090802,394,217,306,0,3.8513043,129.0
16104,0.5,B,41.174619,-121.340911,6,20010915,20010915,6089.0,20010915,333,172,256,0,1.2681041000000002,0.0
16105,0.1,A,40.96405,-121.564161,6,19980629,19980629,6089.0,19980629,322,128,228,0,2.3774207,0.0
16106,0.01,A,40.84694444,-122.40527778,6,20080413,20080413,6089.0,20080413,394,217,306,0,0.97082865,86.0
16107,0.25,A,41.08444444,-122.63555556,6,20060725,20060725,6089.0,20060725,394,217,306,0,2.2959511000000004,106.0
16108,0.3,B,41.043669,-121.628639,6,20030520,20030520,6089.0,20030520,294,133,217,0,1.8806596,86.0
16109,0.2,A,40.61861111,-121.43555556,6,20090802,20090802,6089.0,20090802,394,217,306,0,3.8513043,129.0
16110,0.1,A,40.488844,-122.358061,6,20070809,20070809,6089.0,20070809,394,217,306,0,3.6249166,49.5
16111,0.25,A,41.2025,-122.68555556,6,20060725,20060725,6089.0,20060725,394,217,306,0,2.2959511000000004,106.0
16112,2.0,B,40.473522,-122.483042,6,20071021,20071021,6089.0,20071021,394,217,306,0,1.808262,86.0
16113,0.1,A,40.66,-121.36777778,6,20070710,20070711,6089.0,20070710,394,217,306,0,1.7219203,72.5
16114,1.0,B,40.508558,-122.473494,6,20071021,20071021,6089.0,20071021,394,217,306,0,1.808262,86.0
16115,0.1,A,40.29972222,-123.04861111,6,20091025,20091025,6089.0,20091025,394,217,306,0,1.3473651000000002,69.0
16116,0.1,A,40.94694444,-122.00194444,6,20090802,20090802,6089.0,20090802,394,217,306,0,3.8513043,129.0
16117,0.1,A,40.989731,-121.48735,6,20010918,20010918,6089.0,20010918,339,161,250,0,1.2317883,0.0
16118,10.0,C,41.2675,-122.63555556,6,20060725,20060727,6089.0,20060725,394,217,306,0,2.2959511000000004,106.0
16119,1.1,B,40.701461,-122.154931,6,20000703,20000703,6089.0,20000703,289,150,222,0,4.557823,0.0
16120,0.1,A,40.6275,-121.47666667,6,20080621,20080621,6089.0,20080621,394,217,306,0,1.4557829,74.0
16121,0.1,A,40.481311,-122.416869,6,20000702,20000702,6089.0,20000702,317,167,244,0,3.6357253,0.0
16122,0.01,A,40.69305556,-121.59722222,6,20070714,20070714,6089.0,20070714,394,217,306,0,2.8853133,72.5
16123,2.0,B,40.479086,-122.206789,6,20060906,20060906,6089.0,20060906,394,217,306,0,1.523982,48.5
16124,0.1,A,41.16025,-121.359789,6,19990823,19990823,6089.0,19990823,394,250,322,0,0.9300544,0.0
16125,1.0,B,40.396961,-122.169839,6,20010913,20010913,6089.0,20010913,311,167,239,0,1.9646971,0.0
16126,5.0,B,40.673511,-122.5108,6,20010905,20010906,6089.0,20010905,339,139,239,0,3.3743047999999995,0.0
16127,5.0,B,40.701981,-122.269539,6,19990606,19990606,6089.0,19990606,261,117,189,0,3.5345495,0.0
16128,0.1,A,40.94694444,-122.00722222,6,20090802,20090802,6089.0,20090802,394,217,306,0,3.8513043,129.0
16129,1.0,B,40.730781,-122.019781,6,19990530,19990530,6089.0,19990530,328,128,228,0,3.8615615,0.0
16130,0.4,B,40.77,-122.597833,6,20060807,20060809,6089.0,20060807,394,217,306,0,3.5356598,55.5
16131,0.1,A,40.735,-121.55083333,6,20080914,20080914,6089.0,20080914,394,217,306,0,0.25495157,73.0
16132,0.1,A,40.502042,-122.333097,6,20060807,20060807,6089.0,20060807,394,217,306,0,3.5356598,55.5
16133,0.4,B,40.524242,-121.797208,6,20070812,20070812,6089.0,20070812,394,217,306,0,2.2537527,49.5
16134,0.2,A,40.730211,-122.098089,6,20040812,20040812,6089.0,20040812,417,172,294,0,2.373031,91.0
16135,0.2,A,40.582242,-122.481617,6,20060430,20060430,6089.0,20060430,394,217,306,0,3.1048357,109.0
16136,0.1,A,40.495539,-122.399281,6,20040811,20040811,6089.0,20040811,417,161,289,0,1.0640538,91.0
16137,0.5,B,40.614211,-122.439531,6,19990530,19990530,6089.0,19990530,328,128,228,0,3.8615615,0.0
16138,26.0,C,40.6999,-121.4644,6,20040811,20040825,6089.0,20040811,417,161,289,0,1.0640538,91.0
16139,0.01,A,40.84416667,-121.36277778,6,20060621,20060621,6089.0,20060621,394,217,306,0,3.8218763,118.5
16140,0.1,A,40.7308,-122.288281,6,20040810,20040810,6089.0,20040810,406,167,289,0,1.8520609,91.0
16141,0.1,A,40.95655,-121.43777,6,19990823,19990823,6089.0,19990823,394,250,322,0,0.9300544,0.0
16142,0.1,A,40.69194444,-121.4325,6,20090501,20090501,6089.0,20090501,394,217,306,0,3.1338348,99.0
16143,0.25,A,41.02333333,-122.4125,6,20070715,20070715,6089.0,20070715,394,217,306,0,2.6280048,72.5
16144,0.1,A,41.13416667,-122.31694444,6,20060501,20060501,6089.0,20060501,394,217,306,0,3.2499948,109.0
16145,2.0,B,40.98488,-121.3811,6,19990823,19990823,6089.0,19990823,394,250,322,0,0.9300544,0.0
16146,0.1,A,40.80138889,-122.31777778,6,20060925,20060925,6089.0,20060925,394,217,306,0,0.59480274,48.5
16147,0.5,B,40.835,-121.36916667,6,20090802,20090802,6089.0,20090802,394,217,306,0,3.8513043,129.0
16148,0.1,A,40.604383,-122.5023,6,20060502,20060502,6089.0,20060502,394,217,306,0,4.2827907,109.0
16149,6923.0,G,40.98055556,-121.81388889,6,20090802,20090901,6089.0,20090802,394,217,306,0,3.8513043,129.0
16150,0.2,A,40.85083333,-122.33333333,6,20080413,20080413,6089.0,20080413,394,217,306,0,0.97082865,86.0
16151,0.1,A,40.81888889,-122.38583333,6,20070520,20070520,6089.0,20070520,394,217,306,0,2.1085033,75.0
16152,0.1,A,40.88638889,-121.98638889,6,20090802,20090802,6089.0,20090802,394,217,306,0,3.8513043,129.0
16153,0.1,A,40.91321,-121.32443,6,19990823,19990823,6089.0,19990823,394,250,322,0,0.9300544,0.0
16154,0.1,A,40.60333333,-121.35055556,6,20060725,20060731,6089.0,20060725,394,217,306,0,2.2959511000000004,106.0
16155,0.3,B,40.95,-122.43416667,6,20061021,20061022,6089.0,20061021,394,217,306,0,3.4673288,46.0
16156,0.1,A,40.553239,-122.4551,6,20000707,20000707,6089.0,20000707,283,156,222,0,2.6192563,0.0
16157,0.1,A,40.541678,-122.473825,6,20060910,20060910,6089.0,20060910,394,217,306,0,0.8732177,48.5
16158,1.0,B,40.67916667,-121.42583333,6,20060505,20060505,6089.0,20060505,394,217,306,0,0.50329405,118.5
16159,4.0,B,40.483969,-122.264661,6,20040725,20040725,6089.0,20040725,389,200,294,0,2.8239753,102.0
16160,15.0,C,40.499331,-122.021431,6,20040716,20040717,6089.0,20040716,372,183,278,0,2.2748466,89.0
16161,2.0,B,40.479086,-122.206789,6,20060906,20060906,6089.0,20060906,394,217,306,0,1.523982,48.5
16162,0.1,A,40.86416667,-121.31888889,6,20090802,20090802,6089.0,20090802,394,217,306,0,3.8513043,129.0
16163,1.0,B,40.5394,-122.476031,6,20040714,20040714,6089.0,20040714,361,156,261,0,3.25,89.0
16164,0.1,A,40.989631,-121.506781,6,20001008,20001008,6089.0,20001008,294,106,200,0,0.8731488000000002,0.0
16165,1.0,B,40.95655,-121.36277,6,19990823,19990823,6089.0,19990823,394,250,322,0,0.9300544,0.0
16166,5.0,B,40.741636,-122.096086,6,20070714,20070714,6089.0,20070714,394,217,306,0,2.8853133,72.5
16167,0.1,A,41.102411,-121.379619,6,20010522,20010522,6089.0,20010522,378,150,267,0,1.4883858,0.0
16168,0.1,A,40.501697,-121.9922,6,20060722,20060722,6089.0,20060722,394,217,306,0,1.202412,106.0
16169,0.5,B,40.66638889,-121.46916667,6,20080417,20080418,6089.0,20080417,394,217,306,0,1.5306242,86.0
16170,55.0,C,40.73154,-122.05778,6,19990724,19990725,6089.0,19990724,322,139,233,0,3.4691858,0.0
16171,0.1,A,40.495361,-122.514619,6,20011005,20011005,6089.0,20011005,239,122,183,0,0.54708666,0.0
16172,3949.0,F,40.955,-121.79444444,6,20090802,20090901,6089.0,20090802,394,217,306,0,3.8513043,129.0
16173,20.0,C,40.425761,-122.038881,6,20040708,20040708,6089.0,20040708,339,189,267,0,2.070599,89.0
16174,0.01,A,41.04027778,-122.395,6,20080720,20080720,6089.0,20080720,394,217,306,0,1.7502571,113.0
16175,0.75,B,40.84972222,-121.36055556,6,20090802,20090802,6089.0,20090802,394,217,306,0,3.8513043,129.0
16176,1.0,B,40.481069,-122.492019,6,20020827,20020827,6089.0,20020827,378,244,311,0,4.1688576,0.0
16177,1.1,B,40.506192,-122.498503,6,20060511,20060511,6089.0,20060511,394,217,306,0,1.6286527,118.5
16178,0.6,B,40.66666667,-121.43333333,6,20090802,20090812,6089.0,20090802,394,217,306,0,3.8513043,129.0
16179,1.0,B,41.04083333,-121.99083333,6,20080406,20080406,6089.0,20080406,394,217,306,0,2.3355534,86.0
16180,2.0,B,40.715869,-122.155031,6,20040706,20040706,6089.0,20040706,422,233,328,0,2.5862832,89.0
16181,30.0,C,40.6882,-122.4011,6,20040814,20040815,6089.0,20040814,361,194,278,0,2.557834,91.0
16182,0.35,A,40.61777778,-121.40166667,6,20090802,20090802,6089.0,20090802,394,217,306,0,3.8513043,129.0
16183,0.5,B,40.5095,-121.812431,6,20030722,20030722,6089.0,20030722,433,250,344,0,2.0689175,112.0
16184,0.1,A,41.02833333,-122.38361111,6,20080528,20080528,6089.0,20080528,394,217,306,0,2.7718084,66.5
16185,0.1,A,40.643639,-122.364931,6,20011001,20011001,6089.0,20011001,400,156,278,0,0.3992482,0.0
16186,1.0,B,41.10416667,-121.15722222,6,20080923,20080923,6089.0,20080923,394,217,306,0,0.35056207,73.0
16187,0.3,B,40.96988,-121.34276,6,19990823,19990823,6089.0,19990823,394,250,322,0,0.9300544,0.0
16188,0.1,A,40.488903,-122.357931,6,20070520,20070520,6089.0,20070520,394,217,306,0,2.1085033,75.0
16189,1.0,B,40.68725,-122.420611,6,19990823,19990823,6089.0,19990823,394,250,322,0,0.9300544,0.0
16190,0.1,A,40.75833333,-121.54166667,6,20090802,20090802,6089.0,20090802,394,217,306,0,3.8513043,129.0
16191,0.1,A,41.05444444,-121.97166667,6,20090705,20090705,6089.0,20090705,394,217,306,0,2.300003,136.0
16192,373.0,C,40.9132,-121.4378,6,19990823,19990824,6089.0,19990823,394,250,322,0,0.9300544,0.0
16193,5.0,B,40.476447,-122.241339,6,20060821,20060821,6089.0,20060821,394,217,306,0,2.8883955,55.5
16194,1865.0,F,40.83388889,-121.54222222,6,20090802,20090802,6089.0,20090802,394,217,306,0,3.8513043,129.0
16195,0.1,A,40.614619,-122.4755,6,20040723,20040723,6089.0,20040723,406,211,311,0,1.7586447,102.0
16196,0.1,A,40.4049,-122.1228,6,20030721,20030721,6089.0,20030721,417,233,328,0,1.8139964,112.0
16197,0.25,A,40.84611111,-121.86416667,6,20090802,20090802,6089.0,20090802,394,217,306,0,3.8513043,129.0
16198,0.1,A,40.497869,-122.342561,6,20001005,20001005,6089.0,20001005,328,89,211,0,1.8370821,0.0
16199,0.1,A,40.89083333,-122.37472222,6,20090430,20090430,6089.0,20090430,394,217,306,0,0.50329405,99.0
16200,776.0,E,41.001886,-121.506392,6,20070710,20070712,6089.0,20070710,394,217,306,0,1.7219203,72.5
16201,1.0,B,40.687019,-122.174019,6,20010903,20010903,6089.0,20010903,361,156,261,0,1.6051445,0.0
16202,0.1,A,40.498711,-121.98415,6,20040815,20040815,6089.0,20040815,350,144,250,0,2.7358615,91.0
16203,0.1,A,40.688069,-122.401361,6,20010902,20010902,6089.0,20010902,350,161,256,0,2.354789,0.0
16204,0.2,A,40.523581,-121.79395,6,20040720,20040720,6089.0,20040720,367,233,-178,0,2.5244653,102.0
16205,1.0,B,40.526539,-122.551839,6,19991113,19991113,6089.0,19991113,250,61,156,0,2.0336447,0.0
16206,0.5,B,41.12988,-121.43777,6,19990822,19990822,6089.0,19990822,411,261,339,0,1.9332836,0.0
16207,1.0,B,40.592983,-122.488664,6,20070704,20070704,6089.0,20070704,394,217,306,0,1.9602262,68.0
16208,20.0,C,40.4115,-122.1311,6,20040718,20040718,6089.0,20040718,372,222,300,0,2.2770581,89.0
16209,0.2,A,40.863331,-121.546919,6,19970330,19970330,6089.0,19970330,0,0,0,0,3.8460999,0.0
16210,1.0,B,40.614931,-122.45705,6,20001007,20001007,6089.0,20001007,322,106,217,0,0.6795494000000001,0.0
16211,0.1,A,41.131461,-121.379589,6,19990607,19990607,6089.0,19990607,267,72,172,0,2.9123867000000003,0.0
16212,60.2,C,40.730739,-122.060089,6,19990822,19990824,6089.0,19990822,411,261,339,0,1.9332836,0.0
16213,0.01,A,40.83805556,-121.32222222,6,20080721,20080721,6089.0,20080721,394,217,306,0,2.3987024,113.0
16214,0.3,B,40.49,-122.5356,6,20090521,20090521,6089.0,20090521,394,217,306,0,0.7280072,223.0
16215,1.0,B,40.81777778,-122.11694444,6,20080623,20080624,6089.0,20080623,394,217,306,0,2.3179545,74.0
16216,60.0,C,40.692325,-122.157214,6,20060916,20060917,6089.0,20060916,394,217,306,0,1.1588283,48.5
16217,0.3,B,40.481731,-122.755661,6,20020907,20020907,6089.0,20020907,267,100,183,0,1.6801560000000002,0.0
16218,1912.0,F,40.99333333,-121.60166667,6,20080622,20080704,6089.0,20080622,394,217,306,0,1.9058897,74.0
16219,0.1,A,40.523581,-121.79395,6,20030922,20030922,6089.0,20030922,406,133,272,0,1.3102671,73.0
16220,0.5,B,40.52495,-122.476319,6,19980427,19980427,6089.0,19980427,294,78,189,0,2.5266912,0.0
16221,1.0,B,40.705083,-122.093964,6,20060529,20060529,6089.0,20060529,394,217,306,0,1.2267398,118.5
16222,0.2,A,40.7032,-122.4745,6,20020601,20020601,6089.0,20020601,306,183,244,0,2.9704185,0.0
16223,0.3,B,40.637606,-122.391314,6,20060529,20060529,6089.0,20060529,394,217,306,0,1.2267398,118.5
16224,0.1,A,40.687969,-122.059711,6,19990703,19990703,6089.0,19990703,289,156,222,0,2.5188313,0.0
16225,0.1,A,40.52495,-122.476319,6,20020601,20020601,6089.0,20020601,306,183,244,0,2.9704185,0.0
16226,0.3,B,40.614181,-122.421289,6,19990808,19990808,6089.0,19990808,317,139,228,0,2.1151998,0.0
16227,0.1,A,40.505539,-122.34025,6,20071201,20071201,6089.0,20071201,394,217,306,0,1.3836237,61.5
16228,0.1,A,40.469311,-122.2464,6,20030918,20030918,6089.0,20030918,344,167,256,0,2.0255637,73.0
16229,1.0,B,40.55595,-121.9068,6,19990807,19990807,6089.0,19990807,283,133,211,0,2.108584,0.0
16230,4.0,B,40.498519,-122.210489,6,20030914,20030914,6089.0,20030914,367,189,278,0,0.88458997,73.0
16231,0.5,B,40.7633,-122.5664,6,20080509,20080509,6089.0,20080509,394,217,306,0,2.9029078,66.5
16232,0.1,A,40.56388889,-121.57805556,6,20080621,20080622,6089.0,20080621,394,217,306,0,1.4557829,74.0
16233,0.1,A,40.716581,-122.288411,6,20030913,20030913,6089.0,20030913,361,233,300,0,4.1629333,73.0
16234,0.1,A,40.5394,-122.476031,6,20030704,20030704,6089.0,20030704,372,156,267,0,2.0083063,86.0
16235,2.0,B,40.6586,-122.474639,6,19990704,19990704,6089.0,19990704,306,156,233,0,3.2224526,0.0
16236,0.1,A,40.9675,-122.51833333,6,20060926,20060926,6089.0,20060926,394,217,306,0,0.55081475,48.5
16237,0.1,A,40.510231,-122.495469,6,20010403,20010403,6089.0,20010403,150,50,100,0,2.0602207,0.0
16238,0.1,A,40.702081,-122.288469,6,20030913,20030913,6089.0,20030913,361,233,300,0,4.1629333,73.0
16239,0.1,A,40.64416667,-121.45277778,6,20071203,20071203,6089.0,20071203,394,217,306,0,9.124144,61.5
16240,0.5,B,40.614181,-122.421289,6,20030912,20030912,6089.0,20030912,361,239,300,0,4.3871307,73.0
16241,0.1,A,41.02944444,-122.3975,6,20090722,20090722,6089.0,20090722,394,217,306,0,1.9983206,129.0
16242,6.0,B,40.482161,-122.699611,6,20030704,20030704,6089.0,20030704,372,156,267,0,2.0083063,86.0
16243,10.0,C,40.687969,-122.059711,6,19990705,19990705,6089.0,19990705,361,150,256,0,1.1413981000000002,0.0
16244,1.0,B,41.18583333,-122.55194444,6,20060724,20060727,6089.0,20060724,394,217,306,0,1.3078215,106.0
16245,4.0,B,40.45355,-121.832569,6,20030908,20030909,6089.0,20030908,278,156,217,0,2.178164,73.0
16246,10.0,C,40.51025,-122.457181,6,19990705,19990705,6089.0,19990705,361,150,256,0,1.1413981000000002,0.0
16247,125.0,D,40.525461,-122.533211,6,19990704,19990706,6089.0,19990704,306,156,233,0,3.2224526,0.0
16248,0.1,A,40.523581,-121.79395,6,20020711,20020711,6089.0,20020711,444,211,328,0,2.1954477000000003,0.0
16249,0.1,A,40.7525,-121.52972222,6,20090602,20090602,6089.0,20090602,394,217,306,0,1.566045,223.0
16250,0.1,A,41.043669,-121.628639,6,19990629,19990629,6089.0,19990629,406,206,306,0,2.4869602000000004,0.0
16251,1.0,B,40.497869,-122.342561,6,20020902,20020902,6089.0,20020902,394,183,289,0,0.82151526,0.0
16252,0.1,A,40.585361,-122.475411,6,20000520,20000520,6089.0,20000520,356,194,278,0,2.5173445,0.0
16253,0.1,A,40.499139,-122.003089,6,20031029,20031029,6089.0,20031029,261,106,183,0,3.4585837999999995,74.0
16254,5.0,B,40.495539,-122.399281,6,19990713,19990713,6089.0,19990713,417,244,333,0,1.9257517,0.0
16255,0.1,A,40.658489,-122.250189,6,19990626,19990626,6089.0,19990626,344,161,256,0,4.1648693,0.0
16256,0.1,A,40.673219,-122.641939,6,19990627,19990627,6089.0,19990627,361,211,289,0,3.5599976000000004,0.0
16257,0.1,A,40.512661,-122.343031,6,20031024,20031024,6089.0,20031024,328,172,250,0,2.9334292,74.0
16258,0.1,A,40.685042,-122.64175,6,20070119,20070119,6089.0,20070119,394,217,306,0,2.6752305,104.0
16259,1.0,B,40.672981,-122.250481,6,19990627,19990627,6089.0,19990627,361,211,289,0,3.5599976000000004,0.0
16260,0.1,A,40.512661,-122.343031,6,20020528,20020528,6089.0,20020528,294,156,228,0,1.8024768,0.0
16261,0.1,A,40.586689,-122.469361,6,20071125,20071125,6089.0,20071125,394,217,306,0,1.27769,61.5
16262,5.0,B,40.498519,-122.229319,6,19990627,19990627,6089.0,19990627,361,211,289,0,3.5599976000000004,0.0
16263,2.0,B,40.469311,-122.2464,6,20000326,20000326,6089.0,20000326,228,44,139,0,0.74108624,0.0
16264,0.1,A,40.497869,-122.342561,6,20031018,20031018,6089.0,20031018,278,83,183,0,2.0987632,74.0
16265,0.1,A,40.507269,-122.380169,6,20071129,20071129,6089.0,20071129,394,217,306,0,1.4624997,61.5
16266,0.1,A,40.604631,-122.503856,6,20070119,20070119,6089.0,20070119,394,217,306,0,2.6752305,104.0
16267,0.13,A,40.90138889,-122.38333333,6,20070118,20070118,6089.0,20070118,394,217,306,0,2.577303,104.0
16268,0.3,B,40.830539,-121.964689,6,20010405,20010405,6089.0,20010405,211,78,144,0,1.1485636,0.0
16269,0.1,A,40.643561,-122.383881,6,20031016,20031016,6089.0,20031016,283,89,189,0,1.8411386000000003,74.0
16270,0.1,A,40.963311,-121.979061,6,20020909,20020910,6089.0,20020909,361,122,244,0,1.6918857,0.0
16271,3.0,B,40.80027778,-122.11666667,6,20080622,20080623,6089.0,20080622,394,217,306,0,1.9058897,74.0
16272,0.1,A,40.476447,-122.241339,6,20070510,20070510,6089.0,20070510,394,217,306,0,1.9453582,75.0
16273,125.0,D,41.066481,-121.7052,6,19990629,19990703,6089.0,19990629,406,206,306,0,2.4869602000000004,0.0
16274,4.0,B,40.525461,-122.533211,6,20031006,20031006,6089.0,20031006,344,122,233,0,1.336893,74.0
16275,1.0,B,40.715739,-122.098181,6,20031005,20031005,6089.0,20031005,311,139,228,0,1.5340506,74.0
16276,0.7,B,40.498711,-121.98415,6,19980429,19980429,6089.0,19980429,283,122,206,0,1.5503945,0.0
16277,0.3,B,41.000189,-121.513481,6,20031003,20031003,6089.0,20031003,328,128,228,0,1.0198033000000002,73.0
16278,0.1,A,40.499139,-122.003089,6,20031001,20031001,6089.0,20031001,311,122,217,0,2.10009,73.0
16279,0.1,A,40.55555556,-121.475,6,20090602,20090602,6089.0,20090602,394,217,306,0,1.566045,223.0
16280,0.1,A,40.85916667,-122.40055556,6,20080509,20080509,6089.0,20080509,394,217,306,0,2.9029078,66.5
16281,0.1,A,40.672869,-122.456361,6,20000326,20000326,6089.0,20000326,228,44,139,0,0.74108624,0.0
16282,0.1,A,40.482689,-121.9269,6,20020718,20020718,6089.0,20020718,356,178,267,0,2.192097,0.0
16283,0.2,A,40.51035,-122.47655,6,19990705,19990705,6089.0,19990705,361,150,256,0,1.1413981000000002,0.0
16284,2.0,B,40.5815,-122.4611,6,20030905,20030905,6089.0,20030905,356,183,272,36,0.68008137,73.0
16285,1.0,B,41.06666667,-122.7025,6,20060724,20060725,6089.0,20060724,394,217,306,0,1.3078215,106.0
16286,4.0,B,40.52465,-121.831239,6,20010104,20010104,6089.0,20010104,167,-11,78,0,3.1346483,0.0
16287,0.1,A,40.568969,-122.475619,6,20020902,20020902,6089.0,20020902,394,183,289,0,0.82151526,0.0
16288,0.1,A,40.6517,-122.396897,6,20070623,20070623,6089.0,20070623,394,217,306,0,2.8669338,68.0
16289,10.0,C,40.4732,-121.9278,6,20030815,20030816,6089.0,20030815,361,144,256,0,1.9358237,87.0
16290,0.1,A,41.13527778,-122.31666667,6,20070814,20070814,6089.0,20070814,394,217,306,0,1.6568141,49.5
16291,2.0,B,40.79,-121.53944444,6,20080624,20080624,6089.0,20080624,394,217,306,0,3.563199,74.0
16292,0.1,A,40.469744,-122.531936,6,20070106,20070106,6089.0,20070106,394,217,306,0,1.0000061,104.0
16293,0.5,B,40.88416667,-122.46694444,6,20061021,20061021,6089.0,20061021,394,217,306,0,3.4673288,46.0
16294,3.0,B,40.482481,-122.548289,6,19990730,19990730,6089.0,19990730,361,150,256,0,2.2808166,0.0
16295,0.1,A,40.527389,-121.94525,6,20030826,20030826,6089.0,20030826,361,183,272,0,1.8439138,87.0
16296,28336.0,G,40.71666667,-122.43444444,6,20080623,20080728,6089.0,20080623,394,217,306,0,2.3179545,74.0
16297,0.3,B,41.18333333,-122.68472222,6,20060724,20060725,6089.0,20060724,394,217,306,0,1.3078215,106.0
16298,0.1,A,40.570997,-122.474231,6,20071223,20071223,6089.0,20071223,394,217,306,0,2.9948175,61.5
16299,51.0,C,40.81805556,-122.11611111,6,20080623,20080630,6089.0,20080623,394,217,306,0,2.3179545,74.0
16300,1.5,B,40.680886,-122.156647,6,20070604,20070604,6089.0,20070604,394,217,306,0,2.1446261000000004,75.0
16301,0.1,A,40.978739,-121.526039,6,19970811,19970811,6089.0,19970811,0,0,0,0,2.5260496,0.0
16302,1.6,B,40.78333333,-121.52138889,6,20080624,20080624,6089.0,20080624,394,217,306,0,3.563199,74.0
16303,0.1,A,40.564425,-122.435767,6,20070104,20070104,6089.0,20070104,394,217,306,0,3.995355,102.0
16304,20.0,C,40.658061,-122.438631,6,20030820,20030821,6089.0,20030820,389,167,278,0,1.2308178,87.0
16305,0.1,A,41.029089,-121.494469,6,19970903,19970903,6089.0,19970903,0,0,0,0,1.6654412,0.0
16306,0.1,A,40.978581,-121.564011,6,20030820,20030820,6089.0,20030820,389,167,278,0,1.2308178,87.0
16307,0.75,A,40.58333333,-121.37888889,6,20080621,20080621,6089.0,20080621,394,217,306,0,1.4557829,74.0
16308,0.2,A,40.481931,-122.718561,6,20030818,20030818,6089.0,20030818,406,161,283,0,0.60207343,87.0
16309,0.3,B,40.628331,-122.401781,6,20020622,20020622,6089.0,20020622,317,161,239,0,2.5242028,0.0
16310,10.0,C,40.4549,-122.8128,6,20010318,20010320,6089.0,20010318,261,67,167,0,0.7003585999999999,0.0
16311,60.0,C,40.64487,-122.7028,6,19990730,19990801,6089.0,19990730,361,150,256,0,2.2808166,0.0
16312,0.1,A,40.481069,-122.492019,6,20030706,20030706,6089.0,20030706,367,172,272,0,2.032271,111.0
16313,2.0,B,40.4982,-122.4945,6,20030824,20030824,6089.0,20030824,372,156,267,0,1.6263067,87.0
16314,2.0,B,40.702061,-122.07925,6,19990730,19990730,6089.0,19990730,361,150,256,0,2.2808166,0.0
16315,12.0,C,41.116211,-121.475739,6,20010327,20010328,6089.0,20010327,228,117,172,0,0.4494437,0.0
16316,0.3,B,40.6241,-122.460072,6,20060826,20060826,6089.0,20060826,394,217,306,0,0.23323295,55.5
16317,1.5,B,40.83194444,-122.32472222,6,20080627,20080627,6089.0,20080627,394,217,306,0,2.3905816000000004,74.0
16318,0.5,B,40.614844,-122.460364,6,20060926,20060926,6089.0,20060926,394,217,306,0,0.55081475,48.5
16319,0.01,A,40.73222222,-121.57361111,6,20070811,20070811,6089.0,20070811,394,217,306,0,2.3086822,49.5
16320,0.3,B,40.48375,-122.002939,6,20010329,20010329,6089.0,20010329,256,128,194,0,2.3963244,0.0
16321,2.0,B,41.05138889,-122.35083333,6,20070512,20070512,6089.0,20070512,394,217,306,0,2.8792331,75.0
16322,0.1,A,40.5857,-122.456,6,20000430,20000430,6089.0,20000430,267,61,167,0,0.90255284,0.0
16323,0.1,A,40.376233,-122.28455,6,20060531,20060531,6089.0,20060531,394,217,306,0,0.3832806,118.5
16324,0.1,A,40.659719,-122.698111,6,19990804,19990804,6089.0,19990804,367,178,272,0,2.8825218999999995,0.0
16325,1.0,B,40.5545,-122.720539,6,20030903,20030903,6089.0,20030903,328,189,261,0,0.5508189,87.0
16326,0.1,A,40.732381,-121.79255,6,20020608,20020608,6089.0,20020608,250,144,200,0,5.680955,0.0
16327,0.1,A,40.5394,-122.476031,6,20000430,20000430,6089.0,20000430,267,61,167,0,0.90255284,0.0
16328,0.01,A,40.91944444,-122.38527778,6,20080626,20080626,6089.0,20080626,394,217,306,0,4.0645347,74.0
16329,3.5,B,40.72916667,-121.48972222,6,20070517,20070517,6089.0,20070517,394,217,306,0,2.4808102,75.0
16330,0.7,B,40.80277778,-122.3375,6,20071212,20071212,6089.0,20071212,394,217,306,0,1.5282085,61.5
16331,20.0,C,40.467831,-122.70005,6,19990801,19990801,6089.0,19990801,333,167,250,0,3.6222978,0.0
16332,0.3,B,40.7565,-122.5461,6,20030903,20030905,6089.0,20030903,328,189,261,0,0.5508189,87.0
16333,0.1,A,40.60055,-122.456669,6,20030811,20030811,6089.0,20030811,339,161,250,0,2.5470202,87.0
16334,0.1,A,40.523581,-121.79395,6,19990707,19990707,6089.0,19990707,350,172,261,0,3.6613626,0.0
16335,0.1,A,40.716239,-122.079139,6,20020611,20020611,6089.0,20020611,339,172,256,0,1.7560159,0.0
16336,0.1,A,40.907431,-121.526861,6,20000416,20000416,6089.0,20000416,156,100,128,185,3.5595133000000003,0.0
16337,0.1,A,40.978581,-121.564011,6,20000412,20000412,6089.0,20000412,239,122,183,135,0.68065876,0.0
16338,1.0,B,40.482289,-121.851331,6,19990801,19990801,6089.0,19990801,333,167,250,0,3.6222978,0.0
16339,0.1,A,40.553461,-122.496,6,20000407,20000407,6089.0,20000407,278,67,172,0,2.0700886,0.0
16340,0.2,A,40.76722222,-122.31694444,6,20060614,20060615,6089.0,20060614,394,217,306,0,1.578889,118.5
16341,0.1,A,40.55345,-122.475831,6,20030901,20030901,6089.0,20030901,406,189,300,0,1.0394266,87.0
16342,0.1,A,41.108778,-121.495119,6,20071215,20071215,6089.0,20071215,394,217,306,0,2.3716922,61.5
16343,0.1,A,40.498369,-121.945631,6,20030901,20030901,6089.0,20030901,406,189,300,0,1.0394266,87.0
16344,0.1,A,40.95027778,-122.43333333,6,20070516,20070516,6089.0,20070516,394,217,306,0,2.8600707,75.0
16345,1.0,B,40.519592,-122.461742,6,20070604,20070604,6089.0,20070604,394,217,306,0,2.1446261000000004,75.0
16346,0.2,A,40.60055,-122.456669,6,20020610,20020610,6089.0,20020610,317,144,233,0,3.519454,0.0
16347,0.1,A,40.4963,-122.369575,6,20070208,20070208,6089.0,20070208,394,217,306,0,3.707433,97.0
16348,0.5,B,40.686681,-122.37086,6,20090621,20090621,6089.0,20090621,394,217,306,0,4.579608,179.0
16349,0.1,A,41.04666667,-121.73305556,6,20090727,20090727,6089.0,20090727,394,217,306,0,1.1562374,129.0
16350,0.5,B,40.83638889,-121.46916667,6,20090527,20090527,6089.0,20090527,394,217,306,0,1.9553233,223.0
16351,0.25,A,40.76888889,-122.35222222,6,20070613,20070613,6089.0,20070613,394,217,306,0,3.2146225,68.0
16352,0.3,B,40.686931,-122.135739,6,20030614,20030614,6089.0,20030614,322,156,239,0,2.3360023,86.0
16353,0.1,A,40.538731,-122.514969,6,20040517,20040517,6089.0,20040517,228,133,183,137,2.2638464,136.0
16354,2.0,B,40.483869,-122.228169,6,19990818,19990818,6089.0,19990818,333,133,233,0,3.2673035,0.0
16355,6.0,B,40.5113,-122.533189,6,20020914,20020914,6089.0,20020914,344,133,239,0,1.1401807,0.0
16356,5.0,B,40.481311,-122.416869,6,20040515,20040515,6089.0,20040515,300,161,233,0,3.0098038,136.0
16357,0.1,A,40.608628,-122.496086,6,20071106,20071106,6089.0,20071106,394,217,306,0,1.5749272,61.5
16358,0.1,A,40.60222222,-121.52666667,6,20070126,20070126,6089.0,20070126,394,217,306,0,1.9187987,104.0
16359,2.0,B,40.89694444,-121.34444444,6,20061001,20061001,6089.0,20061001,394,217,306,0,1.0198033000000002,48.5
16360,1.1,A,40.986089,-121.441731,6,19990818,19990818,6089.0,19990818,333,133,233,0,3.2673035,0.0
16361,0.1,A,40.497869,-122.342561,6,20020831,20020831,6089.0,20020831,372,189,283,0,1.9436513,0.0
16362,1.0,B,40.74485,-122.060119,6,20030728,20030728,6089.0,20030728,450,211,333,0,1.5621738,112.0
16363,0.1,A,40.628331,-122.401781,6,20040519,20040519,6089.0,20040519,272,128,200,0,2.1631658,136.0
16364,0.1,A,40.672781,-122.097231,6,20040509,20040509,6089.0,20040509,267,78,172,66,2.6701622000000005,136.0
16365,0.75,B,40.885,-122.38333333,6,20060823,20060823,6089.0,20060823,394,217,306,0,2.5673687000000003,55.5
16366,0.2,A,40.497869,-122.342561,6,20020228,20020228,6089.0,20020228,217,83,150,0,3.1484163,0.0
16367,0.1,A,40.491044,-122.350919,6,20071108,20071108,6089.0,20071108,394,217,306,0,1.470552,61.5
16368,1.0,B,40.7525,-122.11861111,6,20080622,20080623,6089.0,20080622,394,217,306,0,1.9058897,74.0
16369,0.5,B,40.885,-122.38333333,6,20060823,20060823,6089.0,20060823,394,217,306,0,2.5673687000000003,55.5
16370,1.1,B,40.709686,-122.344225,6,20071108,20071108,6089.0,20071108,394,217,306,0,1.470552,61.5
16371,0.25,A,40.68361111,-121.48055556,6,20090527,20090528,6089.0,20090527,394,217,306,0,1.9553233,223.0
16372,12.0,C,40.556908,-121.982814,6,20071010,20071010,6089.0,20071010,394,217,306,0,3.8013225,86.0
16373,0.1,A,40.85138889,-122.335,6,20060617,20060617,6089.0,20060617,394,217,306,0,2.9079869,118.5
16374,47.0,C,40.6442,-122.4586,6,20060917,20060917,6089.0,20060917,394,217,306,0,1.7340391,48.5
16375,0.1,A,40.846139,-121.922769,6,20020304,20020304,6089.0,20020304,189,11,100,0,1.1682458,0.0
16376,0.1,A,40.497869,-122.342561,6,20040430,20040430,6089.0,20040430,311,78,194,0,1.2093368,97.0
16377,0.1,A,41.0003,-121.494311,6,20030619,20030619,6089.0,20030619,317,172,244,0,4.6281376,86.0
16378,0.1,A,40.85138889,-122.335,6,20060617,20060617,6089.0,20060617,394,217,306,0,2.9079869,118.5
16379,15.0,C,40.4115,-122.1511,6,19990814,19990814,6089.0,19990814,317,156,239,0,2.9472954,0.0
16380,0.2,A,40.730911,-122.2696,6,20040519,20040519,6089.0,20040519,272,128,200,0,2.1631658,136.0
16381,0.1,A,40.90027778,-122.38055556,6,20070607,20070607,6089.0,20070607,394,217,306,0,2.401327,68.0
16382,0.5,B,40.629369,-122.457169,6,20000318,20000318,6089.0,20000318,250,83,167,0,0.8627869,0.0
16383,0.1,A,40.514156,-122.031567,6,20070207,20070207,6089.0,20070207,394,217,306,0,3.3559709000000004,97.0
16384,0.1,A,40.78,-122.32083333,6,20071101,20071101,6089.0,20071101,394,217,306,0,1.3315052,86.0
16385,34.0,C,40.512089,-122.55185,6,20040610,20040610,6089.0,20040610,278,144,211,0,3.0680382,136.0
16386,2.0,B,40.78166667,-122.33305556,6,20080622,20080622,6089.0,20080622,394,217,306,0,1.9058897,74.0
16387,2.1,A,40.512089,-122.55185,6,20040610,20040610,6089.0,20040610,278,144,211,0,3.0680382,136.0
16388,0.1,A,41.108808,-121.562358,6,20060515,20060515,6089.0,20060515,394,217,306,0,1.2156467,118.5
16389,11.0,C,40.512089,-122.55185,6,20040610,20040610,6089.0,20040610,278,144,211,0,3.0680382,136.0
16390,10.0,C,40.364211,-122.881206,6,20060806,20060806,6089.0,20060806,394,217,306,0,2.5932548,55.5
16391,1.2,B,40.76777778,-122.30194444,6,20070204,20070204,6089.0,20070204,394,217,306,0,3.30341,104.0
16392,0.1,A,40.550867,-122.453575,6,20070601,20070601,6089.0,20070601,394,217,306,0,1.9992255,75.0
16393,0.1,A,40.585361,-122.475411,6,19990820,19990820,6089.0,19990820,361,150,256,0,3.0363789,0.0
16394,1.0,B,40.489958,-122.366356,6,20070204,20070204,6089.0,20070204,394,217,306,0,3.30341,104.0
16395,0.1,A,40.85138889,-122.335,6,20060617,20060617,6089.0,20060617,394,217,306,0,2.9079869,118.5
16396,0.1,A,40.693306,-122.108636,6,20070609,20070609,6089.0,20070609,394,217,306,0,2.1759863,68.0
16397,0.25,A,40.855,-121.44611111,6,20070613,20070613,6089.0,20070613,394,217,306,0,3.2146225,68.0
16398,0.1,A,40.538061,-121.79375,6,20001024,20001024,6089.0,20001024,228,44,139,0,1.1035479,0.0
16399,0.1,A,40.86333333,-121.30722222,6,20090527,20090527,6089.0,20090527,394,217,306,0,1.9553233,223.0
16400,0.5,B,40.480889,-122.473439,6,20000603,20000603,6089.0,20000603,344,117,233,0,0.98087513,0.0
16401,0.1,A,40.495539,-122.399281,6,20040531,20040531,6089.0,20040531,339,139,239,0,2.4520304,136.0
16402,0.1,A,40.80222222,-122.28527778,6,20070705,20070706,6089.0,20070705,394,217,306,0,0.8732028000000001,72.5
16403,12.0,C,40.701981,-122.269539,6,19990719,19990719,6089.0,19990719,328,139,233,0,2.5703187,0.0
16404,0.1,A,40.83305556,-121.50666667,6,20070201,20070201,6089.0,20070201,394,217,306,0,0.951312,104.0
16405,1.0,B,40.505508,-122.338222,6,20070625,20070625,6089.0,20070625,394,217,306,0,2.6012213,68.0
16406,0.25,A,40.69916667,-121.51638889,6,20080313,20080313,6089.0,20080313,394,217,306,0,3.9702027,80.5
16407,1.0,B,40.823417,-121.931367,6,20070129,20070129,6089.0,20070129,394,217,306,0,2.1318900000000003,104.0
16408,1.0,B,40.717011,-122.40255,6,20040524,20040524,6089.0,20040524,289,117,206,0,2.0181432,136.0
16409,2.0,B,40.643119,-122.4018,6,20030613,20030613,6089.0,20030613,300,161,233,0,2.6172569,86.0
16410,0.1,A,40.85083333,-122.335,6,20060617,20060617,6089.0,20060617,394,217,306,0,2.9079869,118.5
16411,0.1,A,40.96405,-121.583261,6,19990820,19990820,6089.0,19990820,361,150,256,0,3.0363789,0.0
16412,8.5,B,40.95027778,-122.43333333,6,20070817,20070817,6089.0,20070817,394,217,306,0,2.5164487,49.5
16413,0.1,A,40.687969,-122.059711,6,19990921,19990921,6089.0,19990921,361,150,256,0,1.0024415,0.0
16414,0.1,A,40.643119,-122.4018,6,20030622,20030622,6089.0,20030622,306,178,244,0,3.4262073,86.0
16415,2.0,B,40.74665,-121.775431,6,20040317,20040317,6089.0,20040317,311,94,206,0,2.1411169,97.0
16416,1.0,B,40.585361,-122.475411,6,20040316,20040316,6089.0,20040316,294,128,211,0,2.0664957,97.0
16417,12.0,C,40.5919,-122.4617,6,20080702,20080702,6089.0,20080702,394,217,306,0,2.0945942,74.0
16418,0.1,A,40.863331,-121.546919,6,19970728,19970728,6089.0,19970728,0,0,0,0,2.1916504,0.0
16419,0.1,A,40.702019,-122.346239,6,20000527,20000527,6089.0,20000527,317,144,233,0,2.119101,0.0
16420,0.1,A,40.485219,-122.359392,6,20071120,20071120,6089.0,20071120,394,217,306,0,2.635034,61.5
16421,0.1,A,40.665,-121.45638889,6,20080515,20080515,6089.0,20080515,394,217,306,0,5.01998,66.5
16422,2.0,B,40.4999,-122.3778,6,20000527,20000527,6089.0,20000527,317,144,233,0,2.119101,0.0
16423,0.5,B,40.397,-122.20815,6,20010311,20010311,6089.0,20010311,211,67,139,0,3.2889729,0.0
16424,0.1,A,40.66944444,-121.45361111,6,20090602,20090602,6089.0,20090602,394,217,306,0,1.566045,223.0
16425,0.1,A,40.501622,-121.994367,6,20060525,20060525,6089.0,20060525,394,217,306,0,2.1931686000000004,118.5
16426,0.1,A,41.16833333,-121.83388889,6,20060928,20060930,6089.0,20060928,394,217,306,0,0.55227137,48.5
16427,0.4,B,40.9139,-121.52,6,20090529,20090529,6089.0,20090529,394,217,306,0,1.957393,223.0
16428,0.1,A,40.935211,-121.602431,6,20020508,20020508,6089.0,20020508,261,94,178,0,2.0554814,0.0
16429,145.0,D,40.9768,-121.5685,6,20080702,20080705,6089.0,20080702,394,217,306,0,2.0945942,74.0
16430,3.0,B,40.906389,-121.546711,6,19970811,19970811,6089.0,19970811,0,0,0,0,2.5260496,0.0
16431,0.1,A,40.672839,-122.420539,6,20020719,20020719,6089.0,20020719,383,189,289,0,2.5446522000000003,0.0
16432,0.1,A,40.568917,-122.443289,6,20071122,20071122,6089.0,20071122,394,217,306,0,2.4221637,61.5
16433,0.5,B,40.483839,-122.246319,6,20000521,20000521,6089.0,20000521,378,194,289,0,2.3122423,0.0
16434,0.2,A,40.480889,-122.473439,6,20020512,20020512,6089.0,20020512,300,78,189,0,1.8653208,0.0
16435,1.0,B,40.51015,-122.399619,6,19990625,19990625,6089.0,19990625,317,139,228,0,3.084488,0.0
16436,1.0,B,40.701981,-122.269539,6,20020515,20020515,6089.0,20020515,300,122,211,0,3.6962795,0.0
16437,0.5,B,40.618433,-122.476672,6,20070602,20070602,6089.0,20070602,394,217,306,0,2.9277008,75.0
16438,0.5,B,40.846139,-121.922769,6,20031124,20031124,6089.0,20031124,144,0,72,0,1.6194195,80.0
16439,0.1,A,40.66888889,-121.41805556,6,20060525,20060525,6089.0,20060525,394,217,306,0,2.1931686000000004,118.5
16440,0.1,A,41.015169,-121.379231,6,19990810,19990810,6089.0,19990810,283,178,233,58,3.661822,0.0
16441,0.3,B,40.84575,-121.960831,6,20031112,20031112,6089.0,20031112,222,83,156,0,4.06355,80.0
16442,0.1,A,40.506722,-121.81235,6,20070602,20070602,6089.0,20070602,394,217,306,0,2.9277008,75.0
16443,100.0,D,40.476447,-122.241339,6,20060526,20060526,6089.0,20060526,394,217,306,0,2.8817406,118.5
16444,0.1,A,40.498661,-121.974072,6,20070122,20070122,6089.0,20070122,394,217,306,0,2.9731007000000003,104.0
16445,1.0,B,40.503089,-122.337039,6,20070614,20070614,6089.0,20070614,394,217,306,0,3.8167212,68.0
16446,0.1,A,40.543344,-122.455044,6,20070602,20070602,6089.0,20070602,394,217,306,0,2.9277008,75.0
16447,0.5,B,40.643119,-122.4018,6,20040317,20040317,6089.0,20040317,311,94,206,0,2.1411169,97.0
16448,0.1,A,40.90805556,-122.38333333,6,20080421,20080421,6089.0,20080421,394,217,306,0,2.3321486,86.0
16449,0.1,A,40.51015,-122.399619,6,20040424,20040424,6089.0,20040424,300,167,233,0,3.0253792,97.0
16450,0.1,A,40.589853,-122.460825,6,20070614,20070614,6089.0,20070614,394,217,306,0,3.8167212,68.0
16451,2.0,B,40.509183,-122.446903,6,20060723,20060723,6089.0,20060723,394,217,306,0,1.5515825,106.0
16452,0.5,B,40.5857,-122.456,6,20020330,20020330,6089.0,20020330,300,106,206,0,1.4483742,0.0
16453,1.0,B,40.5857,-122.456,6,20030622,20030622,6089.0,20030622,306,178,244,0,3.4262073,86.0
16454,0.1,A,40.614181,-122.421289,6,19990718,19990718,6089.0,19990718,344,139,244,0,1.3230993999999998,0.0
16455,0.1,A,41.066519,-121.724231,6,20030622,20030622,6089.0,20030622,306,178,244,0,3.4262073,86.0
16456,2750.0,F,40.9125,-121.34166667,6,20080621,20080701,6089.0,20080621,394,217,306,0,1.4557829,74.0
16457,0.1,A,40.508872,-121.818239,6,20071113,20071113,6089.0,20071113,394,217,306,0,0.6053161,61.5
16458,1.0,B,40.614844,-122.460364,6,20070606,20070606,6089.0,20070606,394,217,306,0,3.0345354,68.0
16459,0.1,A,40.96405,-121.583261,6,20030622,20030622,6089.0,20030622,306,178,244,0,3.4262073,86.0
16460,1.0,B,40.961981,-121.578981,6,20071114,20071114,6089.0,20071114,394,217,306,0,2.7733355,61.5
16461,0.1,A,40.687019,-122.154889,6,20040411,20040411,6089.0,20040411,294,72,183,0,2.9774130000000003,97.0
16462,0.1,A,40.483969,-122.264661,6,20000601,20000601,6089.0,20000601,328,111,222,0,0.96606934,0.0
16463,0.1,A,40.468381,-121.870789,6,20040321,20040321,6089.0,20040321,294,78,189,0,0.9751413,97.0
16464,0.6,B,40.672919,-122.231281,6,20020407,20020407,6089.0,20020407,261,67,167,0,1.7104942,0.0
16465,0.1,A,40.643119,-122.4018,6,20030622,20030622,6089.0,20030622,306,178,244,0,3.4262073,86.0
16466,41.0,C,40.81944444,-121.43666667,6,20060723,20060723,6089.0,20060723,394,217,306,0,1.5515825,106.0
16467,1.0,B,40.964861,-121.567819,6,20071115,20071115,6089.0,20071115,394,217,306,0,2.3872426,61.5
16468,0.1,A,40.483969,-122.264661,6,19991225,19991225,6089.0,19991225,222,6,117,0,4.5915647,0.0
16469,1.0,B,40.481111,-122.454819,6,20020910,20020911,6089.0,20020910,361,122,244,0,0.84899205,0.0
16470,0.1,A,40.614181,-122.421289,6,20020414,20020414,6089.0,20020414,267,100,183,0,3.0645366000000003,0.0
16471,0.1,A,40.45355,-121.851611,6,20040331,20040331,6089.0,20040331,200,83,144,0,3.0805838,97.0
16472,0.1,A,40.658361,-122.402489,6,19990715,19990715,6089.0,19990715,344,183,267,0,1.6589528000000002,0.0
16473,0.1,A,40.53905,-122.456189,6,20001118,20001118,6089.0,20001118,133,-28,56,0,3.0363789,0.0
16474,0.1,A,40.672881,-122.2121,6,20020421,20020421,6089.0,20020421,250,61,156,0,0.45705312,0.0
16475,1.2,A,40.538061,-121.79375,6,20020721,20020721,6089.0,20020721,389,217,306,0,1.6972918999999995,0.0
16476,2.0,B,40.658361,-122.402489,6,19990623,19990623,6089.0,19990623,406,250,328,0,2.3476975,0.0
16477,0.1,A,40.483119,-121.964889,6,20040321,20040321,6089.0,20040321,294,78,189,0,0.9751413,97.0
16478,0.1,A,40.60055,-122.456669,6,20020407,20020407,6089.0,20020407,261,67,167,0,1.7104942,0.0
16479,0.1,A,40.512089,-122.55185,6,20000903,20000903,6089.0,20000903,233,133,183,23,1.03581,0.0
16480,100.0,D,40.6565,-121.8478,6,20020903,20020903,6089.0,20020903,350,161,256,0,2.514538,0.0
16481,0.1,A,40.5113,-122.533189,6,19991103,19991103,6089.0,19991103,256,67,161,0,0.7844730999999999,0.0
16482,6.0,B,40.3931,-122.135,6,20060703,20060703,6089.0,20060703,394,217,306,0,2.3730583,118.5
16483,0.1,A,40.86833333,-122.3675,6,20070805,20070805,6089.0,20070805,394,217,306,0,2.1598434,49.5
16484,96.0,C,40.365131,-122.868569,6,20010705,20010705,6089.0,20010705,394,211,306,0,2.2856085,0.0
16485,2.0,B,40.353333,-122.923333,6,20060626,20060626,6089.0,20060626,394,217,306,0,0.50990313,118.5
16486,0.1,A,40.579003,-122.467097,6,20070405,20070405,6089.0,20070405,394,217,306,0,0.91809946,82.0
16487,0.1,A,40.628331,-122.401781,6,19980824,19980824,6089.0,19980824,367,139,256,0,2.141891,0.0
16488,0.1,A,40.613889,-122.49485,6,19981226,19981226,6089.0,19981226,150,17,133,0,2.4240444,0.0
16489,1.0,B,40.495419,-122.419869,6,20010603,20010603,6089.0,20010603,256,128,194,0,4.4171510000000005,0.0
16490,0.1,A,40.629369,-122.457169,6,19981228,19981228,6089.0,19981228,117,22,106,0,3.707773,0.0
16491,0.1,A,40.614844,-122.460364,6,20050921,20050921,6089.0,20050921,394,217,306,0,1.653037,51.0
16492,0.1,A,40.499139,-122.003089,6,20000817,20000817,6089.0,20000817,372,172,272,0,3.5853674,0.0
16493,0.2,A,40.588911,-122.483375,6,20070405,20070405,6089.0,20070405,394,217,306,0,0.91809946,82.0
16494,1.0,B,40.505508,-122.338222,6,20070527,20070527,6089.0,20070527,394,217,306,0,3.5195787000000003,75.0
16495,0.1,A,40.614931,-122.45705,6,19990104,19990104,6089.0,19990104,161,-17,72,0,3.0594099,0.0
16496,10.0,C,40.50155,-122.451889,6,20060811,20060812,6089.0,20060811,394,217,306,0,2.383041,55.5
16497,50.0,C,41.21861111,-122.68333333,6,20080817,20080817,6089.0,20080817,394,217,306,0,2.2522898,60.0
16498,0.1,A,40.978689,-121.544939,6,19990105,19990105,6089.0,19990105,150,-22,67,0,2.0905945,0.0
16499,0.1,A,40.84361111,-121.43583333,6,20090228,20090301,6089.0,20090228,394,217,306,0,4.203871299999999,90.0
16500,0.1,A,40.628919,-122.51335,6,20010704,20010704,6089.0,20010704,394,228,311,0,2.173128,0.0
16501,0.1,A,40.628781,-122.439539,6,20000817,20000817,6089.0,20000817,372,172,272,0,3.5853674,0.0
16502,1.0,B,40.731331,-122.607561,6,19990105,19990105,6089.0,19990105,150,-22,67,0,2.0905945,0.0
16503,0.1,A,40.831269,-121.924419,6,19990107,19990107,6089.0,19990107,106,0,56,0,1.4869053,0.0
16504,0.1,A,40.4994,-122.5022,6,20060704,20060704,6089.0,20060704,394,217,306,0,2.381034,118.5
16505,0.1,A,40.523581,-121.79395,6,19980720,19980720,6089.0,19980720,400,217,311,0,1.2123559,0.0
16506,0.1,A,40.495539,-122.438539,6,19990108,19990108,6089.0,19990108,206,67,139,0,2.5104825,0.0
16507,2.0,B,40.361347,-122.887722,6,20070727,20070727,6089.0,20070727,394,217,306,0,2.226974,103.0
16508,0.1,A,40.478067,-122.435864,6,20070911,20070911,6089.0,20070911,394,217,306,0,0.23409577,48.0
16509,1.0,B,40.614181,-122.421289,6,19980821,19980821,6089.0,19980821,328,128,228,0,2.5221007,0.0
16510,0.3,B,41.101931,-121.437219,6,19990825,19990825,6089.0,19990825,411,178,294,0,1.7846593000000002,0.0
16511,0.1,A,40.585094,-122.463625,6,20070406,20070406,6089.0,20070406,394,217,306,0,0.48051983,82.0
16512,0.5,B,40.483969,-122.264661,6,20000816,20000816,6089.0,20000816,389,156,272,0,3.2339585,0.0
16513,2.0,B,40.505531,-122.333583,6,20050715,20050715,6089.0,20050715,422,239,333,0,1.3471862,84.0
16514,3.0,B,40.6732,-122.5695,6,20000808,20000808,6089.0,20000808,350,167,261,0,2.426372,0.0
16515,0.8,B,41.11805556,-122.10138889,6,20060626,20060627,6089.0,20060626,394,217,306,0,0.50990313,118.5
16516,0.3,B,40.50155,-122.451889,6,20070906,20070907,6089.0,20070906,394,217,306,0,2.695336,48.0
16517,1.0,B,40.91888889,-122.41694444,6,20060810,20060811,6089.0,20060810,394,217,306,0,2.3430302000000003,55.5
16518,3.0,B,40.68406,-122.78508,6,20080621,20080621,6089.0,20080621,394,217,306,0,1.4557829,74.0
16519,12.1,A,41.14694444,-121.49861111,6,20070906,20070906,6089.0,20070906,394,217,306,0,2.695336,48.0
16520,0.1,A,40.68555556,-121.43166667,6,20060802,20060803,6089.0,20060802,394,217,306,0,2.7118943,106.0
16521,8.0,B,40.49545,-122.495289,6,19990904,19990904,6089.0,19990904,356,133,244,0,1.4926443,0.0
16522,1.5,B,40.481111,-122.454819,6,20020928,20020928,6089.0,20020928,278,94,189,0,0.57384604,0.0
16523,2.0,B,40.5113,-122.533189,6,20010708,20010708,6089.0,20010708,378,167,272,0,1.8191519,0.0
16524,0.5,B,40.84,-122.25333333,6,20080621,20080622,6089.0,20080621,394,217,306,0,1.4557829,74.0
16525,2.0,B,40.515217,-122.074458,6,20050722,20050722,6089.0,20050722,367,172,272,0,1.9836646,117.0
16526,0.1,A,40.608644,-122.491156,6,20070331,20070331,6089.0,20070331,394,217,306,0,1.6850553,98.0
16527,0.1,A,40.7161,-122.042672,6,20050722,20050722,6089.0,20050722,367,172,272,0,1.9836646,117.0
16528,4.0,B,40.495669,-122.476589,6,19981019,19981019,6089.0,19981019,294,183,239,0,3.6791563,0.0
16529,0.1,A,40.614181,-122.421289,6,20000816,20000816,6089.0,20000816,389,156,272,0,3.2339585,0.0
16530,0.1,A,41.145503,-121.532192,6,20050917,20050917,6089.0,20050917,394,217,306,0,1.7340391,51.0
16531,0.1,A,40.95111111,-121.58472222,6,20070805,20070805,6089.0,20070805,394,217,306,0,2.1598434,49.5
16532,1.0,B,40.554911,-122.552319,6,20000909,20000909,6089.0,20000909,311,161,239,0,2.0703783,0.0
16533,1.0,B,40.481311,-122.416869,6,19981027,19981027,6089.0,19981027,206,78,144,0,1.4905425,0.0
16534,40.0,C,41.043611,-121.494489,6,19980825,19980825,6089.0,19980825,344,150,250,0,2.2532265,0.0
16535,0.1,A,41.102139,-121.571681,6,19990825,19990825,6089.0,19990825,411,178,294,0,1.7846593000000002,0.0
16536,0.1,A,40.60055,-122.456669,6,19980722,19980722,6089.0,19980722,322,206,267,30,1.780173,0.0
16537,0.1,A,40.497869,-122.342561,6,20021021,20021021,6089.0,20021021,267,128,200,0,2.923228,0.0
16538,0.1,A,40.614931,-122.45705,6,20010716,20010716,6089.0,20010716,278,167,222,0,3.1590476,0.0
16539,1.0,B,40.495361,-122.514619,6,20010604,20010604,6089.0,20010604,294,150,222,0,1.9043602,0.0
16540,5.0,B,40.85027778,-122.26694444,6,20080621,20080623,6089.0,20080621,394,217,306,0,1.4557829,74.0
16541,0.5,B,40.84361111,-122.32888889,6,20090815,20090816,6089.0,20090815,394,217,306,0,2.9408984,53.5
16542,0.1,A,41.131461,-121.398589,6,20000808,20000809,6089.0,20000808,350,167,261,0,2.426372,0.0
16543,0.1,A,40.577008,-122.480158,6,20070911,20070911,6089.0,20070911,394,217,306,0,0.23409577,48.0
16544,0.1,A,40.553239,-122.4551,6,20020805,20020805,6089.0,20020805,306,128,217,0,2.9761763,0.0
16545,0.1,A,40.469953,-122.242628,6,20050923,20050923,6089.0,20050923,394,217,306,0,3.0842295,51.0
16546,0.1,A,40.86722222,-122.28416667,6,20060210,20060210,6089.0,20060210,394,217,306,0,4.6738870000000015,109.0
16547,0.1,A,40.53416667,-121.61916667,6,20090810,20090810,6089.0,20090810,394,217,306,0,2.6379724,53.5
16548,1.0,B,40.765,-122.5672,6,20090316,20090316,6089.0,20090316,394,217,306,0,5.9288654,97.0
16549,0.2,A,40.5282,-122.4161,6,20010724,20010724,6089.0,20010724,422,183,306,0,3.016644,0.0
16550,0.1,A,40.497869,-122.342561,6,20010702,20010702,6089.0,20010702,417,183,300,0,1.8292359,0.0
16551,24.0,C,40.524081,-122.419161,6,20010724,20010724,6089.0,20010724,422,183,306,0,3.016644,0.0
16552,0.1,A,40.480889,-122.473439,6,19991019,19991019,6089.0,19991019,278,50,167,0,1.7057830000000005,0.0
16553,1.0,B,40.65375,-122.461753,6,20070529,20070529,6089.0,20070529,394,217,306,0,1.0199926,75.0
16554,0.1,A,40.78583333,-121.50194444,6,20090321,20090321,6089.0,20090321,394,217,306,0,1.7691808,97.0
16555,0.1,A,40.497869,-122.342561,6,20020730,20020730,6089.0,20020730,383,206,294,0,2.5073588,0.0
16556,0.1,A,40.487978,-122.003139,6,20050629,20050629,6089.0,20050629,372,172,272,0,2.1810298,14.0
16557,1.0,B,40.512661,-122.343031,6,20020730,20020730,6089.0,20020730,383,206,294,0,2.5073588,0.0
16558,0.1,A,40.723556,-122.022836,6,20050628,20050628,6089.0,20050628,333,172,256,0,2.7679956000000003,14.0
16559,0.2,A,40.523581,-121.79395,6,19980720,19980720,6089.0,19980720,400,217,311,0,1.2123559,0.0
16560,0.1,A,40.72027778,-121.43555556,6,20060706,20060706,6089.0,20060706,394,217,306,0,3.7511017,86.5
16561,2.0,B,40.4865,-122.0294,6,20050626,20050626,6089.0,20050626,311,156,233,0,2.4189668,14.0
16562,0.1,A,40.978581,-121.564011,6,20020925,20020930,6089.0,20020925,367,150,261,0,1.2191807,0.0
16563,2580.0,F,40.495539,-122.399281,6,19990926,19990928,6089.0,19990926,333,211,272,0,4.2977724,0.0
16564,2.1,B,40.5067,-122.375,6,20070621,20070621,6089.0,20070621,394,217,306,0,2.7129982000000004,68.0
16565,9.6,B,40.76833333,-122.31666667,6,20070725,20070725,6089.0,20070725,394,217,306,0,1.9358276,103.0
16566,0.1,A,40.524019,-121.812511,6,19980720,19980720,6089.0,19980720,400,217,311,0,1.2123559,0.0
16567,0.01,A,41.15194444,-122.36944444,6,20080907,20080907,6089.0,20080907,394,217,306,0,0.72200435,73.0
16568,0.1,A,40.604428,-122.457519,6,20050623,20050623,6089.0,20050623,333,133,233,0,2.1505754,14.0
16569,3.0,B,40.506458,-122.001469,6,20060809,20060809,6089.0,20060809,394,217,306,0,2.2032673,55.5
16570,0.1,A,40.85166667,-122.51833333,6,20080621,20080621,6089.0,20080621,394,217,306,0,1.4557829,74.0
16571,343.0,E,40.84638889,-122.36472222,6,20080907,20080914,6089.0,20080907,394,217,306,0,0.72200435,73.0
16572,0.5,B,40.787319,-121.97975,6,19980720,19980720,6089.0,19980720,400,217,311,0,1.2123559,0.0
16573,0.1,A,40.7183,-122.419781,6,20000802,20000802,6089.0,20000802,417,222,322,0,2.356966,0.0
16574,15.0,C,40.49545,-122.495289,6,19990904,19990904,6089.0,19990904,356,133,244,0,1.4926443,0.0
16575,0.1,A,40.568117,-122.441397,6,20070323,20070323,6089.0,20070323,394,217,306,0,1.3173475,98.0
16576,0.1,A,40.639089,-122.731169,6,20050625,20050625,6089.0,20050625,306,161,233,0,2.6273417,14.0
16577,0.25,A,40.85083333,-122.33472222,6,20060816,20060816,6089.0,20060816,394,217,306,0,2.9160564,55.5
16578,0.1,A,40.67111111,-121.42166667,6,20090924,20090924,6089.0,20090924,394,217,306,0,0.7905627,77.0
16579,0.1,A,40.495539,-122.399281,6,20010703,20010703,6089.0,20010703,406,217,311,0,1.3395917,0.0
16580,0.1,A,40.614931,-122.45705,6,20010718,20010718,6089.0,20010718,333,167,250,0,2.4157126,0.0
16581,2.0,B,40.686781,-122.1168,6,20010719,20010719,6089.0,20010719,322,178,250,0,1.9050738,0.0
16582,0.2,A,40.604383,-122.5023,6,20050924,20050924,6089.0,20050924,394,217,306,0,3.8206449,51.0
16583,0.1,A,40.523581,-121.79395,6,20000807,20000808,6089.0,20000807,356,183,272,0,2.2719975,0.0
16584,0.1,A,41.043611,-121.630556,6,20070522,20070522,6089.0,20070522,394,217,306,0,4.091605,75.0
16585,0.1,A,40.7022,-122.30775,6,20010603,20010603,6089.0,20010603,256,128,194,0,4.4171510000000005,0.0
16586,0.5,B,41.15083333,-122.20027778,6,20060626,20060628,6089.0,20060626,394,217,306,0,0.50990313,118.5
16587,1.0,B,40.489792,-122.550028,6,20050924,20050924,6089.0,20050924,394,217,306,0,3.8206449,51.0
16588,0.1,A,40.6449,-122.4561,6,20010720,20010720,6089.0,20010720,300,167,233,0,3.306432,0.0
16589,0.2,A,40.6514,-122.4172,6,20060704,20060704,6089.0,20060704,394,217,306,0,2.381034,118.5
16590,0.1,A,40.523581,-121.79395,6,19980720,19980720,6089.0,19980720,400,217,311,0,1.2123559,0.0
16591,2.0,B,40.51025,-122.457181,6,20010603,20010603,6089.0,20010603,256,128,194,0,4.4171510000000005,0.0
16592,0.1,A,40.523581,-121.79395,6,19980720,19980720,6089.0,19980720,400,217,311,0,1.2123559,0.0
16593,0.1,A,40.69666667,-121.42472222,6,20070806,20070806,6089.0,20070806,394,217,306,0,2.9378486,49.5
16594,0.1,A,40.838367,-121.925964,6,20060209,20060209,6089.0,20060209,394,217,306,0,5.0516763,109.0
16595,0.5,B,40.475792,-122.491228,6,20070912,20070912,6089.0,20070912,394,217,306,0,2.1323514,48.0
16596,0.1,A,40.621639,-122.434228,6,20050704,20050704,6089.0,20050704,383,189,289,0,2.5010848,14.0
16597,0.1,A,40.585361,-122.475411,6,20000806,20000806,6089.0,20000806,400,183,294,0,3.4406078,0.0
16598,0.01,A,40.89277778,-122.38277778,6,20080906,20080906,6089.0,20080906,394,217,306,0,1.6759738999999998,73.0
16599,0.1,A,40.493189,-122.367486,6,20070425,20070425,6089.0,20070425,394,217,306,0,2.6215403,82.0
16600,0.1,A,40.512661,-122.343031,6,20010723,20010723,6089.0,20010723,400,172,289,0,3.3600602,0.0
16601,0.1,A,40.727358,-122.077536,6,20060705,20060705,6089.0,20060705,394,217,306,0,3.1126156000000003,86.5
16602,0.1,A,40.5857,-122.456,6,19990912,19990912,6089.0,19990912,372,122,250,0,1.4417031,0.0
16603,0.1,A,40.658361,-122.402489,6,20010612,20010612,6089.0,20010612,283,161,222,0,3.4722497000000003,0.0
16604,0.1,A,40.646011,-122.718361,6,19990825,19990825,6089.0,19990825,411,178,294,0,1.7846593000000002,0.0
16605,4.0,B,40.532364,-122.474917,6,20050702,20050702,6089.0,20050702,378,178,278,0,2.3396177,14.0
16606,0.1,A,40.614619,-122.4755,6,19980816,19980816,6089.0,19980816,356,189,272,0,2.9784534,0.0
16607,0.5,B,40.614931,-122.45705,6,20020730,20020730,6089.0,20020730,383,206,294,0,2.5073588,0.0
16608,0.1,A,40.514639,-122.339292,6,20070806,20070806,6089.0,20070806,394,217,306,0,2.9378486,49.5
16609,2.0,B,40.512661,-122.343031,6,19980816,19980816,6089.0,19980816,356,189,272,0,2.9784534,0.0
16610,0.1,A,40.505506,-122.338036,6,20070628,20070628,6089.0,20070628,394,217,306,0,2.0573137,68.0
16611,0.1,A,40.469917,-122.244892,6,20050723,20050723,6089.0,20050723,411,172,294,0,1.8580877,117.0
16612,15.0,C,40.42658,-122.07422,6,20080621,20080621,6089.0,20080621,394,217,306,0,1.4557829,74.0
16613,0.25,A,40.58416667,-121.65138889,6,20070905,20070905,6089.0,20070905,394,217,306,0,4.1505256,48.0
16614,0.1,A,40.5113,-122.533189,6,19980912,19980912,6089.0,19980912,372,206,289,0,2.3793242,0.0
16615,2.0,B,40.5139,-122.3775,6,20080825,20080826,6089.0,20080825,394,217,306,0,2.8131979,77.0
16616,0.1,A,40.520669,-121.793144,6,20050819,20050819,6089.0,20050819,394,217,306,0,2.2810693,59.0
16617,0.1,A,40.52465,-121.831239,6,20010711,20010711,6089.0,20010711,333,200,267,0,2.1031914,0.0
16618,1.0,B,40.5394,-122.476031,6,19980913,19980913,6089.0,19980913,389,189,289,0,1.4849851,0.0
16619,3.0,B,40.974028,-121.434053,6,20050818,20050818,6089.0,20050818,394,217,306,0,1.6007873,59.0
16620,1.0,B,40.7451,-122.019169,6,19990828,19990828,6089.0,19990828,383,189,289,0,2.7115502,0.0
16621,0.1,A,40.497869,-122.342561,6,19980913,19980913,6089.0,19980913,389,189,289,0,1.4849851,0.0
16622,0.1,A,40.731169,-122.365889,6,19990827,19990828,6089.0,19990827,333,228,283,0,2.5228596000000003,0.0
16623,29.0,C,40.4667,-122.7353,6,20090107,20090108,6089.0,20090107,394,217,306,0,2.2049517999999995,90.0
16624,66.0,C,40.4186,-122.1397,6,20080621,20080621,6089.0,20080621,394,217,306,0,1.4557829,74.0
16625,0.1,A,40.505508,-122.338222,6,20060629,20060629,6089.0,20060629,394,217,306,0,1.6807741000000005,118.5
16626,0.1,A,40.78472222,-122.31777778,6,20070708,20070708,6089.0,20070708,394,217,306,0,3.284414,72.5
16627,1.0,B,40.570919,-121.963731,6,20010711,20010711,6089.0,20010711,333,200,267,0,2.1031914,0.0
16628,0.1,A,40.614931,-122.45705,6,19980912,19980912,6089.0,19980912,372,206,289,0,2.3793242,0.0
16629,0.1,A,40.80944444,-121.50388889,6,20060628,20060628,6089.0,20060628,394,217,306,0,1.2649062,118.5
16630,0.1,A,40.50155,-122.451889,6,20050813,20050813,6089.0,20050813,394,217,306,0,1.622613,59.0
16631,0.1,A,40.542308,-122.472103,6,20050812,20050812,6089.0,20050812,394,217,306,0,2.102977,59.0
16632,5.0,B,40.672981,-122.250481,6,19980916,19980916,6089.0,19980916,350,167,261,0,1.8736103,0.0
16633,2.0,B,40.701489,-122.1358,6,19980917,19980917,6089.0,19980917,306,150,228,0,2.5634592,0.0
16634,0.01,A,41.15111111,-122.30083333,6,20070525,20070525,6089.0,20070525,394,217,306,0,1.8179669,75.0
16635,0.1,A,40.495539,-122.399281,6,19980917,19980917,6089.0,19980917,306,150,228,0,2.5634592,0.0
16636,0.5,B,40.483869,-122.228169,6,20020813,20020813,6089.0,20020813,439,200,322,0,0.7955535,0.0
16637,0.1,A,40.617139,-122.461864,6,20070903,20070903,6089.0,20070903,394,217,306,0,1.9563551,88.0
16638,0.5,B,40.87055556,-121.25555556,6,20060627,20060627,6089.0,20060627,394,217,306,0,2.0742476,118.5
16639,0.1,A,40.497869,-122.342561,6,19980918,19980919,6089.0,19980918,278,133,206,0,2.2265005,0.0
16640,0.1,A,40.5113,-122.533189,6,20010611,20010611,6089.0,20010611,289,133,211,0,2.3574853,0.0
16641,0.2,A,40.5857,-122.456,6,19990930,19990930,6089.0,19990930,322,117,222,0,0.028290313,0.0
16642,0.1,A,40.584428,-122.446478,6,20070903,20070903,6089.0,20070903,394,217,306,0,1.9563551,88.0
16643,0.1,A,40.497869,-122.342561,6,20021006,20021006,6089.0,20021006,367,178,272,0,2.989916,0.0
16644,1.0,B,40.483869,-122.228169,6,20020813,20020813,6089.0,20020813,439,200,322,0,0.7955535,0.0
16645,0.1,A,40.9566,-121.3628,6,20010711,20010711,6089.0,20010711,333,200,267,0,2.1031914,0.0
16646,0.1,A,41.18222222,-122.29638889,6,20090831,20090831,6089.0,20090831,394,217,306,0,2.207383,84.0
16647,0.1,A,40.71027778,-121.325,6,20090612,20090612,6089.0,20090612,394,217,306,0,1.2369294,82.0
16648,0.5,B,40.614211,-122.439531,6,19980908,19980908,6089.0,19980908,350,206,278,0,1.8904226,0.0
16649,0.2,A,40.523581,-121.79395,6,19980906,19980906,6089.0,19980906,367,217,294,0,1.5164428,0.0
16650,0.2,A,41.087711,-121.571739,6,19980904,19980904,6089.0,19980904,394,222,311,0,1.2719315,0.0
16651,11.0,C,40.6443,-122.4617,6,20050827,20050828,6089.0,20050827,394,217,306,0,1.5368186,59.0
16652,0.1,A,40.942331,-121.359081,6,20010710,20010710,6089.0,20010710,356,211,283,0,2.0995438,0.0
16653,0.1,A,40.59777778,-121.35222222,6,20090623,20090625,6089.0,20090623,394,217,306,0,1.9305156000000003,179.0
16654,0.1,A,40.842661,-122.569669,6,19980909,19980909,6089.0,19980909,267,161,217,0,2.8178330000000003,0.0
16655,0.1,A,40.83805556,-121.21166667,6,20080828,20080828,6089.0,20080828,394,217,306,0,4.3149023,77.0
16656,0.4,B,40.508039,-121.82375,6,20060831,20060901,6089.0,20060831,394,217,306,0,2.3712409,55.5
16657,0.1,A,40.599339,-122.494939,6,19980723,19980723,6089.0,19980723,350,206,278,5,2.071844,0.0
16658,0.3,B,40.6333,-122.4583,6,20090629,20090629,6089.0,20090629,394,217,306,0,1.789105,179.0
16659,0.2,A,40.760131,-122.569569,6,19980909,19980909,6089.0,19980909,267,161,217,0,2.8178330000000003,0.0
16660,1167.0,F,40.5494,-122.75603,6,20080621,20080829,6089.0,20080621,394,217,306,0,1.4557829,74.0
16661,4.199999999999999,A,41.0149,-121.3811,6,20010711,20010711,6089.0,20010711,333,200,267,0,2.1031914,0.0
16662,10.0,C,40.846139,-121.922769,6,19990926,19990926,6089.0,19990926,333,211,272,0,4.2977724,0.0
16663,0.3,B,40.614619,-122.4755,6,19980911,19980911,6089.0,19980911,356,194,278,0,3.731171,0.0
16664,0.2,A,41.08444444,-122.21916667,6,20060628,20060628,6089.0,20060628,394,217,306,0,1.2649062,118.5
16665,40.0,C,40.961367,-121.437228,6,20050824,20050825,6089.0,20050824,394,217,306,0,0.2517934,59.0
16666,17.0,C,41.087631,-121.552819,6,19990827,19990905,6089.0,19990827,333,228,283,0,2.5228596000000003,0.0
16667,1.0,B,41.101736,-121.515664,6,20050823,20050823,6089.0,20050823,394,217,306,0,2.858835,59.0
16668,1.5,B,40.786931,-121.966619,6,20050822,20050822,6089.0,20050822,394,217,306,0,2.5882268,59.0
16669,0.1,A,41.087631,-121.552819,6,19990827,19990827,6089.0,19990827,333,228,283,0,2.5228596000000003,0.0
16670,0.1,A,40.672933,-122.370708,6,20050822,20050822,6089.0,20050822,394,217,306,0,2.5882268,59.0
16671,0.1,A,40.4813,-122.435889,6,19980912,19980912,6089.0,19980912,372,206,289,0,2.3793242,0.0
16672,0.1,A,40.704431,-122.456089,6,19980902,19980902,6089.0,19980902,444,194,322,0,1.5307509,0.0
16673,0.1,A,40.716681,-122.346369,6,19990827,19990827,6089.0,19990827,333,228,283,0,2.5228596000000003,0.0
16674,0.5,B,40.705425,-122.266247,6,20070902,20070902,6089.0,20070902,394,217,306,0,1.2211858999999998,88.0
16675,0.01,A,40.77805556,-122.29083333,6,20090613,20090613,6089.0,20090613,394,217,306,0,2.631884,82.0
16676,1.0,B,40.515575,-122.516175,6,20070725,20070725,6089.0,20070725,394,217,306,0,1.9358276,103.0
16677,0.2,A,40.51415,-122.05815,6,20010712,20010712,6089.0,20010712,333,161,250,0,2.1900868,0.0
16678,7.0,B,40.4519,-122.7181,6,20090107,20090107,6089.0,20090107,394,217,306,0,2.2049517999999995,90.0
16679,0.2,A,40.514239,-122.03935,6,19980829,19980829,6089.0,19980829,400,150,278,0,2.318139,0.0
16680,1.0,B,40.6836,-122.4583,6,20070611,20070611,6089.0,20070611,394,217,306,0,2.8196380000000003,68.0
16681,0.1,A,40.495669,-122.476589,6,19981012,19981012,6089.0,19981012,222,56,139,0,1.6477861,0.0
16682,2.0,B,40.49545,-122.495289,6,19990902,19990902,6089.0,19990902,311,100,206,0,2.0451949000000003,0.0
16683,2.0,B,40.506436,-122.423953,6,20050907,20050907,6089.0,20050907,394,217,306,0,1.2419739,51.0
16684,44.1,A,40.93527778,-122.13388889,6,20080621,20080621,6089.0,20080621,394,217,306,0,1.4557829,74.0
16685,0.25,A,40.91722222,-122.4,6,20070410,20070410,6089.0,20070410,394,217,306,0,1.3329713,82.0
16686,0.3,B,40.481411,-122.510731,6,19981016,19981016,6089.0,19981016,228,61,144,0,3.336716200000001,0.0
16687,0.1,A,40.614931,-122.45705,6,19990902,19990902,6089.0,19990902,311,100,206,0,2.0451949000000003,0.0
16688,0.3,A,40.514156,-122.031567,6,20050726,20050726,6089.0,20050726,417,183,300,0,1.4102774,117.0
16689,0.01,A,40.40555556,-122.97638889,6,20080819,20080819,6089.0,20080819,394,217,306,0,2.556429,77.0
16690,0.01,A,40.65055556,-121.46277778,6,20061026,20061026,6089.0,20061026,394,217,306,0,2.7552495,46.0
16691,5.0,B,40.801561,-122.551622,6,20070410,20070410,6089.0,20070410,394,217,306,0,1.3329713,82.0
16692,0.1,A,40.501467,-122.039472,6,20070622,20070622,6089.0,20070622,394,217,306,0,3.1621823,68.0
16693,0.2,A,40.55944444,-121.48277778,6,20090624,20090625,6089.0,20090624,394,217,306,0,2.1380663,179.0
16694,0.1,A,40.497869,-122.342561,6,20020808,20020808,6089.0,20020808,389,211,300,0,2.6348584,0.0
16695,1.0,B,40.942386,-121.441614,6,20070905,20070905,6089.0,20070905,394,217,306,0,4.1505256,48.0
16696,0.1,A,40.86805556,-122.25222222,6,20060815,20060815,6089.0,20060815,394,217,306,0,3.1182373,55.5
16697,0.1,A,40.716011,-122.135989,6,20020824,20020824,6089.0,20020824,322,133,228,0,1.6638515,0.0
16698,2.0,B,40.478058,-122.431961,6,20070905,20070905,6089.0,20070905,394,217,306,0,4.1505256,48.0
16699,1.0,B,40.685556,-122.146422,6,20050725,20050725,6089.0,20050725,406,228,317,0,2.5898368,117.0
16700,1.0,B,41.116219,-121.456519,6,19990827,19990827,6089.0,19990827,333,228,283,0,2.5228596000000003,0.0
16701,0.1,A,40.581186,-122.449797,6,20070827,20070827,6089.0,20070827,394,217,306,0,1.6476968999999997,88.0
16702,1.0,B,40.663247,-122.410364,6,20070408,20070409,6089.0,20070408,394,217,306,0,1.3656511999999998,82.0
16703,0.1,A,40.664586,-122.387439,6,20050723,20050723,6089.0,20050723,411,172,294,0,1.8580877,117.0
16704,0.5,B,40.70255,-122.060169,6,20000808,20000808,6089.0,20000808,350,167,261,0,2.426372,0.0
16705,0.25,A,40.96194444,-121.82472222,6,20070905,20070906,6089.0,20070905,394,217,306,0,4.1505256,48.0
16706,295.0,D,40.73061,-122.08325,6,20080621,20080725,6089.0,20080621,394,217,306,0,1.4557829,74.0
16707,0.1,A,40.90138889,-121.98444444,6,20070904,20070905,6089.0,20070904,394,217,306,0,2.4447727,88.0
16708,0.1,A,41.20194444,-122.05,6,20060629,20060629,6089.0,20060629,394,217,306,0,1.6807741000000005,118.5
16709,0.1,A,41.0075,-122.40944444,6,20090906,20090906,6089.0,20090906,394,217,306,0,2.8300726000000003,45.5
16710,1209.0,F,40.80722222,-122.09777778,6,20080621,20080701,6089.0,20080621,394,217,306,0,1.4557829,74.0
16711,4.0,B,40.409211,-122.792911,6,19980922,19980923,6089.0,19980922,283,111,200,0,0.9244452,0.0
16712,4.0,B,40.389319,-122.285442,6,20050807,20050807,6089.0,20050807,394,217,306,0,1.9302411,59.0
16713,4.0,B,40.479086,-122.206789,6,20050904,20050904,6089.0,20050904,394,217,306,0,2.4508822,59.0
16714,0.2,A,40.482569,-122.567131,6,19990829,19990829,6089.0,19990829,356,183,272,0,2.7724580000000003,0.0
16715,0.1,A,41.015169,-121.379231,6,20010710,20010710,6089.0,20010710,356,211,283,0,2.0995438,0.0
16716,0.3,B,40.505508,-122.338222,6,20060629,20060629,6089.0,20060629,394,217,306,0,1.6807741000000005,118.5
16717,0.1,A,40.73361111,-122.21861111,6,20070804,20070804,6089.0,20070804,394,217,306,0,2.4713228,103.0
16718,0.1,A,40.82583333,-121.41694444,6,20090118,20090118,6089.0,20090118,394,217,306,0,4.8188424,90.0
16719,1.0,B,40.86888889,-120.53055556,6,20060627,20060628,6089.0,20060627,394,217,306,0,2.0742476,118.5
16720,2.0,B,40.453461,-122.680589,6,20000812,20000812,6089.0,20000812,378,167,272,0,2.586438,0.0
16721,0.1,A,40.731169,-122.365889,6,19990827,19990828,6089.0,19990827,333,228,283,0,2.5228596000000003,0.0
16722,1.0,B,40.815989,-121.941719,6,19980723,19980723,6089.0,19980723,350,206,278,5,2.071844,0.0
16723,0.1,A,40.584428,-122.446481,6,20050803,20050803,6089.0,20050803,394,217,306,0,0.076149955,117.0
16724,0.1,A,40.538744,-122.472689,6,20070526,20070526,6089.0,20070526,394,217,306,0,1.9137727,75.0
16725,0.1,A,40.483869,-122.228169,6,19981009,19981009,6089.0,19981009,233,89,161,0,1.5174426,0.0
16726,0.1,A,40.599339,-122.494939,6,19991001,19991001,6089.0,19991001,333,122,228,0,1.292478,0.0
16727,14.0,C,40.4953,-122.4767,6,20060811,20060812,6089.0,20060811,394,217,306,0,2.383041,55.5
16728,1.0,B,40.701311,-122.098169,6,19980723,19980723,6089.0,19980723,350,206,278,5,2.071844,0.0
16729,19.0,C,40.6174,-122.4195,6,20050801,20050801,6089.0,20050801,394,217,306,0,3.2013104,117.0
16730,200.0,D,40.4853,-122.4511,6,20070629,20070629,6089.0,20070629,394,217,306,0,2.248319,68.0
16731,0.1,A,40.702631,-122.64375,6,19980830,19980830,6089.0,19980830,389,183,289,0,1.4920195,0.0
16732,2.0,B,41.102131,-121.552719,6,20010709,20010709,6089.0,20010709,378,206,294,0,2.4423294,0.0
16733,1.0,B,40.618564,-122.430544,6,20070526,20070526,6089.0,20070526,394,217,306,0,1.9137727,75.0
16734,0.1,A,40.483969,-122.264661,6,19991002,19991002,6089.0,19991002,306,111,211,0,0.8994443999999999,0.0
16735,0.1,A,40.60055,-122.456669,6,20000810,20000810,6089.0,20000810,317,144,233,0,3.5061697999999994,0.0
16736,730.0,E,41.00138889,-122.15138889,6,20070522,20070527,6089.0,20070522,394,217,306,0,4.091605,75.0
16737,2.0,B,40.81222222,-121.58416667,6,20070628,20070628,6089.0,20070628,394,217,306,0,2.0573137,68.0
16738,1.0,B,40.614844,-122.460364,6,20070611,20070611,6089.0,20070611,394,217,306,0,2.8196380000000003,68.0
16739,0.1,A,41.014581,-121.494369,6,20020811,20020811,6089.0,20020811,417,194,306,0,1.4893293,0.0
16740,0.01,A,41.15055556,-122.30222222,6,20070524,20070524,6089.0,20070524,394,217,306,0,1.7670651999999998,75.0
16741,0.2,A,40.589853,-122.460825,6,20070804,20070804,6089.0,20070804,394,217,306,0,2.4713228,103.0
16742,2.0,B,40.614844,-122.460364,6,20050930,20050930,6089.0,20050930,394,217,306,0,0.122066006,51.0
16743,0.3,B,40.487917,-122.355297,6,20050624,20050624,6089.0,20050624,322,133,228,0,2.4896574,14.0
16744,0.1,A,40.571278,-122.465275,6,20070323,20070323,6089.0,20070323,394,217,306,0,1.3173475,98.0
16745,0.25,A,40.66361111,-121.45722222,6,20060715,20060715,6089.0,20060715,394,217,306,0,1.9006549,86.5
16746,0.2,A,40.805153,-121.698517,6,20051017,20051017,6089.0,20051017,394,217,306,0,2.4748716,45.0
16747,0.3,B,40.505506,-122.338036,6,20070530,20070530,6089.0,20070530,394,217,306,0,1.5384361999999998,75.0
16748,0.1,A,41.08555556,-122.35027778,6,20060330,20060330,6089.0,20060330,394,217,306,0,2.2645924,109.0
16749,0.1,A,40.787319,-121.97975,6,19991027,19991028,6089.0,19991027,167,106,139,236,4.88854,0.0
16750,2.0,B,40.65695,-121.8663,6,19991028,19991028,6089.0,19991028,189,72,133,0,5.6315765,0.0
16751,0.1,A,40.855,-122.34027778,6,20070930,20070930,6089.0,20070930,394,217,306,0,2.3348258,87.0
16752,640.0,E,40.7182,-122.6078,6,20010809,20010813,6089.0,20010809,389,217,306,0,1.8729898,0.0
16753,0.1,A,41.116889,-121.37965,6,19990823,19990823,6089.0,19990823,394,250,322,0,0.9300544,0.0
16754,2.0,B,40.52855,-122.07735,6,19990926,19990926,6089.0,19990926,333,211,272,0,4.2977724,0.0
16755,0.1,A,40.672931,-122.365,6,20010811,20010811,6089.0,20010811,383,156,272,0,2.520036,0.0
16756,20.0,C,40.489792,-122.550028,6,20070829,20070829,6089.0,20070829,394,217,306,0,1.0499598999999995,88.0
16757,0.1,A,40.5857,-122.456,6,20010812,20010812,6089.0,20010812,367,194,283,0,2.095373,0.0
16758,0.5,B,40.93472222,-122.46722222,6,20060807,20060809,6089.0,20060807,394,217,306,0,3.5356598,55.5
16759,0.1,A,40.64722222,-121.62333333,6,20080806,20080806,6089.0,20080806,394,217,306,0,1.8027781000000005,60.0
16760,3.0,B,40.495361,-122.514619,6,19980807,19980807,6089.0,19980807,372,178,278,0,2.7426262,0.0
16761,0.1,A,40.591117,-122.472289,6,20070427,20070427,6089.0,20070427,394,217,306,0,2.0329573,82.0
16762,0.5,B,40.585261,-122.437119,6,20000718,20000718,6089.0,20000718,339,139,239,0,2.6283495,0.0
16763,2.0,B,40.438581,-122.736861,6,19990515,19990515,6089.0,19990515,239,83,161,0,2.303599,0.0
16764,0.25,A,41.12472222,-121.5525,6,20080921,20080921,6089.0,20080921,394,217,306,0,1.9055915,73.0
16765,0.1,A,41.116519,-121.533411,6,20000826,20000826,6089.0,20000826,356,144,250,0,2.3961656,0.0
16766,0.1,A,40.949561,-121.583311,6,20000719,20000719,6089.0,20000719,372,167,272,0,2.9251487000000003,0.0
16767,0.1,A,40.596172,-122.487947,6,20070930,20070930,6089.0,20070930,394,217,306,0,2.3348258,87.0
16768,0.3,B,41.014911,-121.398461,6,20041003,20041003,6089.0,20041003,328,128,228,0,0.2729501,83.0
16769,0.75,B,40.77305556,-122.25944444,6,20090704,20090705,6089.0,20090704,394,217,306,0,1.7840387999999998,179.0
16770,5.0,B,40.431742,-122.763714,6,20051022,20051022,6089.0,20051022,394,217,306,0,0.51419723,45.0
16771,0.1,A,40.483869,-122.228169,6,20010813,20010813,6089.0,20010813,356,161,261,0,2.7171264,0.0
16772,0.5,B,40.524161,-122.477442,6,20051020,20051020,6089.0,20051020,394,217,306,0,0.7158868,45.0
16773,0.1,A,40.701981,-122.269539,6,20041007,20041007,6089.0,20041007,306,133,222,0,1.03581,80.0
16774,0.1,A,40.985,-122.41666667,6,20060623,20060623,6089.0,20060623,394,217,306,0,2.2429445,118.5
16775,0.1,A,40.8675,-122.70138889,6,20060807,20060807,6089.0,20060807,394,217,306,0,3.5356598,55.5
16776,1.0,B,40.505314,-122.412667,6,20071003,20071003,6089.0,20071003,394,217,306,0,2.3135502,87.0
16777,0.5,B,41.102069,-121.5336,6,19990823,19990823,6089.0,19990823,394,250,322,0,0.9300544,0.0
16778,0.1,A,40.11333333,-121.13611111,6,20080806,20080806,6089.0,20080806,394,217,306,0,1.8027781000000005,60.0
16779,0.1,A,40.592436,-122.484189,6,20070926,20070926,6089.0,20070926,394,217,306,0,1.641728,87.0
16780,2.0,B,40.584428,-122.446481,6,20060904,20060904,6089.0,20060904,394,217,306,0,1.6484256999999998,55.5
16781,0.2,A,41.000981,-121.340581,6,19990823,19990823,6089.0,19990823,394,250,322,0,0.9300544,0.0
16782,0.1,A,40.498369,-121.945631,6,20021119,20021119,6089.0,20021119,267,50,161,0,2.338036,0.0
16783,0.1,A,40.516503,-122.381461,6,20050415,20050415,6089.0,20050415,267,67,189,0,1.4674124,72.0
16784,0.1,A,40.695175,-122.382747,6,20050405,20050405,6089.0,20050405,206,83,144,0,2.2536404,72.0
16785,1.5,B,41.03416667,-122.38527778,6,20070701,20070701,6089.0,20070701,394,217,306,0,2.3585012,68.0
16786,0.5,B,40.730692,-122.589042,6,20060807,20060809,6089.0,20060807,394,217,306,0,3.5356598,55.5
16787,0.1,A,40.521092,-122.473697,6,20050310,20050310,6089.0,20050310,289,122,206,0,3.1358933,69.0
16788,0.1,A,40.97694444,-121.72333333,6,20080806,20080806,6089.0,20080806,394,217,306,0,1.8027781000000005,60.0
16789,0.1,A,40.935,-122.43388889,6,20080415,20080415,6089.0,20080415,394,217,306,0,3.340727,86.0
16790,0.1,A,40.9278,-121.4453,6,20090410,20090410,6089.0,20090410,394,217,306,0,2.0359216,99.0
16791,1.0,B,40.492742,-122.516208,6,20070927,20070927,6089.0,20070927,394,217,306,0,1.6572284,87.0
16792,0.1,A,40.787319,-121.97975,6,19980730,19980730,6089.0,19980730,317,172,244,0,3.6545386,0.0
16793,1.0,B,40.786861,-121.964453,6,20051015,20051015,6089.0,20051015,394,217,306,0,3.130502,45.0
16794,0.1,A,40.523581,-121.79395,6,20020918,20020918,6089.0,20020918,350,178,267,0,3.106971,0.0
16795,0.1,A,40.88805556,-122.23527778,6,20080621,20080622,6089.0,20080621,394,217,306,0,1.4557829,74.0
16796,0.1,A,40.91694444,-122.38555556,6,20060714,20060714,6089.0,20060714,394,217,306,0,1.8544003,86.5
16797,0.1,A,40.687231,-122.567411,6,19990823,19990823,6089.0,19990823,394,250,322,0,0.9300544,0.0
16798,3.0,B,40.479086,-122.206789,6,20070619,20070619,6089.0,20070619,394,217,306,0,1.9238737,68.0
16799,0.1,A,40.94155,-121.43776,6,19990823,19990823,6089.0,19990823,394,250,322,0,0.9300544,0.0
16800,2.1,B,40.5019,-122.5192,6,20051017,20051017,6089.0,20051017,394,217,306,0,2.4748716,45.0
16801,2.0,B,41.17555556,-122.28333333,6,20090416,20090416,6089.0,20090416,394,217,306,0,2.118961,99.0
16802,0.5,B,41.116531,-121.494981,6,19990823,19990823,6089.0,19990823,394,250,322,0,0.9300544,0.0
16803,25.0,C,40.481911,-121.832281,6,20041120,20041120,6089.0,20041120,167,100,133,0,3.053602,88.0
16804,0.25,A,40.95138889,-122.33472222,6,20070929,20070929,6089.0,20070929,394,217,306,0,1.3699951,87.0
16805,4.5,B,40.70083333,-121.46694444,6,20080621,20080622,6089.0,20080621,394,217,306,0,1.4557829,74.0
16806,0.25,A,40.79111111,-121.75,6,20080806,20080806,6089.0,20080806,394,217,306,0,1.8027781000000005,60.0
16807,0.25,A,40.91694444,-122.13444444,6,20070719,20070720,6089.0,20070719,394,217,306,0,1.3888484,103.0
16808,0.1,A,40.483869,-122.228169,6,19990504,19990504,6089.0,19990504,194,22,111,0,1.9132491000000005,0.0
16809,0.1,A,40.607572,-122.496894,6,20051015,20051015,6089.0,20051015,394,217,306,0,3.130502,45.0
16810,0.1,A,40.643119,-122.4018,6,19991023,19991023,6089.0,19991023,256,50,156,0,1.1768626,0.0
16811,1.0,B,40.505506,-122.338036,6,20060714,20060714,6089.0,20060714,394,217,306,0,1.8544003,86.5
16812,93.0,C,40.4849,-122.2461,6,20010816,20010816,6089.0,20010816,394,156,278,0,2.9806056,0.0
16813,0.1,A,40.524761,-122.495669,6,20040906,20040906,6089.0,20040906,372,161,267,0,0.3720247,83.0
16814,0.3,B,40.863331,-121.546919,6,20030313,20030313,6089.0,20030313,161,117,139,109,8.337514,86.0
16815,3.0,B,40.52465,-121.831239,6,19990522,19990522,6089.0,19990522,361,217,289,0,5.124030599999998,0.0
16816,0.1,A,40.716239,-122.079139,6,20010822,20010822,6089.0,20010822,289,161,228,0,2.4771779,0.0
16817,0.1,A,40.497869,-122.342561,6,20010823,20010823,6089.0,20010823,300,172,239,0,1.6137527,0.0
16818,0.01,A,41.16666667,-122.285,6,20070521,20070521,6089.0,20070521,394,217,306,0,4.3475175,75.0
16819,26.25,C,40.73361111,-122.36694444,6,20060807,20060813,6089.0,20060807,394,217,306,0,3.5356598,55.5
16820,3.0,B,40.920731,-121.58475,6,20030313,20030313,6089.0,20030313,161,117,139,109,8.337514,86.0
16821,1.0,B,40.846139,-121.922769,6,20010824,20010824,6089.0,20010824,339,172,256,0,1.9027679,0.0
16822,0.25,A,40.78527778,-122.45111111,6,20060807,20060808,6089.0,20060807,394,217,306,0,3.5356598,55.5
16823,0.25,A,40.83972222,-121.51416667,6,20060429,20060429,6089.0,20060429,394,217,306,0,1.0153345,109.0
16824,1.0,B,40.499139,-122.003089,6,20010825,20010825,6089.0,20010825,367,150,261,0,1.451343,0.0
16825,1.0,B,40.50155,-122.451889,6,20071008,20071008,6089.0,20071008,394,217,306,0,1.3238232,86.0
16826,0.1,A,40.481311,-122.416869,6,19980801,19980801,6089.0,19980801,394,183,289,0,1.6745187,0.0
16827,0.1,A,40.469311,-122.2464,6,20010826,20010826,6089.0,20010826,389,183,289,0,2.1362147,0.0
16828,0.1,A,40.672919,-122.231281,6,20000711,20000711,6089.0,20000711,361,150,256,0,2.043844,0.0
16829,0.1,A,40.505497,-122.337611,6,20051102,20051102,6089.0,20051102,394,217,306,0,1.6896241,45.0
16830,0.1,A,40.643639,-122.364931,6,20040828,20040828,6089.0,20040828,389,217,306,0,1.7258638,91.0
16831,0.1,A,40.69166667,-121.43027778,6,20081104,20081104,6089.0,20081104,394,217,306,0,4.7278423,73.0
16832,0.1,A,40.496631,-122.53345,6,20000831,20000831,6089.0,20000831,222,139,183,0,2.8739226,0.0
16833,0.3,B,40.481261,-121.876294,6,20070822,20070822,6089.0,20070822,394,217,306,0,3.1312919,88.0
16834,1.0,B,40.867064,-121.548131,6,20070429,20070429,6089.0,20070429,394,217,306,0,1.2495159,82.0
16835,0.1,A,40.702069,-122.420731,6,20040907,20040907,6089.0,20040907,389,200,283,0,1.3412342,83.0
16836,0.1,A,40.498711,-121.98415,6,19990526,19990526,6089.0,19990526,344,172,261,0,1.9524864,0.0
16837,3.0,B,40.495669,-122.476589,6,20010828,20010828,6089.0,20010828,411,261,339,0,3.5256402,0.0
16838,1.8,B,40.524839,-122.400461,6,20040830,20040830,6089.0,20040830,389,167,278,0,1.4426787,91.0
16839,149.0,D,40.7465,-122.9695,6,20010828,20010902,6089.0,20010828,411,261,339,0,3.5256402,0.0
16840,0.8,B,40.524839,-122.400461,6,20040830,20040830,6089.0,20040830,389,167,278,0,1.4426787,91.0
16841,0.1,A,40.6977,-122.638483,6,20060901,20060901,6089.0,20060901,394,217,306,0,1.797994,55.5
16842,0.1,A,40.495539,-122.399281,6,20010828,20010828,6089.0,20010828,411,261,339,0,3.5256402,0.0
16843,0.5,B,40.585361,-122.475411,6,19980806,19980806,6089.0,19980806,406,222,317,0,2.5190833,0.0
16844,0.5,B,40.585361,-122.475411,6,19980801,19980801,6089.0,19980801,394,183,289,0,1.6745187,0.0
16845,0.1,A,40.71833333,-121.56916667,6,20080912,20080912,6089.0,20080912,394,217,306,0,0.20223428,73.0
16846,1.5,B,40.95055556,-122.41916667,6,20080609,20080609,6089.0,20080609,394,217,306,0,2.8720062,74.0
16847,0.1,A,40.978581,-121.564011,6,20000717,20000717,6089.0,20000717,306,144,228,0,3.3650675000000003,0.0
16848,2.0,B,40.557481,-122.117,6,19990823,19990823,6089.0,19990823,394,250,322,0,0.9300544,0.0
16849,0.15,A,40.59722222,-121.61111111,6,20080621,20080622,6089.0,20080621,394,217,306,0,1.4557829,74.0
16850,20.0,C,40.5133,-122.5283,6,20070829,20070829,6089.0,20070829,394,217,306,0,1.0499598999999995,88.0
16851,4.0,B,40.6449,-122.4178,6,20020919,20020920,6089.0,20020919,367,189,278,0,2.6683218,0.0
16852,1.0,B,40.483381,-121.983989,6,19990515,19990515,6089.0,19990515,239,83,161,0,2.303599,0.0
16853,0.5,B,40.84666667,-121.55277778,6,20060807,20060807,6089.0,20060807,394,217,306,0,3.5356598,55.5
16854,1.0,B,40.497081,-122.360719,6,20010817,20010817,6089.0,20010817,389,167,278,0,2.8392465,0.0
16855,1.0,B,40.49935,-122.03955,6,19990915,19990915,6089.0,19990915,350,128,239,0,1.2201653,0.0
16856,0.1,A,40.483839,-122.246319,6,20010818,20010818,6089.0,20010818,372,167,272,0,2.8100657000000004,0.0
16857,2.0,B,40.716011,-122.135989,6,19990515,19990515,6089.0,19990515,239,83,161,0,2.303599,0.0
16858,25.0,C,40.482481,-122.548289,6,19990517,19990517,6089.0,19990517,283,89,189,0,0.9604228,0.0
16859,0.2,A,40.628511,-122.420881,6,19980707,19980707,6089.0,19980707,372,183,278,0,1.6154879,0.0
16860,30.0,C,40.913333,-121.498403,6,20070823,20070823,6089.0,20070823,394,217,306,0,2.2522209,88.0
16861,0.1,A,40.538661,-122.436069,6,20000713,20000713,6089.0,20000713,333,178,256,0,2.6750681,0.0
16862,1.0,B,40.481311,-122.416869,6,19990906,19990906,6089.0,19990906,361,144,256,0,2.7301645,0.0
16863,0.2,A,40.571883,-122.463708,6,20060428,20060428,6089.0,20060428,394,217,306,0,2.0945892,109.0
16864,0.1,A,40.628331,-122.401781,6,20020920,20020920,6089.0,20020920,372,139,256,0,1.1150349,0.0
16865,0.1,A,40.989739,-121.468289,6,19980731,19980731,6089.0,19980731,328,167,250,0,3.0377204,0.0
16866,1.6,A,40.99166667,-121.625,6,20070823,20070823,6089.0,20070823,394,217,306,0,2.2522209,88.0
16867,0.25,A,40.8,-122.18583333,6,20060807,20060807,6089.0,20060807,394,217,306,0,3.5356598,55.5
16868,1.0,B,40.716361,-122.26955,6,20010619,20010619,6089.0,20010619,378,172,278,0,1.3472898000000002,0.0
16869,0.5,B,40.573292,-122.476461,6,20060427,20060427,6089.0,20060427,394,217,306,0,3.4003677000000003,109.0
16870,0.1,A,40.483969,-122.264661,6,20040911,20040911,6089.0,20040911,367,156,261,0,1.3647288,83.0
16871,0.1,A,40.608894,-122.499392,6,20071006,20071006,6089.0,20071006,394,217,306,0,1.7022911,86.0
16872,0.1,A,40.672919,-122.231281,6,20010617,20010617,6089.0,20010617,361,167,267,0,2.9732897,0.0
16873,0.1,A,40.49545,-122.495289,6,20010820,20010820,6089.0,20010820,311,167,239,0,2.6541445,0.0
16874,0.1,A,40.498519,-122.210489,6,20000712,20000712,6089.0,20000712,361,161,261,0,2.955494,0.0
16875,29.0,C,40.9982,-121.5158,6,20070823,20070824,6089.0,20070823,394,217,306,0,2.2522209,88.0
16876,0.1,A,40.495539,-122.399281,6,20010820,20010820,6089.0,20010820,311,167,239,0,2.6541445,0.0
16877,0.2,A,40.797303,-122.610764,6,20060807,20060807,6089.0,20060807,394,217,306,0,3.5356598,55.5
16878,0.8,B,41.05027778,-122.40055556,6,20070612,20070612,6089.0,20070612,394,217,306,0,2.682243,68.0
16879,0.1,A,40.83361111,-122.43333333,6,20080621,20080621,6089.0,20080621,394,217,306,0,1.4557829,74.0
16880,0.1,A,40.539661,-122.533381,6,20021101,20021101,6089.0,20021101,183,28,106,0,3.924129,0.0
16881,1.0,B,40.514647,-122.349078,6,20060224,20060224,6089.0,20060224,394,217,306,0,0.18000793,109.0
16882,0.1,A,40.525339,-121.835831,6,20051006,20051006,6089.0,20051006,394,217,306,0,1.3781816999999998,45.0
16883,0.1,A,40.487517,-122.359564,6,20060224,20060224,6089.0,20060224,394,217,306,0,0.18000793,109.0
16884,0.3,B,40.5803,-122.4511,6,20070919,20070919,6089.0,20070919,394,217,306,0,2.9702644,87.0
16885,0.3,B,40.704181,-122.095811,6,20051119,20051119,6089.0,20051119,394,217,306,0,2.8328273,49.5
16886,6267.0,G,40.68033,-122.48786,6,20080621,20080829,6089.0,20080621,394,217,306,0,1.4557829,74.0
16887,0.1,A,40.580972,-122.45,6,20070919,20070919,6089.0,20070919,394,217,306,0,2.9702644,87.0
16888,0.1,A,40.88388889,-122.36916667,6,20061008,20061008,6089.0,20061008,394,217,306,0,2.3712409,46.0
16889,2.0,B,40.742917,-122.090319,6,20050605,20050605,6089.0,20050605,250,133,194,0,4.7288947,14.0
16890,5.0,B,40.495669,-122.476589,6,20010731,20010731,6089.0,20010731,350,167,261,0,2.0366647,0.0
16891,0.4,B,40.525461,-122.533211,6,20000730,20000730,6089.0,20000730,394,178,289,0,2.7436063,0.0
16892,0.1,A,40.482611,-122.348319,6,20070707,20070707,6089.0,20070707,394,217,306,0,2.5714781,72.5
16893,0.1,A,40.687969,-122.059711,6,20000922,20000922,6089.0,20000922,206,122,167,0,1.7780075,0.0
16894,33.0,C,40.61567,-122.73867,6,20080621,20080725,6089.0,20080621,394,217,306,0,1.4557829,74.0
16895,0.1,A,40.701981,-122.269539,6,20000924,20000924,6089.0,20000924,283,67,178,0,1.7310418,0.0
16896,0.1,A,40.585361,-122.475411,6,19990419,19990419,6089.0,19990419,261,133,200,0,1.3300409,0.0
16897,0.8,B,40.505497,-122.337611,6,20050602,20050602,6089.0,20050602,294,167,233,0,4.774195,139.0
16898,0.1,A,40.509819,-122.419261,6,20010602,20010602,6089.0,20010602,283,133,211,0,4.00425,0.0
16899,0.1,A,40.568969,-122.475619,6,20020827,20020827,6089.0,20020827,378,244,311,0,4.1688576,0.0
16900,1.0,B,40.545003,-122.487664,6,20060709,20060710,6089.0,20060709,394,217,306,0,1.4511361,86.5
16901,0.25,A,40.93333333,-122.06722222,6,20080621,20080622,6089.0,20080621,394,217,306,0,1.4557829,74.0
16902,0.1,A,40.483611,-121.861389,6,20060830,20060830,6089.0,20060830,394,217,306,0,3.5360034,55.5
16903,0.5,B,40.628331,-122.401781,6,20021103,20021103,6089.0,20021103,261,22,144,0,2.157515,0.0
16904,0.1,A,40.703019,-122.438389,6,20000728,20000728,6089.0,20000728,383,167,278,0,3.1869278,0.0
16905,0.1,A,40.523581,-121.79395,6,20010805,20010805,6089.0,20010805,344,167,256,0,1.2713736999999998,0.0
16906,3192.0,F,40.7192,-123.035,6,20060729,20060804,6089.0,20060729,394,217,306,0,2.4436502,106.0
16907,1.1,A,40.483969,-122.264661,6,20010728,20010728,6089.0,20010728,378,178,278,0,3.2049484,0.0
16908,1.0,B,40.512661,-122.343031,6,19990416,19990416,6089.0,19990416,278,83,183,0,3.5336282,0.0
16909,1.0,B,40.497869,-122.342561,6,20020827,20020827,6089.0,20020827,378,244,311,0,4.1688576,0.0
16910,3.0,B,40.495669,-122.476589,6,20000801,20000801,6089.0,20000801,400,256,328,0,3.163935700000001,0.0
16911,0.5,B,40.967897,-121.572086,6,20050620,20050620,6089.0,20050620,294,122,211,0,1.8008012999999998,14.0
16912,0.1,A,40.704181,-122.095811,6,20051120,20051120,6089.0,20051120,394,217,306,0,3.1494138,49.5
16913,0.1,A,40.89527778,-121.4675,6,20080919,20080919,6089.0,20080919,394,217,306,0,2.121327,73.0
16914,1.0,B,40.5582,-122.4928,6,19991019,19991019,6089.0,19991019,278,50,167,0,1.7057830000000005,0.0
16915,0.1,A,40.397,-122.20815,6,19990319,19990319,6089.0,19990319,206,72,139,0,1.7590023999999995,0.0
16916,0.1,A,40.501025,-121.975931,6,20070317,20070317,6089.0,20070317,394,217,306,0,0.6499916,98.0
16917,2847.0,F,40.36666667,-122.935,6,20080907,20080911,6089.0,20080907,394,217,306,0,0.72200435,73.0
16918,0.25,A,40.25055556,-122.95666667,6,20090808,20090808,6089.0,20090808,394,217,306,0,2.4909804,53.5
16919,0.1,A,40.512139,-122.36155,6,19980717,19980717,6089.0,19980717,417,189,306,0,2.8802790000000003,0.0
16920,0.1,A,40.514156,-122.031567,6,20050614,20050614,6089.0,20050614,344,144,244,0,3.1484208,14.0
16921,1.0,B,40.477397,-122.225992,6,20070523,20070523,6089.0,20070523,394,217,306,0,1.8117585,75.0
16922,2.0,B,40.671208,-122.512264,6,20050614,20050614,6089.0,20050614,344,144,244,0,3.1484208,14.0
16923,0.1,A,40.599339,-122.494939,6,20021027,20021027,6089.0,20021027,256,56,156,0,1.2976874,0.0
16924,0.5,B,40.5506,-122.4853,6,20060709,20060710,6089.0,20060709,394,217,306,0,1.4511361,86.5
16925,0.1,A,41.087631,-121.552819,6,19990825,19990825,6089.0,19990825,411,178,294,0,1.7846593000000002,0.0
16926,0.1,A,40.76,-122.25944444,6,20070826,20070826,6089.0,20070826,394,217,306,0,2.1564887,88.0
16927,1.0,B,40.495903,-122.327153,6,20070918,20070918,6089.0,20070918,394,217,306,0,2.40601,48.0
16928,0.1,A,40.494117,-122.366358,6,20050613,20050613,6089.0,20050613,361,183,272,0,2.128959,14.0
16929,0.1,A,40.78583333,-122.30166667,6,20070623,20070623,6089.0,20070623,394,217,306,0,2.8669338,68.0
16930,2.0,B,40.481411,-122.510731,6,19990904,19990904,6089.0,19990904,356,133,244,0,1.4926443,0.0
16931,0.1,A,40.55345,-122.475831,6,19980717,19980717,6089.0,19980717,417,189,306,0,2.8802790000000003,0.0
16932,0.3,B,40.510089,-122.437619,6,19990403,19990403,6089.0,19990403,139,61,100,0,5.2054276,0.0
16933,0.25,A,40.8625,-122.31388889,6,20080813,20080813,6089.0,20080813,394,217,306,0,2.7200012000000005,60.0
16934,0.2,A,40.74944444,-121.49083333,6,20080617,20080617,6089.0,20080617,394,217,306,0,3.5187802,74.0
16935,0.3,B,40.510231,-122.495469,6,20020827,20020827,6089.0,20020827,378,244,311,0,4.1688576,0.0
16936,0.1,A,40.658489,-122.250189,6,20000823,20000823,6089.0,20000823,344,139,244,0,2.5200837000000003,0.0
16937,1.0,B,40.589786,-122.467064,6,20070313,20070313,6089.0,20070313,394,217,306,0,1.0793546,98.0
16938,1.0,B,40.839047,-121.900775,6,20060216,20060216,6089.0,20060216,394,217,306,0,0.9541537,109.0
16939,1.0,B,40.643639,-122.364931,6,20010629,20010629,6089.0,20010629,333,150,244,0,2.8516126,0.0
16940,0.1,A,40.7451,-122.019169,6,19990825,19990825,6089.0,19990825,411,178,294,0,1.7846593000000002,0.0
16941,0.1,A,40.504281,-122.338056,6,20060709,20060709,6089.0,20060709,394,217,306,0,1.4511361,86.5
16942,0.1,A,40.481311,-122.416869,6,19980906,19980906,6089.0,19980906,367,217,294,0,1.5164428,0.0
16943,0.3,B,40.49935,-122.03955,6,20000728,20000728,6089.0,20000728,383,167,278,0,3.1869278,0.0
16944,0.1,A,40.512661,-122.343031,6,19990430,19990430,6089.0,19990430,283,150,217,0,3.5136397000000006,0.0
16945,1.0,B,40.438581,-122.736861,6,19980808,19980808,6089.0,19980808,356,172,267,0,1.5769627,0.0
16946,0.1,A,41.5,-121.96666667,6,20060903,20060903,6089.0,20060903,394,217,306,0,1.504792,55.5
16947,0.25,A,40.885,-122.38944444,6,20091006,20091006,6089.0,20091006,394,217,306,0,3.1764789,45.0
16948,1.0,B,40.9516,-121.4378,6,20010614,20010614,6089.0,20010614,350,161,256,0,2.3379014,0.0
16949,0.2,A,40.585361,-122.475411,6,20021106,20021106,6089.0,20021106,178,33,106,0,3.5387120000000003,0.0
16950,0.1,A,41.13416667,-122.31694444,6,20061004,20061004,6089.0,20061004,394,217,306,0,1.7677472,48.5
16951,0.2,A,40.469311,-122.2464,6,19980809,19980809,6089.0,19980809,361,156,261,0,2.9689245,0.0
16952,1.0,B,40.482569,-122.567131,6,20010613,20010613,6089.0,20010613,317,150,233,0,3.5518513,0.0
16953,0.1,A,40.453039,-121.906811,6,20010529,20010529,6089.0,20010529,339,139,239,0,3.0644462000000003,0.0
16954,0.1,A,40.585261,-122.437119,6,19990925,19990925,6089.0,19990925,367,139,256,0,3.5614116,0.0
16955,2.0,B,40.4686,-121.907931,6,19990427,19990427,6089.0,19990427,183,50,117,0,1.146344,0.0
16956,291.0,D,40.0528,-122.0897,6,20080621,20080725,6089.0,20080621,394,217,306,0,1.4557829,74.0
16957,0.1,A,40.605417,-122.458658,6,20050514,20050514,6089.0,20050514,300,150,228,0,0.67067444,139.0
16958,807.0,E,40.6882,-122.5128,6,19990823,19990911,6089.0,19990823,394,250,322,0,0.9300544,0.0
16959,0.01,A,40.95111111,-122.43416667,6,20090407,20090407,6089.0,20090407,394,217,306,0,1.0290347,99.0
16960,0.35,A,40.81666667,-122.3,6,20080621,20080621,6089.0,20080621,394,217,306,0,1.4557829,74.0
16961,2.0,B,40.6299,-122.4561,6,20010808,20010808,6089.0,20010808,422,222,322,0,1.4403088,0.0
16962,0.5,B,40.978583,-121.564003,6,20060711,20060711,6089.0,20060711,394,217,306,0,2.575129,86.5
16963,0.3,B,40.511181,-122.379831,6,19990424,19990424,6089.0,19990424,294,144,222,0,1.3908591,0.0
16964,4.0,B,40.702631,-122.64375,6,20001001,20001002,6089.0,20001001,344,183,267,0,2.3905816000000004,0.0
16965,0.2,A,40.60055,-122.456669,6,19990426,19990426,6089.0,19990426,228,122,178,33,1.4598663,0.0
16966,0.1,A,40.638272,-122.371383,6,20070702,20070702,6089.0,20070702,394,217,306,0,2.0056865000000004,68.0
16967,3.0,B,40.542731,-122.486744,6,20060709,20060709,6089.0,20060709,394,217,306,0,1.4511361,86.5
16968,0.1,A,40.604383,-122.502297,6,20070721,20070721,6089.0,20070721,394,217,306,0,2.3926566000000005,103.0
16969,0.1,A,40.702522,-122.264094,6,20050418,20050418,6089.0,20050418,200,94,150,0,3.9236283,72.0
16970,2.0,B,40.506436,-122.379547,6,20060710,20060710,6089.0,20060710,394,217,306,0,2.3940368,86.5
16971,0.1,A,40.85055556,-121.30194444,6,20080621,20080621,6089.0,20080621,394,217,306,0,1.4557829,74.0
16972,0.1,A,40.6299,-122.4561,6,20010806,20010806,6089.0,20010806,389,178,283,0,2.091533,0.0
16973,1.0,B,40.695564,-122.148953,6,20050418,20050418,6089.0,20050418,200,94,150,0,3.9236283,72.0
16974,0.5,B,41.029411,-121.628819,6,19990914,19990914,6089.0,19990914,394,139,267,0,2.5257318,0.0
16975,0.5,B,40.60055,-122.456669,6,19990824,19990824,6089.0,19990824,394,189,294,0,1.9141573,0.0
16976,1.0,B,40.483839,-122.246319,6,19990430,19990430,6089.0,19990430,283,150,217,0,3.5136397000000006,0.0
16977,1.0,B,40.823417,-121.931367,6,20070923,20070923,6089.0,20070923,394,217,306,0,3.2179565,87.0
16978,0.1,A,40.91666667,-122.39472222,6,20070521,20070521,6089.0,20070521,394,217,306,0,4.3475175,75.0
16979,0.5,B,40.5394,-122.476031,6,19980810,19980810,6089.0,19980810,383,144,267,0,2.4129024,0.0
16980,0.1,A,40.481311,-122.416869,6,19980812,19980812,6089.0,19980812,439,194,317,0,2.3601913,0.0
16981,0.1,A,40.592983,-122.488664,6,20050523,20050523,6089.0,20050523,306,156,233,0,2.8807719,139.0
16982,0.1,A,40.575044,-122.478214,6,20070311,20070311,6089.0,20070311,394,217,306,0,3.0891647,98.0
16983,0.5,B,40.523581,-121.79395,6,20020918,20020918,6089.0,20020918,350,178,267,0,3.106971,0.0
16984,0.13,A,41.05166667,-122.38055556,6,20091006,20091006,6089.0,20091006,394,217,306,0,3.1764789,45.0
