,Unnamed: 0.2,Unnamed: 0.1,Unnamed: 0,FIRE_SIZE,FIRE_SIZE_CLASS,LATITUDE,LONGITUDE,STATE,START_DATE,END_DATE,FIPS,DATE,tmax,tmin,tavg,prcp,aws,fmc
0,0,0,5809,1.75,B,40.89916667,-121.22527778,6,20090802,20090802,6035.0,20090802,253,81,139,152,2.7886903,109.0
1,1,1,5810,5.0,B,40.4732,-120.4777,6,20020723,20020724,6035.0,20020723,252,66,151,0,2.8928182,141.0
2,2,2,5811,0.1,A,40.99972222,-121.39972222,6,20090802,20090805,6035.0,20090802,253,81,139,152,2.7886903,109.0
3,3,3,5812,0.1,A,40.488056,-120.615778,6,20050908,20050908,6035.0,20050908,238,48,127,0,1.3990395,117.0
4,4,4,5813,0.2,A,40.0575,-120.0517,6,20050909,20050909,6035.0,20050909,175,32,90,0,5.040073400000002,117.0
5,5,5,5814,0.1,A,40.9832,-121.3261,6,20040814,20040814,6035.0,20040814,295,130,214,0,2.9589493,147.0
6,6,6,5815,0.5,B,41.0003,-120.5503,6,20050909,20050910,6035.0,20050909,175,32,90,0,5.040073400000002,117.0
7,7,7,5816,0.5,B,40.532861,-120.758119,6,20040524,20040524,6035.0,20040524,125,9,61,0,2.443862,173.0
8,8,8,5817,0.2,A,40.4874,-120.5138,6,20040814,20040815,6035.0,20040814,295,130,214,0,2.9589493,147.0
9,9,9,5818,0.1,A,40.7799,-120.5344,6,20020718,20020718,6035.0,20020718,195,93,134,0,1.4001473,141.0
10,10,10,5819,0.1,A,39.9256,-120.0083,6,20090801,20090801,6035.0,20090801,270,118,183,0,0.79428977,109.0
11,11,11,5820,65.3,A,40.9564,-121.1878,6,20090802,20090802,6035.0,20090802,253,81,139,152,2.7886903,109.0
12,12,12,5821,0.1,A,40.6719,-120.5658,6,20070620,20070620,6035.0,20070620,214,94,148,0,3.4568572,173.0
13,13,13,5822,5.0,B,40.9656,-121.2325,6,20090802,20090802,6035.0,20090802,253,81,139,152,2.7886903,109.0
14,14,14,5823,0.6,B,40.8956,-121.0008,6,20090803,20090803,6035.0,20090803,255,117,174,0,2.267706,109.0
15,15,15,5824,35.0,C,40.9594,-121.2561,6,20090802,20090804,6035.0,20090802,253,81,139,152,2.7886903,109.0
16,16,16,5825,0.1,A,40.532461,-120.666769,6,20040521,20040521,6035.0,20040521,150,28,89,28,2.7461445,173.0
17,17,17,5826,0.1,A,41.102889,-120.9038,6,20040814,20040814,6035.0,20040814,295,130,214,0,2.9589493,147.0
18,18,18,5827,0.1,A,40.9622,-121.2,6,20090801,20090802,6035.0,20090801,270,118,183,0,0.79428977,109.0
19,19,19,5828,2.9,B,40.80833333,-121.19944444,6,20070831,20070901,6035.0,20070831,248,87,156,25,3.0680454,136.0
20,20,20,5829,175.0,D,40.68472222,-120.99972222,6,20090802,20090802,6035.0,20090802,253,81,139,152,2.7886903,109.0
21,21,21,5830,51.0,C,40.00657,-120.06604,6,19990605,19990605,6035.0,19990605,211,72,144,41,3.757945,171.0
22,22,22,5831,1.75,B,40.61638889,-120.79972222,6,20090802,20090806,6035.0,20090802,253,81,139,152,2.7886903,109.0
23,23,23,5832,0.1,A,40.329461,-120.671331,6,20020719,20020719,6035.0,20020719,191,80,124,51,1.5062903,141.0
24,24,24,5833,3.2,B,41.1582,-120.4844,6,20040814,20040815,6035.0,20040814,295,130,214,0,2.9589493,147.0
25,25,25,5834,0.1,A,41.0,-121.2078,6,20090802,20090803,6035.0,20090802,253,81,139,152,2.7886903,109.0
26,26,26,5835,1.0,B,40.575819,-120.683261,6,19990526,19990526,6035.0,19990526,197,4,89,0,1.0410051,167.0
27,27,27,5836,0.1,A,40.23833333,-121.10166667,6,20090802,20090802,6035.0,20090802,253,81,139,152,2.7886903,109.0
28,28,28,5837,0.5,B,40.72527778,-121.17583333,6,20090803,20090803,6035.0,20090803,255,117,174,0,2.267706,109.0
29,29,29,5838,0.1,A,40.8682,-120.1344,6,20040814,20040815,6035.0,20040814,295,130,214,0,2.9589493,147.0
30,30,30,5839,0.1,A,40.575819,-120.683261,6,20020719,20020719,6035.0,20020719,191,80,124,51,1.5062903,141.0
31,31,31,5840,1.1,B,40.74333333,-121.19222222,6,20090802,20090802,6035.0,20090802,253,81,139,152,2.7886903,109.0
32,32,32,5841,0.1,A,40.76489,-120.77941,6,19990530,19990530,6035.0,19990530,114,10,65,0,3.9041042,167.0
33,33,33,5842,0.1,A,40.73833333,-121.10166667,6,20090802,20090802,6035.0,20090802,253,81,139,152,2.7886903,109.0
34,34,34,5843,2.0,B,40.5642,-120.5422,6,20070619,20070619,6035.0,20070619,245,34,152,0,2.4880488,173.0
35,35,35,5844,39.85,C,40.65777778,-120.87666667,6,20090802,20090802,6035.0,20090802,253,81,139,152,2.7886903,109.0
36,36,36,5845,0.2,A,40.7024,-120.318,6,20040814,20040815,6035.0,20040814,295,130,214,0,2.9589493,147.0
37,37,37,5846,0.75,B,40.74222222,-121.16083333,6,20090802,20090802,6035.0,20090802,253,81,139,152,2.7886903,109.0
38,38,38,5847,0.1,A,41.05823,-120.48441,6,19990527,19990527,6035.0,19990527,188,32,100,0,1.3048453000000002,167.0
39,39,39,5848,0.1,A,40.61,-121.07444444,6,20090802,20090802,6035.0,20090802,253,81,139,152,2.7886903,109.0
40,40,40,5849,0.1,A,40.7199,-120.6344,6,20020719,20020719,6035.0,20020719,191,80,124,51,1.5062903,141.0
41,41,41,5850,0.1,A,41.1116,-120.6111,6,20040814,20040814,6035.0,20040814,295,130,214,0,2.9589493,147.0
42,42,42,5851,6.6,B,40.48111111,-121.04055556,6,20090802,20090802,6035.0,20090802,253,81,139,152,2.7886903,109.0
43,43,43,5852,0.5,B,40.66323,-120.27106,6,19990610,19990610,6035.0,19990610,168,25,95,0,1.6141891000000002,171.0
44,44,44,5853,0.1,A,40.65666667,-121.09527778,6,20090801,20090803,6035.0,20090801,270,118,183,0,0.79428977,109.0
45,45,45,5854,0.1,A,40.65,-121.26666667,6,20090802,20090802,6035.0,20090802,253,81,139,152,2.7886903,109.0
46,46,46,5855,14.9,A,40.8339,-120.4905,6,20080621,20080621,6035.0,20080621,239,70,156,0,2.6596687,173.0
47,47,47,5856,0.1,A,41.175319,-120.923039,6,20020722,20020722,6035.0,20020722,344,139,244,0,2.9415636000000003,141.0
48,48,48,5857,0.1,A,41.1132,-120.5994,6,20040814,20040814,6035.0,20040814,295,130,214,0,2.9589493,147.0
49,49,49,5858,0.4,B,40.58194444,-121.12222222,6,20090802,20090802,6035.0,20090802,253,81,139,152,2.7886903,109.0
50,50,50,5859,0.1,A,40.431561,-120.729231,6,19990610,19990610,6035.0,19990610,168,25,95,0,1.6141891000000002,171.0
51,51,51,5860,1.0,B,40.927625,-120.960436,6,20050910,20050910,6035.0,20050910,120,-19,54,0,2.423322,117.0
52,52,52,5861,0.85,A,40.64194444,-121.08638889,6,20090802,20090802,6035.0,20090802,253,81,139,152,2.7886903,109.0
53,53,53,5862,0.1,A,40.9497,-120.1969,6,20080621,20080624,6035.0,20080621,239,70,156,0,2.6596687,173.0
54,54,54,5863,0.5,B,40.417103,-120.710417,6,20070617,20070617,6035.0,20070617,155,23,99,0,2.3535843,173.0
55,55,55,5864,0.2,A,41.142161,-120.61835,6,20040814,20040814,6035.0,20040814,295,130,214,0,2.9589493,147.0
56,56,56,5865,0.3,A,40.9181,-120.9294,6,20090802,20090803,6035.0,20090802,253,81,139,152,2.7886903,109.0
57,57,57,5866,2.0,B,40.7216,-120.4027,6,20010704,20010705,6035.0,20010704,288,132,199,0,2.524465,84.0
58,58,58,5867,0.1,A,40.63194444,-121.31055556,6,20060913,20060913,6035.0,20060913,228,58,136,0,1.2747643999999998,109.0
59,59,59,5868,0.1,A,40.8088,-120.625769,6,20021126,20021126,6035.0,20021126,129,-59,17,0,2.9328854,97.0
60,60,60,5869,0.1,A,40.76605,-120.777719,6,20040701,20040701,6035.0,20040701,241,66,158,0,3.2897635000000003,188.0
61,61,61,5870,0.3,A,39.7325,-120.0342,6,20070531,20070601,6035.0,20070531,224,58,142,0,2.0991464,204.0
62,62,62,5871,169.0,D,40.5225,-120.043,6,20070217,20070218,6035.0,20070217,128,-35,34,0,2.5225813,99.0
63,63,63,5872,0.5,B,39.7189,-120.0133,6,20070531,20070601,6035.0,20070531,224,58,142,0,2.0991464,204.0
64,64,64,5873,0.1,A,40.985661,-120.864569,6,20040701,20040701,6035.0,20040701,241,66,158,0,3.2897635000000003,188.0
65,65,65,5874,0.2,A,39.7422,-120.0169,6,20070531,20070531,6035.0,20070531,224,58,142,0,2.0991464,204.0
66,66,66,5875,0.1,A,40.971339,-121.206731,6,19980727,19980727,6035.0,19980727,293,60,177,0,0.83487475,76.0
67,67,67,5876,0.3,B,40.445783,-120.691639,6,20070531,20070531,6035.0,20070531,224,58,142,0,2.0991464,204.0
68,68,68,5877,0.2,A,40.3879,-120.334231,6,19980726,19980726,6035.0,19980726,259,83,167,0,1.1982094,76.0
69,69,69,5878,0.1,A,40.67083333,-121.23333333,6,20070531,20070531,6035.0,20070531,224,58,142,0,2.0991464,204.0
70,70,70,5879,0.3,A,40.9691,-120.1433,6,20040701,20040701,6035.0,20040701,241,66,158,0,3.2897635000000003,188.0
71,71,71,5880,0.1,A,40.7996,-120.4694,6,20040725,20040725,6035.0,20040725,276,112,173,0,2.1690972,169.0
72,72,72,5881,0.1,A,40.5016,-120.5027,6,20030622,20030622,6035.0,20030622,132,-37,39,0,2.6292436,191.0
73,73,73,5882,5.8,B,40.6099,-120.6111,6,20040725,20040725,6035.0,20040725,276,112,173,0,2.1690972,169.0
74,74,74,5883,0.1,A,40.86166667,-121.31861111,6,20070904,20070904,6035.0,20070904,205,38,110,0,3.3963907,86.0
75,75,75,5884,0.1,A,40.0444,-120.1242,6,20090929,20090929,6035.0,20090929,101,0,45,0,3.1033685,88.0
76,76,76,5885,3.2,A,39.715,-120.0236,6,20070530,20070531,6035.0,20070530,226,106,166,0,0.3700042,204.0
77,77,77,5886,0.1,A,40.4732,-120.5344,6,20030622,20030623,6035.0,20030622,132,-37,39,0,2.6292436,191.0
78,78,78,5887,0.1,A,40.9132,-120.4661,6,20050729,20050729,6035.0,20050729,253,92,165,0,2.4820113,148.0
79,79,79,5888,0.5,B,40.5749,-120.2911,6,20030622,20030623,6035.0,20030622,132,-37,39,0,2.6292436,191.0
80,80,80,5889,2.6,B,40.503,-120.3699,6,20040702,20040703,6035.0,20040702,300,72,189,0,2.4239008,188.0
81,81,81,5890,0.1,A,40.4732,-120.5161,6,20030622,20030623,6035.0,20030622,132,-37,39,0,2.6292436,191.0
82,82,82,5891,2.0,B,40.314,-120.465139,6,19980720,19980720,6035.0,19980720,301,61,191,0,0.7907566,76.0
83,83,83,5892,0.2,A,40.912789,-121.0374,6,20040630,20040630,6035.0,20040630,226,40,130,0,3.080169,188.0
84,84,84,5893,12.0,C,39.74055556,-120.08083333,6,20040629,20040630,6035.0,20040629,233,56,146,0,1.7513990000000002,147.0
85,85,85,5894,0.2,A,40.70833333,-120.875,6,20070601,20070601,6035.0,20070601,237,119,161,0,0.3023233,204.0
86,86,86,5895,0.1,A,40.402919,-120.766939,6,20021106,20021106,6035.0,20021106,172,-94,39,0,2.4509966,97.0
87,87,87,5896,1.8,A,41.1666,-120.5494,6,20040629,20040629,6035.0,20040629,233,56,146,0,1.7513990000000002,147.0
88,88,88,5897,2.6,B,40.896833,-120.969456,6,20070601,20070605,6035.0,20070601,237,119,161,0,0.3023233,204.0
89,89,89,5898,0.1,A,40.5903,-120.6233,6,20090913,20090913,6035.0,20090913,251,89,163,0,3.5305777000000003,82.0
90,90,90,5899,0.2,A,40.927475,-120.941208,6,20070601,20070605,6035.0,20070601,237,119,161,0,0.3023233,204.0
91,91,91,5900,0.1,A,40.9416,-120.136,6,20040629,20040629,6035.0,20040629,233,56,146,0,1.7513990000000002,147.0
92,92,92,5901,0.1,A,40.4582,-120.5227,6,20030623,20030623,6035.0,20030623,129,6,71,0,3.522049,191.0
93,93,93,5902,0.1,A,40.8199,-120.6411,6,20040726,20040726,6035.0,20040726,264,118,185,0,1.6269013,169.0
94,94,94,5903,5.1,B,40.6708,-120.1514,6,20050806,20050807,6035.0,20050806,305,128,203,0,2.4060166,148.0
95,95,95,5904,0.5,B,41.1338,-120.4474,6,20050805,20050806,6035.0,20050805,341,101,217,0,1.258969,148.0
96,96,96,5905,0.1,A,40.9649,-120.1477,6,20040630,20040630,6035.0,20040630,226,40,130,0,3.080169,188.0
97,97,97,5906,0.2,A,40.13194444,-120.55777778,6,20070601,20070601,6035.0,20070601,237,119,161,0,0.3023233,204.0
98,98,98,5907,0.4,B,39.745,-119.9878,6,20070531,20070601,6035.0,20070531,224,58,142,0,2.0991464,204.0
99,99,99,5908,0.1,A,40.9591,-120.108,6,20040630,20040630,6035.0,20040630,226,40,130,0,3.080169,188.0
100,100,100,5909,0.1,A,40.0431,-120.0694,6,20071029,20071029,6035.0,20071029,82,31,45,178,1.4208816999999998,82.0
101,101,101,5910,0.1,A,40.8949,-121.0727,6,20040630,20040630,6035.0,20040630,226,40,130,0,3.080169,188.0
102,102,102,5911,0.9,A,39.7311,-120.0022,6,20070531,20070531,6035.0,20070531,224,58,142,0,2.0991464,204.0
103,103,103,5912,0.1,A,40.417189,-120.7293,6,19980808,19980808,6035.0,19980808,263,20,149,0,1.1843238,85.0
104,104,104,5913,99.0,C,41.0721,-121.0758,6,20070124,20070124,6035.0,20070124,124,-20,36,0,4.3449774,99.0
105,105,105,5914,0.1,A,40.285239,-120.464581,6,20030213,20030213,6035.0,20030213,72,26,41,51,3.1529198,97.0
106,106,106,5915,1.5,B,39.72555556,-120.07944444,6,20070530,20070531,6035.0,20070530,226,106,166,0,0.3700042,204.0
107,107,107,5916,1.0,B,40.445781,-120.691631,6,20030523,20030523,6035.0,20030523,317,67,194,0,0.58309674,207.0
108,108,108,5917,2.0,B,41.102769,-121.323311,6,20030524,20030524,6035.0,20030524,229,67,133,0,2.9008540000000003,207.0
109,109,109,5918,0.5,B,40.915556,-120.748333,6,20070413,20070413,6035.0,20070413,143,-42,59,25,0.79931563,99.0
110,110,110,5919,0.2,A,40.8163,-120.056,6,20040705,20040706,6035.0,20040705,328,78,206,0,0.95524627,188.0
111,111,111,5920,0.1,A,40.480072,-120.545153,6,20070416,20070416,6035.0,20070416,156,-49,63,51,1.2129678,99.0
112,112,112,5921,0.01,A,39.935,-120.10861111,6,20080530,20080530,6035.0,20080530,116,15,53,0,1.2364832,257.0
113,113,113,5922,0.4,A,40.9166,-120.121,6,20030530,20030531,6035.0,20030530,175,67,114,0,3.4804218,207.0
114,114,114,5923,0.1,A,40.357481,-120.465389,6,20030601,20030601,6035.0,20030601,211,47,126,0,1.5592569,207.0
115,115,115,5924,123.0,D,40.9016,-121.1294,6,20040707,20040709,6035.0,20040707,211,35,127,0,3.5027537000000004,188.0
116,116,116,5925,0.1,A,40.431817,-120.937444,6,20071023,20071023,6035.0,20071023,194,100,139,0,3.6503365,82.0
117,117,117,5926,0.1,A,40.409036,-120.563947,6,20070407,20070407,6035.0,20070407,91,-14,34,76,3.0037482000000004,99.0
118,118,118,5927,0.7,B,40.0749,-120.1427,6,20050714,20050714,6035.0,20050714,372,100,239,0,1.1326439,123.0
119,119,119,5928,1.0,B,39.9367,-120.0236,6,20070521,20070521,6035.0,20070521,85,-17,30,0,4.4280124,178.0
120,120,120,5929,0.3,B,40.77833333,-121.26638889,6,20080521,20080522,6035.0,20080521,82,-5,30,0,5.937615,216.0
121,121,121,5930,0.1,A,40.0235,-120.1149,6,20030611,20030611,6035.0,20030611,178,16,89,0,2.2203150000000003,191.0
122,122,122,5931,0.1,A,40.455417,-120.528983,6,20070908,20070908,6035.0,20070908,252,96,174,0,1.2322345,122.0
123,123,123,5932,6.1,B,40.3828,-120.3872,6,20070509,20070510,6035.0,20070509,206,27,117,0,2.7479846,188.0
124,124,124,5933,1.0,B,41.020136,-120.52095,6,20070908,20070908,6035.0,20070908,252,96,174,0,1.2322345,122.0
125,125,125,5934,0.1,A,40.6375,-120.775,6,20070518,20070520,6035.0,20070518,192,-3,106,0,2.3883934,244.0
126,126,126,5935,1.2,B,40.357483,-120.465397,6,20050716,20050716,6035.0,20050716,361,106,233,0,3.1380513,123.0
127,127,127,5936,0.1,A,40.7632,-120.3111,6,20030614,20030614,6035.0,20030614,272,22,150,0,1.7828098999999995,191.0
128,128,128,5937,0.1,A,39.0808,-123.0892,6,20070511,20070511,6035.0,20070511,189,12,106,0,1.9138469,188.0
129,129,129,5938,12.0,C,40.41685,-120.672939,6,20040715,20040716,6035.0,20040715,257,-3,144,0,2.0195048,169.0
130,130,130,5939,0.1,A,40.882189,-120.93145,6,19970611,19970611,6035.0,19970611,165,47,97,25,2.0021296000000004,202.0
131,131,131,5940,0.1,A,41.0988,-120.7722,6,20091215,20091215,6035.0,20091215,20,-18,-1,76,4.9342165,72.0
132,132,132,5941,1.5,B,40.7825,-121.26194444,6,20080521,20080521,6035.0,20080521,82,-5,30,0,5.937615,216.0
133,133,133,5942,15.0,C,40.314061,-120.4465,6,19980720,19980720,6035.0,19980720,301,61,191,0,0.7907566,76.0
134,134,134,5943,0.3,A,40.90455,-120.73985,6,20040724,20040724,6035.0,20040724,306,113,212,0,1.6241395,169.0
135,135,135,5944,0.5,A,39.7333,-120.0464,6,20070530,20070531,6035.0,20070530,226,106,166,0,0.3700042,204.0
136,136,136,5945,0.6,B,40.986219,-120.921861,6,20040703,20040703,6035.0,20040703,253,87,177,0,2.1063964,188.0
137,137,137,5946,106.2,A,40.62083333,-121.00416667,6,20070530,20070531,6035.0,20070530,226,106,166,0,0.3700042,204.0
138,138,138,5947,1.0,B,40.38015,-120.668603,6,20070311,20070311,6035.0,20070311,159,44,98,0,2.0771115,99.0
139,139,139,5948,3.6,B,39.7178,-120.0308,6,20070530,20070531,6035.0,20070530,226,106,166,0,0.3700042,204.0
140,140,140,5949,0.1,A,40.9154,-121.4194,6,20030317,20030319,6035.0,20030317,38,-33,3,0,3.8728948,97.0
141,141,141,5950,0.1,A,40.625,-121.0,6,20070530,20070530,6035.0,20070530,226,106,166,0,0.3700042,204.0
142,142,142,5951,2.5,B,40.349108,-120.422678,6,20070404,20070404,6035.0,20070404,148,-4,69,0,1.4989313,99.0
143,143,143,5952,0.1,A,40.994317,-121.11835,6,20070904,20070905,6035.0,20070904,205,38,110,0,3.3963907,86.0
144,144,144,5953,0.1,A,40.372081,-120.502981,6,20030408,20030408,6035.0,20030408,200,-11,94,0,2.4203286,182.0
145,145,145,5954,1.0,B,40.625,-121.25,6,20071022,20071022,6035.0,20071022,170,-21,64,0,2.8991423,82.0
146,146,146,5955,0.1,A,40.44464,-120.35967,6,20070529,20070530,6035.0,20070529,230,-4,125,0,2.372007,204.0
147,147,147,5956,0.1,A,40.3447,-120.72755,6,19980707,19980707,6035.0,19980707,263,60,169,0,0.65069073,160.0
148,148,148,5957,2.0,B,41.0816,-120.6594,6,20040724,20040725,6035.0,20040724,306,113,212,0,1.6241395,169.0
149,149,149,5958,0.1,A,40.406086,-120.528611,6,20071022,20071022,6035.0,20071022,170,-21,64,0,2.8991423,82.0
150,150,150,5959,1.5,B,40.585,-120.2528,6,20070329,20070329,6035.0,20070329,144,-60,44,25,2.760035,99.0
151,151,151,5960,1.0,B,40.10111111,-120.11888889,6,20080517,20080517,6035.0,20080517,221,60,128,0,1.2103695,246.0
152,152,152,5961,0.8,B,40.313789,-120.448297,6,20070528,20070528,6035.0,20070528,195,-14,100,0,2.8639755,178.0
153,153,153,5962,0.5,B,40.314,-120.465139,6,20030505,20030505,6035.0,20030505,128,-11,61,0,1.1340722,210.0
154,154,154,5963,0.1,A,40.78527778,-121.15166667,6,20080604,20080604,6035.0,20080604,123,13,65,0,4.520265,192.0
155,155,155,5964,0.3,B,39.7447,-120.0397,6,20070528,20070528,6035.0,20070528,195,-14,100,0,2.8639755,178.0
156,156,156,5965,0.1,A,40.9766,-120.1924,6,20040704,20040704,6035.0,20040704,244,67,160,0,2.0960174,188.0
157,157,157,5966,0.1,A,40.7149,-120.2986,6,20040724,20040724,6035.0,20040724,306,113,212,0,1.6241395,169.0
158,158,158,5967,0.1,A,40.5078,-120.5572,6,20080504,20080505,6035.0,20080504,170,-10,95,0,2.5462852,205.0
159,159,159,5968,0.2,A,40.8241,-120.758989,6,19980814,19980814,6035.0,19980814,305,144,210,0,1.0507643999999998,85.0
160,160,160,5969,0.1,A,40.9155,-120.1122,6,20040812,20040813,6035.0,20040812,284,111,191,0,2.0940218,147.0
161,161,161,5970,1.5,B,40.357483,-120.465397,6,20070612,20070612,6035.0,20070612,191,56,127,0,1.2535522,173.0
162,162,162,5971,0.1,A,41.0508,-120.5014,6,20061005,20061006,6035.0,20061005,152,41,89,0,0.6726791,161.0
163,163,163,5972,0.6,A,40.433,-120.2191,6,20040812,20040813,6035.0,20040812,284,111,191,0,2.0940218,147.0
164,164,164,5973,0.1,A,40.357481,-120.465389,6,20061008,20061008,6035.0,20061008,131,28,80,0,2.3577025000000003,99.0
165,165,165,5974,0.1,A,40.6496,-120.6611,6,20040812,20040812,6035.0,20040812,284,111,191,0,2.0940218,147.0
166,166,166,5975,0.1,A,40.61666667,-120.875,6,20071101,20071101,6035.0,20071101,120,-30,29,0,1.2739357,82.0
167,167,167,5976,1113.0,F,40.2982,-120.4594,6,20030702,20030704,6035.0,20030702,283,28,156,0,2.0060942,155.0
168,168,168,5977,0.25,A,40.67916667,-121.04305556,6,20061012,20061012,6035.0,20061012,196,-27,71,0,1.5009716999999998,99.0
169,169,169,5978,125.0,D,41.0336,-120.2489,6,20061014,20061016,6035.0,20061014,155,22,81,25,1.2041683,99.0
170,170,170,5979,2.0,B,39.8788,-120.0349,6,20040812,20040813,6035.0,20040812,284,111,191,0,2.0940218,147.0
171,171,171,5980,0.1,A,40.357611,-120.446711,6,20020901,20020901,6035.0,20020901,328,22,178,0,0.939623,80.0
172,172,172,5981,0.1,A,40.42034,-120.26918,6,20020827,20020827,6035.0,20020827,240,57,163,0,3.9231064,80.0
173,173,173,5982,0.1,A,40.344617,-120.708617,6,20070611,20070611,6035.0,20070611,198,-3,107,0,1.3328146,204.0
174,174,174,5983,1.5,B,40.357611,-120.446711,6,20020904,20020904,6035.0,20020904,197,95,131,0,3.6045716,80.0
175,175,175,5984,0.2,A,40.343261,-120.465361,6,20040614,20040614,6035.0,20040614,216,44,130,0,3.5415792,173.0
176,176,176,5985,0.6,A,40.388361,-120.785519,6,19981020,19981020,6035.0,19981020,206,-22,94,0,4.7943773,167.0
177,177,177,5986,1.0,B,40.431353,-120.6915,6,20050824,20050824,6035.0,20050824,223,30,125,0,0.8132012,105.0
178,178,178,5987,0.1,A,41.1116,-120.5444,6,20040615,20040615,6035.0,20040615,200,63,123,0,4.2145553,173.0
179,179,179,5988,1.5,B,40.925,-120.5053,6,20090820,20090820,6035.0,20090820,290,153,214,0,0.4464366,95.0
180,180,180,5989,0.2,A,41.045,-120.8475,6,20080621,20080621,6035.0,20080621,239,70,156,0,2.6596687,173.0
181,181,181,5990,0.25,A,39.60361111,-120.09388889,6,20071030,20071101,6035.0,20071030,78,-10,48,25,1.1676003,82.0
182,182,182,5991,0.1,A,40.7032,-120.6627,6,20050705,20050705,6035.0,20050705,328,78,206,0,2.3505130000000003,141.0
183,183,183,5992,0.7,A,40.9982,-120.5594,6,20040617,20040617,6035.0,20040617,263,82,173,0,0.82005614,147.0
184,184,184,5993,0.1,A,39.71194444,-120.10888889,6,20061016,20061017,6035.0,20061016,92,-5,35,0,4.132728,99.0
185,185,185,5994,0.3,B,41.0149,-120.3344,6,20040617,20040617,6035.0,20040617,263,82,173,0,0.82005614,147.0
186,186,186,5995,0.1,A,40.373011,-120.371819,6,19990205,19990205,6035.0,19990205,25,-105,-54,25,2.1819792,167.0
187,187,187,5996,0.1,A,40.401031,-120.502961,6,20030703,20030703,6035.0,20030703,289,22,156,0,2.0886648,155.0
188,188,188,5997,0.2,A,40.88333333,-121.21888889,6,20090804,20090804,6035.0,20090804,279,83,182,0,3.093121,92.0
189,189,189,5998,0.1,A,40.905,-121.2422,6,20090805,20090805,6035.0,20090805,259,55,164,0,2.9665484,92.0
190,190,190,5999,0.3,A,40.41685,-120.672939,6,19990511,19990511,6035.0,19990511,49,-13,17,25,1.7523125,167.0
191,191,191,6000,0.1,A,40.723661,-120.721419,6,20060917,20060917,6035.0,20060917,209,-33,83,0,1.4060171,109.0
192,192,192,6001,1.0,B,39.96906,-120.09404,6,19990506,19990507,6035.0,19990506,187,-5,83,0,1.3724468,167.0
193,193,193,6002,4.0,B,40.445667,-120.672608,6,20060919,20060919,6035.0,20060919,86,-2,47,0,2.9363985,109.0
194,194,194,6003,0.2,A,40.6182,-120.2605,6,20040813,20040814,6035.0,20040813,350,100,228,0,2.304886,147.0
195,195,195,6004,0.1,A,40.00656,-120.12105,6,19990426,19990426,6035.0,19990426,83,10,39,0,2.8541274,167.0
196,196,196,6005,0.1,A,40.354642,-120.561642,6,20060921,20060921,6035.0,20060921,110,-9,51,0,3.0901337000000004,109.0
197,197,197,6006,0.1,A,40.56638889,-121.20305556,6,20090806,20090806,6035.0,20090806,125,38,72,229,3.8470786,92.0
198,198,198,6007,4.0,B,40.88291,-120.21606,6,19990423,19990423,6035.0,19990423,98,-42,14,0,6.542751,167.0
199,199,199,6008,0.1,A,40.59972222,-121.29916667,6,20090806,20090806,6035.0,20090806,125,38,72,229,3.8470786,92.0
200,200,200,6009,2.0,B,40.7199,-120.7544,6,20040813,20040814,6035.0,20040813,350,100,228,0,2.304886,147.0
201,201,201,6010,0.1,A,40.95655,-121.2661,6,19990419,19990419,6035.0,19990419,135,4,65,76,1.6130155000000002,167.0
202,202,202,6011,0.1,A,40.7549,-120.7444,6,20040813,20040813,6035.0,20040813,350,100,228,0,2.304886,147.0
203,203,203,6012,2.3,B,40.0349,-120.10271,6,19990415,19990415,6035.0,19990415,138,-60,27,0,5.1062655,167.0
204,204,204,6013,0.1,A,40.7349,-120.6661,6,20040813,20040813,6035.0,20040813,350,100,228,0,2.304886,147.0
205,205,205,6014,0.1,A,40.386719,-120.521731,6,20020819,20020819,6035.0,20020819,240,55,154,0,2.0706112,80.0
206,206,206,6015,0.1,A,40.6525,-120.76833333,6,20060924,20060924,6035.0,20060924,155,4,68,0,2.699403,161.0
207,207,207,6016,910.1,E,40.5682,-120.193,6,20040813,20040815,6035.0,20040813,350,100,228,0,2.304886,147.0
208,208,208,6017,5.0,B,40.431261,-120.672689,6,19990327,19990328,6035.0,19990327,36,-88,-28,0,3.3787785,167.0
209,209,209,6018,447.2000000000001,A,40.7949,-120.116,6,20040813,20040814,6035.0,20040813,350,100,228,0,2.304886,147.0
210,210,210,6019,2.0,B,41.15,-120.0333,6,20060923,20060924,6035.0,20060923,173,7,97,0,4.0833488,161.0
211,211,211,6020,0.1,A,40.1089,-120.0286,6,20070602,20070605,6035.0,20070602,233,101,158,0,2.0815396,204.0
212,212,212,6021,0.1,A,41.0182,-120.3111,6,20040617,20040617,6035.0,20040617,263,82,173,0,0.82005614,147.0
213,213,213,6022,22.3,C,40.9999,-120.4844,6,20020915,20020915,6035.0,20020915,211,66,120,0,2.3430772,94.0
214,214,214,6023,0.1,A,40.76805556,-121.21777778,6,20090908,20090908,6035.0,20090908,242,25,133,0,1.5731729,82.0
215,215,215,6024,1.1,B,40.348825,-120.439828,6,20070112,20070112,6035.0,20070112,-118,-192,-159,0,4.1630425,99.0
216,216,216,6025,0.1,A,40.7339,-120.5878,6,20090912,20090912,6035.0,20090912,253,145,183,0,0.6560578,82.0
217,217,217,6026,0.1,A,40.838889,-121.12185,6,20040628,20040630,6035.0,20040628,247,55,138,0,0.6774207,147.0
218,218,218,6027,5.0,B,40.5723,-120.30293,6,20070903,20070903,6035.0,20070903,260,20,150,0,2.0820181,136.0
219,219,219,6028,0.1,A,40.431439,-120.710361,6,20021027,20021027,6035.0,20021027,108,-57,29,0,0.97405934,97.0
220,220,220,6029,1.0,B,40.409036,-120.563947,6,20070117,20070117,6035.0,20070117,-11,-86,-47,0,2.428655,99.0
221,221,221,6030,65.0,C,40.853169,-120.9694,6,19980819,19980820,6035.0,19980819,200,62,123,0,0.90355784,85.0
222,222,222,6031,0.2,A,40.75,-121.0,6,20070602,20070602,6035.0,20070602,233,101,158,0,2.0815396,204.0
223,223,223,6032,0.1,A,40.8216,-120.1577,6,20040628,20040628,6035.0,20040628,247,55,138,0,0.6774207,147.0
224,224,224,6033,0.1,A,40.473489,-120.5411,6,19980816,19980816,6035.0,19980816,239,32,141,0,2.4161494,85.0
225,225,225,6034,5.1,B,41.088511,-121.248031,6,20040628,20040628,6035.0,20040628,247,55,138,0,0.6774207,147.0
226,226,226,6035,0.1,A,40.79485,-120.796889,6,19980815,19980815,6035.0,19980815,273,93,181,0,2.6699982,85.0
227,227,227,6036,0.1,A,41.0016,-120.6311,6,20040628,20040628,6035.0,20040628,247,55,138,0,0.6774207,147.0
228,228,228,6037,234.55,D,40.1167,-120.0397,6,20070602,20070605,6035.0,20070602,233,101,158,0,2.0815396,204.0
229,229,229,6038,0.2,A,40.387569,-120.710531,6,19980814,19980814,6035.0,19980814,305,144,210,0,1.0507643999999998,85.0
230,230,230,6039,0.1,A,41.0232,-120.6311,6,20040628,20040628,6035.0,20040628,247,55,138,0,0.6774207,147.0
231,231,231,6040,0.1,A,40.373161,-120.690819,6,19980814,19980814,6035.0,19980814,305,144,210,0,1.0507643999999998,85.0
232,232,232,6041,0.1,A,40.3999,-120.7611,6,20021102,20021102,6035.0,20021102,96,-188,-52,0,1.612442,97.0
233,233,233,6042,3.5,B,40.523,-120.4686,6,20050808,20050808,6035.0,20050808,278,77,183,0,2.4301932,148.0
234,234,234,6043,0.1,A,40.373681,-120.747489,6,19980814,19980814,6035.0,19980814,305,144,210,0,1.0507643999999998,85.0
235,235,235,6044,0.1,A,40.417331,-120.748389,6,20021030,20021030,6035.0,20021030,34,-125,-51,0,0.7964885,97.0
236,236,236,6045,0.1,A,39.9533,-120.0342,6,20090824,20090824,6035.0,20090824,252,22,141,0,1.517168,95.0
237,237,237,6046,0.1,A,40.8266,-120.7944,6,20040628,20040628,6035.0,20040628,247,55,138,0,0.6774207,147.0
238,238,238,6047,0.01,A,39.825,-120.10694444,6,20071029,20071030,6035.0,20071029,82,31,45,178,1.4208816999999998,82.0
239,239,239,6048,0.3,B,40.8691,-120.1858,6,20050820,20050820,6035.0,20050820,270,76,163,0,1.25,105.0
240,240,240,6049,0.1,A,40.904531,-120.8354,6,20040618,20040618,6035.0,20040618,220,37,145,0,3.2144685,147.0
241,241,241,6050,0.1,A,41.15694444,-120.77027778,6,20080621,20080622,6035.0,20080621,239,70,156,0,2.6596687,173.0
242,242,242,6051,3.0,B,40.913,-121.206989,6,20040808,20040808,6035.0,20040808,356,67,211,0,1.7340142,180.0
243,243,243,6052,368.1,E,40.4028,-120.17271,6,20040622,20040625,6035.0,20040622,328,44,189,0,1.2257621,147.0
244,244,244,6053,0.01,A,40.10166667,-120.11861111,6,20080512,20080512,6035.0,20080512,110,-28,34,0,4.4975157,182.0
245,245,245,6054,1.0,B,40.923183,-120.812317,6,20071030,20071030,6035.0,20071030,78,-10,48,25,1.1676003,82.0
246,246,246,6055,2.0,B,40.357681,-120.540811,6,19980915,19980915,6035.0,19980915,249,113,165,0,2.0802164,104.0
247,247,247,6056,0.2,A,40.9249,-120.2444,6,20040623,20040624,6035.0,20040623,255,39,155,0,2.7692814,147.0
248,248,248,6057,0.1,A,41.17805556,-120.74944444,6,20080621,20080622,6035.0,20080621,239,70,156,0,2.6596687,173.0
249,249,249,6058,2.3,B,40.9107,-120.2661,6,20050817,20050818,6035.0,20050817,262,67,174,0,3.0662346,105.0
250,250,250,6059,0.1,A,40.82489,-120.14606,6,20040628,20040628,6035.0,20040628,247,55,138,0,0.6774207,147.0
251,251,251,6060,0.1,A,40.6216,-120.2477,6,20020924,20020924,6035.0,20020924,260,50,151,0,0.9425581,106.0
252,252,252,6061,0.1,A,40.374139,-120.182317,6,20050815,20050815,6035.0,20050815,264,73,156,0,1.6850553,105.0
253,253,253,6062,0.1,A,41.1173,-121.267161,6,19980909,19980910,6035.0,19980909,154,45,81,51,1.4221498,104.0
254,254,254,6063,0.1,A,40.99972222,-121.39972222,6,20090901,20090901,6035.0,20090901,260,77,160,0,3.103203,82.0
255,255,255,6064,0.1,A,40.40656,-120.63801,6,20021003,20021004,6035.0,20021003,134,-32,59,0,1.1995451,106.0
256,256,256,6065,0.1,A,40.852811,-120.816669,6,19980904,19980904,6035.0,19980904,308,76,207,0,1.5438324,110.0
257,257,257,6066,0.1,A,40.8885,-120.1599,6,20050707,20050707,6035.0,20050707,311,94,206,0,2.727875,141.0
258,258,258,6067,0.1,A,40.736742,-120.701728,6,20071029,20071029,6035.0,20071029,82,31,45,178,1.4208816999999998,82.0
259,259,259,6068,0.1,A,40.7697,-120.3422,6,20080515,20080515,6035.0,20080515,172,34,91,0,5.8201246,246.0
260,260,260,6069,0.1,A,40.4192,-120.6803,6,20070103,20070103,6035.0,20070103,33,-42,-1,305,5.130337,99.0
261,261,261,6070,0.8,A,41.132181,-120.8473,6,20040627,20040628,6035.0,20040627,280,51,164,0,3.2411888,147.0
262,262,262,6071,0.1,A,40.99972222,-121.39972222,6,20090831,20090901,6035.0,20090831,223,84,142,0,2.9120479,95.0
263,263,263,6072,0.1,A,40.9163,-120.3322,6,20090801,20090801,6035.0,20090801,270,118,183,0,0.79428977,109.0
264,264,264,6073,0.3,B,41.117281,-121.32345,6,20040417,20040417,6035.0,20040417,38,-57,-15,25,2.2069056,243.0
265,265,265,6074,0.1,A,40.43416667,-120.90138889,6,20060903,20060903,6035.0,20060903,282,87,180,0,1.0816764,123.0
266,266,266,6075,0.2,A,40.9266,-120.4844,6,20000804,20000805,6035.0,20000804,266,117,182,0,2.7424278,63.0
267,267,267,6076,0.1,A,41.1299,-120.5044,6,20000807,20000807,6035.0,20000807,307,133,200,0,1.694257,63.0
268,268,268,6077,0.9,B,41.045231,-121.210019,6,20000808,20000812,6035.0,20000808,333,94,217,0,1.6611171999999998,63.0
269,269,269,6078,0.1,A,40.7799,-120.3461,6,20010825,20010825,6035.0,20010825,305,13,164,0,0.9900055,58.0
270,270,270,6079,0.1,A,40.8966,-120.9111,6,20000808,20000808,6035.0,20000808,333,94,217,0,1.6611171999999998,63.0
271,271,271,6080,0.1,A,41.132369,-120.828431,6,20000803,20000803,6035.0,20000803,260,117,185,0,2.876484,63.0
272,272,272,6081,1.0,B,41.16135,-121.305839,6,20000808,20000808,6035.0,20000808,333,94,217,0,1.6611171999999998,63.0
273,273,273,6082,0.1,A,40.3481,-120.2325,6,20090211,20090211,6035.0,20090211,-41,-103,-67,76,4.761865599999998,77.0
274,274,274,6083,0.1,A,40.9132,-120.9427,6,20000808,20000808,6035.0,20000808,333,94,217,0,1.6611171999999998,63.0
275,275,275,6084,0.2,A,40.503489,-120.7392,6,20000810,20000810,6035.0,20000810,199,5,112,0,3.8381422,63.0
276,276,276,6085,1.0,B,40.415981,-120.57825,6,20030909,20030909,6035.0,20030909,59,6,38,203,2.4451822999999995,122.0
277,277,277,6086,1.5,B,40.375139,-120.66055,6,20070721,20070721,6035.0,20070721,203,82,137,0,2.7294357,137.0
278,278,278,6087,2.0,B,40.2692,-120.0833,6,20060530,20060530,6035.0,20060530,186,-24,91,0,1.0012493,225.0
279,279,279,6088,0.5,B,40.1366,-120.1777,6,20000820,20000820,6035.0,20000820,208,39,120,0,2.2110996,104.0
280,280,280,6089,0.1,A,41.132369,-120.828431,6,20030905,20030906,6035.0,20030905,266,86,177,0,0.5503667,121.0
281,281,281,6090,2.0,B,40.1366,-120.1777,6,20010824,20010824,6035.0,20010824,234,-1,119,0,1.6709287,50.0
282,282,282,6091,4.0,B,40.431819,-120.937439,6,20030726,20030726,6035.0,20030726,274,60,175,0,2.1914632000000003,151.0
283,283,283,6092,0.4,A,40.9849,-120.6561,6,20000803,20000803,6035.0,20000803,260,117,185,0,2.876484,63.0
284,284,284,6093,1084.0,F,40.41735,-120.804489,6,20000718,20000725,6035.0,20000718,236,5,137,0,1.6510916000000002,67.0
285,285,285,6094,3.0,B,40.95282,-120.12671,6,20030725,20030726,6035.0,20030725,261,77,175,0,3.0186918,151.0
286,286,286,6095,0.1,A,41.044531,-121.302719,6,20010911,20010911,6035.0,20010911,250,22,139,0,0.55947095,152.0
287,287,287,6096,0.6,B,41.030761,-121.209981,6,20000719,20000723,6035.0,20000719,276,61,177,0,1.6228919,67.0
288,288,288,6097,14.0,C,40.4832,-120.5061,6,20030725,20030728,6035.0,20030725,261,77,175,0,3.0186918,151.0
289,289,289,6098,0.4,B,40.431261,-120.672689,6,20010908,20010908,6035.0,20010908,201,-15,82,0,3.4936682999999995,152.0
290,290,290,6099,16.5,B,40.4982,-120.5077,6,20030725,20030728,6035.0,20030725,261,77,175,0,3.0186918,151.0
291,291,291,6100,0.1,A,40.4666,-120.281,6,20050414,20050414,6035.0,20050414,59,-92,-31,0,0.6400774,182.0
292,292,292,6101,1234.25,F,40.373406,-120.728697,6,20060718,20060728,6035.0,20060718,289,126,202,0,1.7189738,140.0
293,293,293,6102,0.3,B,41.131661,-120.942061,6,20010830,20010830,6035.0,20010830,292,79,190,0,2.3221583,58.0
294,294,294,6103,0.3,A,40.329869,-120.708189,6,20030725,20030725,6035.0,20030725,261,77,175,0,3.0186918,151.0
295,295,295,6104,22.2,C,40.1277,-120.1844,6,20030916,20030917,6035.0,20030916,144,17,89,0,3.9840643,122.0
296,296,296,6105,0.1,A,40.9017,-120.2514,6,20060717,20060717,6035.0,20060717,314,98,214,0,1.2445457,140.0
297,297,297,6106,0.1,A,40.458481,-120.50315,6,20030905,20030905,6035.0,20030905,266,86,177,0,0.5503667,121.0
298,298,298,6107,8.0,B,41.08732,-120.46175,6,20010819,20010819,6035.0,20010819,317,39,178,0,0.5954803000000001,120.0
299,299,299,6108,0.1,A,40.458819,-120.465131,6,20030905,20030905,6035.0,20030905,266,86,177,0,0.5503667,121.0
300,300,300,6109,0.1,A,40.3875,-120.975481,6,20000821,20000821,6035.0,20000821,264,69,181,0,2.2604852,104.0
301,301,301,6110,0.1,A,40.898217,-121.087425,6,20060708,20060708,6035.0,20060708,315,85,198,0,1.1501678,162.0
302,302,302,6111,0.5,B,40.839081,-121.064769,6,20030904,20030904,6035.0,20030904,267,116,180,0,1.2340546,121.0
303,303,303,6112,0.1,A,40.927625,-120.960436,6,20060708,20060708,6035.0,20060708,315,85,198,0,1.1501678,162.0
304,304,304,6113,0.1,A,40.5686,-120.2356,6,20060603,20060603,6035.0,20060603,195,82,127,0,1.8086802,201.0
305,305,305,6114,1.0,B,40.0932,-120.1777,6,20000910,20000910,6035.0,20000910,203,-13,102,0,0.6964183,88.0
306,306,306,6115,0.5,B,41.016022,-121.152319,6,20060708,20060709,6035.0,20060708,315,85,198,0,1.1501678,162.0
307,307,307,6116,34.300000000000004,C,40.6066,-120.3527,6,20030904,20030904,6035.0,20030904,267,116,180,0,1.2340546,121.0
308,308,308,6117,0.25,A,40.50083333,-120.78416667,6,20080806,20080806,6035.0,20080806,229,118,154,0,1.3703306999999998,125.0
309,309,309,6118,0.1,A,40.9082,-120.9077,6,20030904,20030904,6035.0,20030904,267,116,180,0,1.2340546,121.0
310,310,310,6119,0.1,A,40.8382,-120.7794,6,20010810,20010810,6035.0,20010810,344,89,217,0,1.7698021000000002,74.0
311,311,311,6120,0.1,A,40.227319,-120.482469,6,20030904,20030905,6035.0,20030904,267,116,180,0,1.2340546,121.0
312,312,312,6121,0.2,A,40.7978,-119.8478,6,20060708,20060708,6035.0,20060708,315,85,198,0,1.1501678,162.0
313,313,313,6122,0.2,A,40.227181,-120.46365,6,20030904,20030904,6035.0,20030904,267,116,180,0,1.2340546,121.0
314,314,314,6123,0.1,A,40.1366,-120.1394,6,20010810,20010810,6035.0,20010810,344,89,217,0,1.7698021000000002,74.0
315,315,315,6124,3.0,B,41.1732,-120.5227,6,20010809,20010809,6035.0,20010809,307,86,206,0,1.8558654,74.0
316,316,316,6125,0.3,B,40.9183,-120.8833,6,20060708,20060708,6035.0,20060708,315,85,198,0,1.1501678,162.0
317,317,317,6126,8.0,B,40.4374,-120.0741,6,20030924,20030925,6035.0,20030924,328,6,167,0,0.6747675999999999,135.0
318,318,318,6127,0.6,B,41.112789,-120.922242,6,20060708,20060708,6035.0,20060708,315,85,198,0,1.1501678,162.0
319,319,319,6128,2.0,B,41.124283,-120.847178,6,20060530,20060530,6035.0,20060530,186,-24,91,0,1.0012493,225.0
320,320,320,6129,4.0,B,41.1553,-120.5089,6,20080804,20080804,6035.0,20080804,273,16,157,0,1.2093018,125.0
321,321,321,6130,6.0,B,40.867847,-121.102969,6,20060709,20060709,6035.0,20060709,261,89,169,0,0.60901606,162.0
322,322,322,6131,0.2,A,40.912839,-121.113869,6,20030905,20030905,6035.0,20030905,266,86,177,0,0.5503667,121.0
323,323,323,6132,0.1,A,40.4732,-120.5544,6,20000826,20000826,6035.0,20000826,245,-4,129,0,2.0945942,104.0
324,324,324,6133,0.1,A,40.4206,-120.6769,6,20060601,20060601,6035.0,20060601,182,25,111,0,2.0106933,225.0
325,325,325,6134,0.5,B,40.0349,-120.1577,6,20000828,20000828,6035.0,20000828,259,10,148,0,1.4732997,104.0
326,326,326,6135,0.1,A,41.16694444,-120.83388889,6,20060708,20060709,6035.0,20060708,315,85,198,0,1.1501678,162.0
327,327,327,6136,0.2,A,40.8132,-120.9161,6,20030904,20030904,6035.0,20030904,267,116,180,0,1.2340546,121.0
328,328,328,6137,4.9,A,40.55194444,-120.91888889,6,20060708,20060708,6035.0,20060708,315,85,198,0,1.1501678,162.0
329,329,329,6138,0.2,A,40.839011,-121.102969,6,20030904,20030905,6035.0,20030904,267,116,180,0,1.2340546,121.0
330,330,330,6139,0.9,B,41.103,-120.884589,6,20060708,20060708,6035.0,20060708,315,85,198,0,1.1501678,162.0
331,331,331,6140,0.1,A,40.438069,-120.628153,6,20050327,20050327,6035.0,20050327,92,-3,35,127,6.8616757,182.0
332,332,332,6141,0.2,A,40.8666,-120.6661,6,20010912,20010912,6035.0,20010912,278,50,167,3,0.8127138,152.0
333,333,333,6142,0.1,A,40.357611,-120.446711,6,20000606,20000606,6035.0,20000606,194,-12,110,0,1.4221498,120.0
334,334,334,6143,0.1,A,41.1599,-120.5227,6,20030723,20030723,6035.0,20030723,348,156,225,279,1.7117209999999998,151.0
335,335,335,6144,0.1,A,40.99972222,-121.33638889,6,20090524,20090524,6035.0,20090524,161,65,106,0,1.8216507,194.0
336,336,336,6145,0.2,A,40.9132,-120.9811,6,20011008,20011008,6035.0,20011008,106,-47,30,0,2.846044,129.0
337,337,337,6146,0.2,A,40.5925,-120.2469,6,20090524,20090524,6035.0,20090524,161,65,106,0,1.8216507,194.0
338,338,338,6147,0.1,A,40.6782,-120.7611,6,20011007,20011007,6035.0,20011007,233,-22,106,0,2.0719628,129.0
339,339,339,6148,0.1,A,41.001319,-121.2645,6,20000617,20000617,6035.0,20000617,251,41,153,0,3.2496939,156.0
340,340,340,6149,0.1,A,40.773,-120.5736,6,20020718,20020719,6035.0,20020718,195,93,134,0,1.4001473,141.0
341,341,341,6150,0.2,A,40.7499,-120.7227,6,20030723,20030723,6035.0,20030723,348,156,225,279,1.7117209999999998,151.0
342,342,342,6151,1.2,B,40.30492,-120.03888,6,20000620,20000620,6035.0,20000620,231,76,155,0,3.019817,156.0
343,343,343,6152,0.2,A,40.63305556,-121.29777778,6,20060722,20060722,6035.0,20060722,326,129,229,0,0.35355338,140.0
344,344,344,6153,1195.0,F,40.6249,-120.2508,6,20031015,20031019,6035.0,20031015,116,22,57,0,2.2214663,119.0
345,345,345,6154,0.4,B,40.635111,-120.739569,6,20030723,20030723,6035.0,20030723,348,156,225,279,1.7117209999999998,151.0
346,346,346,6155,0.1,A,41.1166,-120.5611,6,20000622,20000622,6035.0,20000622,322,89,206,0,2.5160637,156.0
347,347,347,6156,40.0,C,40.68099,-120.2582,6,20030723,20030724,6035.0,20030723,348,156,225,279,1.7117209999999998,151.0
348,348,348,6157,0.1,A,40.780139,-120.682781,6,20000622,20000622,6035.0,20000622,322,89,206,0,2.5160637,156.0
349,349,349,6158,0.1,A,39.9831,-120.0661,6,20070819,20070819,6035.0,20070819,209,89,144,0,2.8153925,162.0
350,350,350,6159,0.1,A,40.7366,-120.7227,6,20030723,20030723,6035.0,20030723,348,156,225,279,1.7117209999999998,151.0
351,351,351,6160,1.0,B,40.3875,-120.371981,6,20031013,20031013,6035.0,20031013,173,-53,61,0,2.7843122000000005,119.0
352,352,352,6161,0.3,B,40.473711,-120.577881,6,20030723,20030723,6035.0,20030723,348,156,225,279,1.7117209999999998,151.0
353,353,353,6162,0.1,A,40.73527778,-121.08333333,6,20060723,20060723,6035.0,20060723,285,131,189,0,1.9220889,140.0
354,354,354,6163,0.2,A,40.49944444,-121.12611111,6,20090528,20090528,6035.0,20090528,204,42,106,0,0.7891748000000001,218.0
355,355,355,6164,0.1,A,40.315569,-120.708031,6,20030723,20030723,6035.0,20030723,348,156,225,279,1.7117209999999998,151.0
356,356,356,6165,0.1,A,40.6133,-120.2455,6,20090528,20090528,6035.0,20090528,204,42,106,0,0.7891748000000001,218.0
357,357,357,6166,14.0,C,40.8006,-120.2017,6,20070711,20070712,6035.0,20070711,222,91,175,25,2.8270752,161.0
358,358,358,6167,0.3,A,40.8175,-120.165,6,20090528,20090528,6035.0,20090528,204,42,106,0,0.7891748000000001,218.0
359,359,359,6168,0.3,B,40.6631,-120.4792,6,20070711,20070711,6035.0,20070711,222,91,175,25,2.8270752,161.0
360,360,360,6169,0.1,A,40.85933,-120.2114,6,20080716,20080716,6035.0,20080716,243,55,155,0,2.7209015,142.0
361,361,361,6170,0.1,A,40.81777778,-121.18416667,6,20090528,20090528,6035.0,20090528,204,42,106,0,0.7891748000000001,218.0
362,362,362,6171,0.1,A,40.90055556,-121.26722222,6,20070711,20070711,6035.0,20070711,222,91,175,25,2.8270752,161.0
363,363,363,6172,0.1,A,40.7649,-120.7161,6,20030723,20030723,6035.0,20030723,348,156,225,279,1.7117209999999998,151.0
364,364,364,6173,0.1,A,40.60111111,-121.23388889,6,20060723,20060723,6035.0,20060723,285,131,189,0,1.9220889,140.0
365,365,365,6174,0.1,A,40.84138889,-121.36305556,6,20090527,20090527,6035.0,20090527,186,25,97,0,2.1552207,218.0
366,366,366,6175,0.1,A,40.0499,-120.1394,6,20031023,20031023,6035.0,20031023,151,-46,54,0,2.7997901,116.0
367,367,367,6176,0.1,A,40.3849,-120.3094,6,20011015,20011018,6035.0,20011015,207,-35,82,0,2.330017,129.0
368,368,368,6177,0.1,A,40.58472222,-121.25083333,6,20060723,20060723,6035.0,20060723,285,131,189,0,1.9220889,140.0
369,369,369,6178,0.1,A,40.86916667,-121.23611111,6,20070711,20070711,6035.0,20070711,222,91,175,25,2.8270752,161.0
370,370,370,6179,0.3,B,40.502139,-120.594269,6,20030723,20030723,6035.0,20030723,348,156,225,279,1.7117209999999998,151.0
371,371,371,6180,3.0,B,41.1166,-120.4461,6,20030904,20030908,6035.0,20030904,267,116,180,0,1.2340546,121.0
372,372,372,6181,0.1,A,40.97055,-120.769531,6,20041226,20041226,6035.0,20041226,63,-22,7,0,5.173291000000001,117.0
373,373,373,6182,0.1,A,40.590389,-120.683361,6,20030724,20030724,6035.0,20030724,289,156,222,8,2.1472983,151.0
374,374,374,6183,0.1,A,40.432619,-120.008469,6,20030929,20030929,6035.0,20030929,251,37,143,0,1.9597017,135.0
375,375,375,6184,0.1,A,40.7366,-120.3277,6,20030724,20030724,6035.0,20030724,289,156,222,8,2.1472983,151.0
376,376,376,6185,0.2,A,40.4866,-120.5294,6,20010916,20010916,6035.0,20010916,193,31,96,0,1.9012823,152.0
377,377,377,6186,0.1,A,40.0982,-120.131,6,20030929,20030929,6035.0,20030929,251,37,143,0,1.9597017,135.0
378,378,378,6187,0.8,B,40.7658,-120.6055,6,20080321,20080509,6035.0,20080321,26,-82,-37,25,0.65376663,82.0
379,379,379,6188,0.2,A,40.487819,-120.5777,6,20010915,20010915,6035.0,20010915,179,68,103,51,0.32757226,152.0
380,380,380,6189,0.1,A,40.413792,-120.637889,6,20050314,20050314,6035.0,20050314,128,-83,22,0,2.8915446,117.0
381,381,381,6190,0.3,A,40.838689,-120.778019,6,20010915,20010915,6035.0,20010915,179,68,103,51,0.32757226,152.0
382,382,382,6191,226.0,D,40.11277778,-120.38305556,6,20090422,20090422,6035.0,20090422,221,46,136,0,3.1590178,222.0
383,383,383,6192,2.0,B,40.44172,-120.51071,6,20070817,20070817,6035.0,20070817,197,45,122,0,2.339079,162.0
384,384,384,6193,0.1,A,40.9849,-120.7327,6,20010913,20010913,6035.0,20010913,119,27,66,25,1.6794416,152.0
385,385,385,6194,0.1,A,40.1144,-120.1025,6,20060517,20060517,6035.0,20060517,296,93,196,0,0.3858756,229.0
386,386,386,6195,107.0,D,40.3849,-120.7611,6,20000713,20000716,6035.0,20000713,227,74,141,0,2.9797451,114.0
387,387,387,6196,0.1,A,40.9132,-120.5,6,20050318,20050318,6035.0,20050318,18,-58,-21,0,3.136951,117.0
388,388,388,6197,0.1,A,40.9849,-120.7127,6,20010912,20010912,6035.0,20010912,278,50,167,3,0.8127138,152.0
389,389,389,6198,0.1,A,40.0349,-120.1027,6,20000706,20000706,6035.0,20000706,175,10,87,0,2.0274363,114.0
390,390,390,6199,0.1,A,40.604969,-120.68345,6,20030724,20030724,6035.0,20030724,289,156,222,8,2.1472983,151.0
391,391,391,6200,0.1,A,40.77938,-120.58741,6,20010917,20010917,6035.0,20010917,187,57,115,0,1.1172192,152.0
392,392,392,6201,0.2,A,40.9132,-121.2478,6,20000705,20000706,6035.0,20000705,141,50,84,0,3.3990922,114.0
393,393,393,6202,0.5,B,41.160739,-120.942239,6,20010928,20010929,6035.0,20010928,147,-4,65,0,1.7331163,143.0
394,394,394,6203,0.2,A,40.35765,-120.503139,6,20000626,20000626,6035.0,20000626,269,41,171,0,1.6571116,156.0
395,395,395,6204,89.0,C,39.8025,-120.09861111,6,20070819,20070819,6035.0,20070819,209,89,144,0,2.8153925,162.0
396,396,396,6205,0.2,A,41.089039,-121.037861,6,20030724,20030724,6035.0,20030724,289,156,222,8,2.1472983,151.0
397,397,397,6206,1076.0,F,40.0649,-120.046,6,20000629,20000706,6035.0,20000629,254,67,158,0,0.5981618000000001,156.0
398,398,398,6207,0.1,A,40.445889,-120.710481,6,20010925,20010925,6035.0,20010925,76,12,47,178,3.4258550000000003,143.0
399,399,399,6208,0.5,B,41.045089,-121.057461,6,20000701,20000701,6035.0,20000701,203,44,132,0,3.464471,114.0
400,400,400,6209,0.2,A,40.63388889,-121.16861111,6,20060722,20060722,6035.0,20060722,326,129,229,0,0.35355338,140.0
401,401,401,6210,0.1,A,40.882061,-120.893081,6,20000702,20000703,6035.0,20000702,180,17,88,25,2.4379656,114.0
402,402,402,6211,0.1,A,40.66763,-120.1809,6,20030724,20030725,6035.0,20030724,289,156,222,8,2.1472983,151.0
403,403,403,6212,0.1,A,40.5093,-120.268,6,20031003,20031003,6035.0,20031003,187,23,85,0,1.3309333,135.0
404,404,404,6213,148.0,D,40.0853,-120.1111,6,20060722,20060723,6035.0,20060722,326,129,229,0,0.35355338,140.0
405,405,405,6214,0.5,B,41.089019,-121.018669,6,20030724,20030724,6035.0,20030724,289,156,222,8,2.1472983,151.0
406,406,406,6215,0.1,A,40.6332,-120.5544,6,20000703,20000703,6035.0,20000703,175,41,108,0,4.5479393,114.0
407,407,407,6216,0.25,A,40.65555556,-121.29972222,6,20060722,20060722,6035.0,20060722,326,129,229,0,0.35355338,140.0
408,408,408,6217,0.1,A,41.160931,-120.866211,6,20000705,20000705,6035.0,20000705,141,50,84,0,3.3990922,114.0
409,409,409,6218,3.0,B,40.0482,-120.1277,6,20000706,20000706,6035.0,20000706,175,10,87,0,2.0274363,114.0
410,410,410,6219,0.3,B,40.927222,-121.0373,6,20070711,20070711,6035.0,20070711,222,91,175,25,2.8270752,161.0
411,411,411,6220,3.0,B,40.1232,-120.2344,6,20000921,20000922,6035.0,20000921,185,46,116,0,3.1046638,88.0
412,412,412,6221,0.1,A,40.912839,-121.113869,6,20030904,20030905,6035.0,20030904,267,116,180,0,1.2340546,121.0
413,413,413,6222,15.1,A,40.8532,-121.0061,6,20010712,20010712,6035.0,20010712,224,43,123,0,1.7921206000000005,111.0
414,414,414,6223,0.1,A,40.4149,-120.6661,6,20010614,20010614,6035.0,20010614,283,0,144,0,1.0478604,146.0
415,415,415,6224,0.3,A,40.66888889,-120.83361111,6,20060627,20060627,6035.0,20060627,288,90,170,178,2.1891627,168.0
416,416,416,6225,0.7,B,40.8711,-120.3847,6,20080824,20080824,6035.0,20080824,239,97,163,0,2.324418,114.0
417,417,417,6226,0.2,A,40.63388889,-121.21666667,6,20060627,20060627,6035.0,20060627,288,90,170,178,2.1891627,168.0
418,418,418,6227,0.1,A,40.9266,-121.2278,6,20010711,20010711,6035.0,20010711,198,51,114,0,2.1622698,111.0
419,419,419,6228,0.1,A,40.84027778,-120.99861111,6,20060627,20060627,6035.0,20060627,288,90,170,178,2.1891627,168.0
420,420,420,6229,0.3,B,39.8083,-120.0308,6,20060621,20060622,6035.0,20060621,193,7,93,0,3.01054,168.0
421,421,421,6230,0.1,A,40.9416,-121.2094,6,20010711,20010712,6035.0,20010711,198,51,114,0,2.1622698,111.0
422,422,422,6231,7.0,B,40.8966,-120.4411,6,20030820,20030820,6035.0,20030820,291,110,187,0,1.7541091,119.0
423,423,423,6232,3.35,B,40.84222222,-120.99166667,6,20060627,20060627,6035.0,20060627,288,90,170,178,2.1891627,168.0
424,424,424,6233,0.1,A,41.2425,-120.6025,6,20060621,20060622,6035.0,20060621,193,7,93,0,3.01054,168.0
425,425,425,6234,0.1,A,40.83277778,-120.99,6,20060627,20060627,6035.0,20060627,288,90,170,178,2.1891627,168.0
426,426,426,6235,0.1,A,40.41685,-120.672939,6,20010612,20010612,6035.0,20010612,106,-12,43,0,4.2742925000000005,146.0
427,427,427,6236,0.01,A,40.64722222,-121.32527778,6,20080916,20080916,6035.0,20080916,247,87,158,0,0.5852368,72.0
428,428,428,6237,0.4,A,40.912511,-120.883994,6,20060627,20060627,6035.0,20060627,288,90,170,178,2.1891627,168.0
429,429,429,6238,1.0,B,41.4353,-120.6005,6,20070810,20070810,6035.0,20070810,217,87,144,0,2.3708408,125.0
430,430,430,6239,0.1,A,40.882239,-120.950517,6,20060627,20060627,6035.0,20060627,288,90,170,178,2.1891627,168.0
431,431,431,6240,0.3,B,40.03189,-120.11281,6,20080817,20080817,6035.0,20080817,275,140,204,0,0.704914,116.0
432,432,432,6241,0.2,A,40.8856,-120.9019,6,20060627,20060627,6035.0,20060627,288,90,170,178,2.1891627,168.0
433,433,433,6242,0.1,A,40.0199,-120.1394,6,20010715,20010715,6035.0,20010715,214,63,133,25,3.0431085,85.0
434,434,434,6243,0.6,B,40.941508,-120.788719,6,20060627,20060627,6035.0,20060627,288,90,170,178,2.1891627,168.0
435,435,435,6244,0.1,A,40.46833333,-121.13555556,6,20080818,20080818,6035.0,20080818,222,99,151,0,3.4909,116.0
436,436,436,6245,2.0,B,39.7405,-120.0419,6,20010605,20010605,6035.0,20010605,75,6,27,76,3.5231992999999995,104.0
437,437,437,6246,0.1,A,41.057225,-120.864628,6,20060627,20060627,6035.0,20060627,288,90,170,178,2.1891627,168.0
438,438,438,6247,0.1,A,41.088081,-121.32315,6,20010607,20010607,6035.0,20010607,294,28,161,0,1.2220073,104.0
439,439,439,6248,0.3,B,40.7549,-120.1127,6,20030823,20030823,6035.0,20030823,204,58,112,0,0.22561215,119.0
440,440,440,6249,0.2,A,40.4716,-120.5111,6,20030822,20030822,6035.0,20030822,174,70,127,0,1.6490651,119.0
441,441,441,6250,291.0,D,40.4732,-120.5344,6,20010609,20010612,6035.0,20010609,176,33,103,0,2.5961502,104.0
442,442,442,6251,0.1,A,41.01514,-120.059,6,20080917,20080917,6035.0,20080917,245,94,162,0,2.0689104,72.0
443,443,443,6252,0.2,A,40.6686,-120.3908,6,20060627,20060628,6035.0,20060627,288,90,170,178,2.1891627,168.0
444,444,444,6253,0.1,A,40.502139,-120.594269,6,20010711,20010711,6035.0,20010711,198,51,114,0,2.1622698,111.0
445,445,445,6254,0.1,A,40.4169,-120.6853,6,20080912,20080912,6035.0,20080912,251,5,130,0,0.5315066999999999,105.0
446,446,446,6255,415.0,E,40.7486,-120.4611,6,20060626,20060630,6035.0,20060626,282,88,179,0,0.79428977,168.0
447,447,447,6256,0.1,A,40.487911,-120.596789,6,20010711,20010711,6035.0,20010711,198,51,114,0,2.1622698,111.0
448,448,448,6257,20.1,C,40.80166667,-121.11722222,6,20060625,20060626,6035.0,20060625,304,156,225,0,1.7728263,168.0
449,449,449,6258,90.0,C,40.402231,-120.691781,6,20060624,20060625,6035.0,20060624,282,60,161,0,1.4182374,168.0
450,450,450,6259,0.1,A,40.95,-121.31666667,6,20060625,20060625,6035.0,20060625,304,156,225,0,1.7728263,168.0
451,451,451,6260,1.9000000000000004,B,39.8627,-120.0469,6,20010703,20010703,6035.0,20010703,367,83,228,0,0.6109901,84.0
452,452,452,6261,2191.5,B,40.6692,-120.4358,6,20060625,20060630,6035.0,20060625,304,156,225,0,1.7728263,168.0
453,453,453,6262,0.1,A,41.1016,-120.6377,6,20010706,20010706,6035.0,20010706,272,100,176,0,2.1418295,84.0
454,454,454,6263,918.0,E,40.6164,-120.1206,6,20060625,20060630,6035.0,20060625,304,156,225,0,1.7728263,168.0
455,455,455,6264,0.3,B,40.0961,-120.1836,6,20080903,20080903,6035.0,20080903,212,91,147,0,1.7272165000000002,97.0
456,456,456,6265,0.2,A,40.7216,-120.3661,6,20010704,20010705,6035.0,20010704,288,132,199,0,2.524465,84.0
457,457,457,6266,517.0,E,40.6164,-120.1206,6,20060625,20060630,6035.0,20060625,304,156,225,0,1.7728263,168.0
458,458,458,6267,0.3,B,41.1016,-121.0377,6,20010705,20010706,6035.0,20010705,221,104,153,0,2.6276176,84.0
459,459,459,6268,0.1,A,40.73388889,-120.96666667,6,20060625,20060625,6035.0,20060625,304,156,225,0,1.7728263,168.0
460,460,460,6269,0.1,A,40.80861111,-121.26805556,6,20080919,20080919,6035.0,20080919,161,53,109,0,2.5402522000000003,72.0
461,461,461,6270,0.1,A,40.48527778,-121.24444444,6,20060626,20060628,6035.0,20060626,282,88,179,0,0.79428977,168.0
462,462,462,6271,0.2,A,40.329869,-120.708189,6,20010709,20010709,6035.0,20010709,350,72,211,0,1.703913,84.0
463,463,463,6272,0.1,A,40.417189,-120.7293,6,20010620,20010620,6035.0,20010620,308,52,192,0,1.9165803,108.0
464,464,464,6273,647.4000000000001,A,40.83194444,-120.99166667,6,20060626,20060627,6035.0,20060626,282,88,179,0,0.79428977,168.0
465,465,465,6274,0.8999999999999999,A,40.8966,-121.1561,6,20010710,20010710,6035.0,20010710,264,115,188,0,1.8071269,111.0
466,466,466,6275,0.3,A,40.736994,-120.778172,6,20060626,20060626,6035.0,20060626,282,88,179,0,0.79428977,168.0
467,467,467,6276,25.0,C,40.4171,-120.710411,6,20060622,20060623,6035.0,20060622,230,20,119,0,1.7492824,168.0
468,468,468,6277,0.7,A,40.373406,-120.728697,6,20060626,20060626,6035.0,20060626,282,88,179,0,0.79428977,168.0
469,469,469,6278,308.0,E,40.9266,-120.0477,6,20010709,20010712,6035.0,20010709,350,72,211,0,1.703913,84.0
470,470,470,6279,0.1,A,40.56861111,-121.16888889,6,20060626,20060626,6035.0,20060626,282,88,179,0,0.79428977,168.0
471,471,471,6280,0.1,A,40.5694,-120.2536,6,20080817,20080817,6035.0,20080817,275,140,204,0,0.704914,116.0
472,472,472,6281,5.0,B,40.9839,-121.1842,6,20080920,20080920,6035.0,20080920,124,33,70,0,3.5756176,72.0
473,473,473,6282,0.1,A,41.175322,-120.8848,6,20060627,20060627,6035.0,20060627,288,90,170,178,2.1891627,168.0
474,474,474,6283,0.1,A,40.7366,-120.8927,6,20010808,20010808,6035.0,20010808,325,119,225,0,0.84173214,74.0
475,475,475,6284,2.0,B,40.92159,-120.14768,6,20030729,20030729,6035.0,20030729,302,113,197,0,1.5742886,127.0
476,476,476,6285,2.0,B,40.882231,-120.873889,6,20030730,20030731,6035.0,20030730,320,133,216,0,0.3992482,127.0
477,477,477,6286,0.1,A,41.0581,-120.2247,6,20081014,20081014,6035.0,20081014,138,29,84,0,1.2879872,77.0
478,478,478,6287,1.0,B,40.366064,-120.71895,6,20070727,20070727,6035.0,20070727,249,91,167,0,1.5107623,137.0
479,479,479,6288,0.1,A,40.73388889,-120.83361111,6,20060704,20060704,6035.0,20060704,259,85,160,0,2.1290593,162.0
480,480,480,6289,0.2,A,40.896567,-120.816619,6,20060703,20060703,6035.0,20060703,246,76,152,0,2.2581897,162.0
481,481,481,6290,0.1,A,40.956119,-120.826431,6,20030731,20030731,6035.0,20030731,367,156,261,0,2.3010678,127.0
482,482,482,6291,0.3,B,40.31975,-120.494944,6,20070812,20070813,6035.0,20070812,242,3,132,0,2.482445,162.0
483,483,483,6292,0.1,A,41.175311,-120.942139,6,20010731,20010731,6035.0,20010731,227,1,127,0,0.6862161999999999,70.0
484,484,484,6293,0.1,A,40.9566,-120.2361,6,20030731,20030731,6035.0,20030731,367,156,261,0,2.3010678,127.0
485,485,485,6294,0.3,B,39.8053,-120.0292,6,20070728,20070728,6035.0,20070728,249,99,167,0,2.3623931,137.0
486,486,486,6295,0.1,A,41.0432,-120.6761,6,20010223,20010223,6035.0,20010223,-9,-101,-57,0,1.6992063999999998,123.0
487,487,487,6296,0.5,B,40.8532,-120.7227,6,20010729,20010729,6035.0,20010729,306,50,178,0,2.226857,70.0
488,488,488,6297,4.1,B,40.8692,-120.8847,6,20060701,20060701,6035.0,20060701,286,89,189,0,0.81689084,162.0
489,489,489,6298,0.5,B,40.401181,-120.521811,6,20010319,20010319,6035.0,20010319,95,2,37,0,1.0034398000000002,123.0
490,490,490,6299,0.1,A,40.0349,-120.121,6,20010728,20010728,6035.0,20010728,244,65,162,0,3.1238582000000004,70.0
491,491,491,6300,0.1,A,41.0339,-120.5511,6,20060701,20060701,6035.0,20060701,286,89,189,0,0.81689084,162.0
492,492,492,6301,9.2,B,40.7532,-120.5994,6,20010808,20010809,6035.0,20010808,325,119,225,0,0.84173214,74.0
493,493,493,6302,0.1,A,40.8856,-120.7683,6,20060701,20060701,6035.0,20060701,286,89,189,0,0.81689084,162.0
494,494,494,6303,0.3,A,40.75854,-120.61164,6,20010808,20010808,6035.0,20010808,325,119,225,0,0.84173214,74.0
495,495,495,6304,0.1,A,41.0866,-120.7711,6,20000922,20000922,6035.0,20000922,82,-22,41,0,1.4761139,123.0
496,496,496,6305,0.1,A,40.0841,-120.1085,6,20030904,20030904,6035.0,20030904,267,116,180,0,1.2340546,121.0
497,497,497,6306,1.0,B,40.68333333,-120.83583333,6,20080806,20080806,6035.0,20080806,229,118,154,0,1.3703306999999998,125.0
498,498,498,6307,67792.0,G,40.77277,-120.24028,6,20010809,20010817,6035.0,20010809,307,86,206,0,1.8558654,74.0
499,499,499,6308,0.2,A,39.8918,-120.0283,6,20030904,20030904,6035.0,20030904,267,116,180,0,1.2340546,121.0
500,500,500,6309,1022.2,A,41.1449,-120.4277,6,20010808,20010808,6035.0,20010808,325,119,225,0,0.84173214,74.0
501,501,501,6310,0.25,A,40.81694444,-121.43361111,6,20060707,20060707,6035.0,20060707,271,30,161,0,1.8216457,162.0
502,502,502,6311,1.0,B,40.9249,-120.3094,6,20030728,20030728,6035.0,20030728,367,106,239,0,0.18028857,127.0
503,503,503,6312,0.1,A,40.46659,-120.4799,6,20010808,20010809,6035.0,20010808,325,119,225,0,0.84173214,74.0
504,504,504,6313,0.1,A,41.1166,-120.3894,6,20030728,20030728,6035.0,20030728,367,106,239,0,0.18028857,127.0
505,505,505,6314,10.1,A,40.73388889,-120.78555556,6,20060705,20060705,6035.0,20060705,241,59,143,0,2.2389462000000004,162.0
506,506,506,6315,0.2,A,40.6632,-120.4777,6,20010808,20010809,6035.0,20010808,325,119,225,0,0.84173214,74.0
507,507,507,6316,0.11,A,40.75055556,-120.76666667,6,20080806,20080806,6035.0,20080806,229,118,154,0,1.3703306999999998,125.0
508,508,508,6317,1.0,B,40.8382,-120.7794,6,20010808,20010808,6035.0,20010808,325,119,225,0,0.84173214,74.0
509,509,509,6318,2.0,B,39.7235,-120.0371,6,20000921,20000921,6035.0,20000921,185,46,116,0,3.1046638,88.0
510,510,510,6319,0.1,A,40.70111111,-121.31722222,6,20080930,20080930,6035.0,20080930,250,91,164,0,1.261506,77.0
511,511,511,6320,0.5,B,40.3266,-120.6661,6,20010727,20010729,6035.0,20010727,261,83,163,0,2.247423,104.0
512,512,512,6321,2.0,B,40.9132,-120.5044,6,20030827,20030827,6035.0,20030827,242,29,137,0,2.0303988,121.0
513,513,513,6322,0.1,A,40.6756,-120.4592,6,20080817,20080817,6035.0,20080817,275,140,204,0,0.704914,116.0
514,514,514,6323,0.3,B,40.61166667,-121.31027778,6,20080923,20080923,6035.0,20080923,228,2,108,0,1.7039355,148.0
515,515,515,6324,0.01,A,40.00888889,-120.16916667,6,20060628,20060628,6035.0,20060628,236,97,149,0,1.1921905000000002,168.0
516,516,516,6325,0.1,A,40.0349,-120.121,6,20010524,20010524,6035.0,20010524,229,44,136,0,0.8840749,125.0
517,517,517,6326,0.1,A,40.45194444,-121.20194444,6,20080817,20080817,6035.0,20080817,275,140,204,0,0.704914,116.0
518,518,518,6327,10.0,C,40.6916,-120.7427,6,20010525,20010525,6035.0,20010525,267,71,177,0,1.4300369,125.0
519,519,519,6328,0.6000000000000001,A,40.823817,-120.797067,6,20060628,20060628,6035.0,20060628,236,97,149,0,1.1921905000000002,168.0
520,520,520,6329,0.1,A,40.72111111,-120.8975,6,20070802,20070802,6035.0,20070802,319,133,213,25,2.1426377,137.0
521,521,521,6330,614.0,E,40.31524,-120.02431,6,20010526,20010527,6035.0,20010526,234,68,137,0,2.4652164,125.0
522,522,522,6331,0.1,A,40.838661,-120.969361,6,20030804,20030804,6035.0,20030804,278,78,178,18,0.4275497,127.0
523,523,523,6332,4400.0,F,40.3716,-120.7794,6,20010527,20010604,6035.0,20010527,178,32,101,0,3.8684711,125.0
524,524,524,6333,0.2,A,40.6736,-120.4242,6,20080817,20080818,6035.0,20080817,275,140,204,0,0.704914,116.0
525,525,525,6334,1.0,B,40.65222222,-120.88472222,6,20080920,20080920,6035.0,20080920,124,33,70,0,3.5756176,72.0
526,526,526,6335,0.2,A,40.04,-120.13817,6,20080817,20080817,6035.0,20080817,275,140,204,0,0.704914,116.0
527,527,527,6336,0.1,A,40.373411,-120.333981,6,20010408,20010408,6035.0,20010408,19,-72,-31,0,1.7495167,142.0
528,528,528,6337,9.8,B,39.93888889,-120.05555556,6,20060629,20060629,6035.0,20060629,225,74,147,51,2.2389462000000004,168.0
529,529,529,6338,0.1,A,40.357611,-120.446711,6,20010413,20010413,6035.0,20010413,78,-17,33,13,0.9486929,142.0
530,530,530,6339,0.1,A,41.16833333,-120.88361111,6,20060701,20060702,6035.0,20060701,286,89,189,0,0.81689084,162.0
531,531,531,6340,992.0,E,40.7982,-120.7394,6,20010726,20010731,6035.0,20010726,294,82,203,0,2.0745306,104.0
532,532,532,6341,0.1,A,40.415789,-120.522111,6,20010425,20010425,6035.0,20010425,223,33,137,25,2.3434188,142.0
533,533,533,6342,0.26,B,41.385,-121.03333333,6,20060630,20060702,6035.0,20060630,280,91,183,0,0.4767614000000001,162.0
534,534,534,6343,0.1,A,41.0432,-120.3127,6,20030801,20030801,6035.0,20030801,234,110,166,0,3.1187773,127.0
535,535,535,6344,0.1,A,40.8666,-120.1394,6,20010428,20010428,6035.0,20010428,87,-26,45,0,4.170586,142.0
536,536,536,6345,0.1,A,40.99398,-120.16777,6,20030801,20030801,6035.0,20030801,234,110,166,0,3.1187773,127.0
537,537,537,6346,3.0,B,41.175311,-120.942139,6,20030830,20030830,6035.0,20030830,299,99,205,0,2.07348,121.0
538,538,538,6347,0.1,A,40.9566,-120.2561,6,20030801,20030801,6035.0,20030801,234,110,166,0,3.1187773,127.0
539,539,539,6348,1.0,B,40.8666,-120.2711,6,20010503,20010504,6035.0,20010503,166,-21,70,0,4.2230854,142.0
540,540,540,6349,0.1,A,40.3769,-120.69435,6,20071216,20071216,6035.0,20071216,8,-48,-25,25,3.2248993,82.0
541,541,541,6350,10.0,C,41.1558,-120.0544,6,20080815,20080816,6035.0,20080815,284,200,237,0,0.5199949,116.0
542,542,542,6351,0.5,B,40.0199,-120.1027,6,20010725,20010725,6035.0,20010725,298,102,213,0,2.5238893,104.0
543,543,543,6352,0.2,A,40.51555556,-120.13194444,6,20080816,20080816,6035.0,20080816,324,74,206,0,0.76217353,116.0
544,544,544,6353,0.1,A,39.96833333,-120.10138889,6,20060629,20060629,6035.0,20060629,225,74,147,51,2.2389462000000004,168.0
545,545,545,6354,0.1,A,40.503489,-120.7392,6,20010515,20010515,6035.0,20010515,68,34,53,0,4.460724400000001,206.0
546,546,546,6355,0.1,A,39.89777778,-120.48083333,6,20070730,20070730,6035.0,20070730,262,124,191,0,2.2840505,137.0
547,547,547,6356,0.1,A,40.6669,-120.443,6,20080817,20080817,6035.0,20080817,275,140,204,0,0.704914,116.0
548,548,548,6357,0.1,A,40.0292,-120.0608,6,20090528,20090530,6035.0,20090528,204,42,106,0,0.7891748000000001,218.0
549,549,549,6358,1.0,B,40.31395,-120.483869,6,20030723,20030723,6035.0,20030723,348,156,225,279,1.7117209999999998,151.0
550,550,550,6359,0.1,A,40.4732,-120.5544,6,20000526,20000526,6035.0,20000526,202,46,132,0,2.7333696,203.0
551,551,551,6360,170.5,A,41.01412,-120.38925,6,19990804,19990805,6035.0,19990804,311,78,194,15,0.64381695,103.0
552,552,552,6361,0.5,B,40.9282,-120.5111,6,20030710,20030710,6035.0,20030710,252,94,162,0,3.0485501,155.0
553,553,553,6362,4828.1,B,40.86656,-120.00771,6,19990804,19990808,6035.0,19990804,311,78,194,15,0.64381695,103.0
554,554,554,6363,0.1,A,40.3367,-120.485,6,20051014,20051014,6035.0,20051014,210,28,118,0,2.4957519,109.0
555,555,555,6364,273.5,B,40.86678,-120.13478,6,19990804,19990804,6035.0,19990804,311,78,194,15,0.64381695,103.0
556,556,556,6365,0.3,A,40.9249,-120.32773,6,19990805,19990805,6035.0,19990805,223,41,134,0,1.9815394,103.0
557,557,557,6366,0.1,A,41.08656,-120.33273,6,19990806,19990806,6035.0,19990806,178,56,117,104,2.7297132,103.0
558,558,558,6367,0.1,A,40.956231,-120.788656,6,20070830,20070903,6035.0,20070830,248,90,152,51,2.6800296,136.0
559,559,559,6368,0.1,A,40.75005,-120.4023,6,19990806,19990806,6035.0,19990806,178,56,117,104,2.7297132,103.0
560,560,560,6369,11.2,C,41.64823,-120.04605,6,19990804,19990805,6035.0,19990804,311,78,194,15,0.64381695,103.0
561,561,561,6370,1349.0,F,39.91,-120.0133,6,20090715,20090724,6035.0,20090715,275,31,172,0,1.0547605,139.0
562,562,562,6371,2.0,B,41.072861,-120.884181,6,19990727,19990727,6035.0,19990727,250,83,173,0,2.7946615,103.0
563,563,563,6372,1.0,B,40.4149,-120.6711,6,20050702,20050702,6035.0,20050702,211,72,141,0,2.1023853,141.0
564,564,564,6373,1.5,B,40.0199,-120.121,6,20020620,20020620,6035.0,20020620,244,106,159,0,1.5489583,94.0
565,565,565,6374,0.1,A,39.8144,-120.0333,6,20090715,20090715,6035.0,20090715,275,31,172,0,1.0547605,139.0
566,566,566,6375,0.2,A,40.8967,-120.2967,6,20070830,20070830,6035.0,20070830,248,90,152,51,2.6800296,136.0
567,567,567,6376,2.0,B,40.4113,-120.7286,6,20040429,20040429,6035.0,20040429,153,-29,65,0,2.3584952,202.0
568,568,568,6377,4.5,B,40.8106,-120.1783,6,20070830,20070902,6035.0,20070830,248,90,152,51,2.6800296,136.0
569,569,569,6378,1.0,B,40.12324,-120.13938,6,19990731,19990731,6035.0,19990731,226,55,138,0,1.7789001,103.0
570,570,570,6379,0.1,A,40.882061,-120.893081,6,19990806,19990806,6035.0,19990806,178,56,117,104,2.7297132,103.0
571,571,571,6380,0.1,A,40.912722,-121.075731,6,20070830,20070830,6035.0,20070830,248,90,152,51,2.6800296,136.0
572,572,572,6381,1.0,B,40.0199,-120.13938,6,19990802,19990802,6035.0,19990802,255,60,153,0,3.7417178,103.0
573,573,573,6382,0.1,A,40.8192,-120.0764,6,20070830,20070901,6035.0,20070830,248,90,152,51,2.6800296,136.0
574,574,574,6383,1.0,B,40.19138889,-120.39972222,6,20080422,20080422,6035.0,20080422,101,-33,18,25,2.731466,184.0
575,575,575,6384,3.0,B,40.64804,-120.26021,6,20020614,20020614,6035.0,20020614,294,83,189,0,3.0675714,159.0
576,576,576,6385,2.3000000000000003,A,40.927389,-120.979661,6,19990804,19990805,6035.0,19990804,311,78,194,15,0.64381695,103.0
577,577,577,6386,2.0,B,40.343336,-120.484264,6,20070630,20070630,6035.0,20070630,194,31,113,0,1.2119786,118.0
578,578,578,6387,2.0,B,40.86656,-120.3844,6,19990727,19990727,6035.0,19990727,250,83,173,0,2.7946615,103.0
579,579,579,6388,0.1,A,40.546781,-120.651069,6,19990806,19990806,6035.0,19990806,178,56,117,104,2.7297132,103.0
580,580,580,6389,1.0,B,41.1775,-120.3919,6,20051016,20051016,6035.0,20051016,165,-23,67,0,3.3165104,109.0
581,581,581,6390,0.3,B,40.357661,-120.559469,6,20040831,20040831,6035.0,20040831,240,79,153,0,2.4300163,147.0
582,582,582,6391,0.1,A,41.001869,-121.152239,6,20020601,20020601,6035.0,20020601,124,8,63,0,2.703519,222.0
583,583,583,6392,4.0,B,39.97823,-120.02771,6,19990822,19990822,6035.0,19990822,248,60,147,0,2.5955694,154.0
584,584,584,6393,0.1,A,40.0749,-120.1477,6,20020530,20020530,6035.0,20020530,259,65,161,0,1.871075,222.0
585,585,585,6394,7700.200000000001,G,40.55989,-120.6444,6,19990823,19990828,6035.0,19990823,311,106,211,3,1.6130155000000002,154.0
586,586,586,6395,0.3,B,40.459656,-120.614928,6,20070705,20070705,6035.0,20070705,314,192,248,0,1.9980938,118.0
587,587,587,6396,0.5,A,41.131811,-121.26725,6,19990823,19990823,6035.0,19990823,311,106,211,3,1.6130155000000002,154.0
588,588,588,6397,2.0,B,40.9808,-120.4975,6,20070705,20070705,6035.0,20070705,314,192,248,0,1.9980938,118.0
589,589,589,6398,0.1,A,40.6367,-120.2694,6,20080629,20080630,6035.0,20080629,309,96,198,0,2.2627642000000003,221.0
590,590,590,6399,0.1,A,40.853589,-121.103031,6,19990823,19990823,6035.0,19990823,311,106,211,3,1.6130155000000002,154.0
591,591,591,6400,0.1,A,40.387569,-120.710531,6,20020527,20020527,6035.0,20020527,186,52,116,0,2.8392384,222.0
592,592,592,6401,1.2,B,40.3433,-120.1722,6,20080629,20080630,6035.0,20080629,309,96,198,0,2.2627642000000003,221.0
593,593,593,6402,0.2,A,41.05821,-121.17109,6,19990823,19990823,6035.0,19990823,311,106,211,3,1.6130155000000002,154.0
594,594,594,6403,0.2,A,40.839011,-121.102969,6,20020602,20020602,6035.0,20020602,142,-5,55,0,2.4266837000000003,159.0
595,595,595,6404,0.2,A,40.421139,-120.650489,6,20050630,20050630,6035.0,20050630,238,51,137,0,0.3014992,141.0
596,596,596,6405,0.1,A,40.70656,-120.30939,6,19990814,19990814,6035.0,19990814,179,-8,93,0,2.5471966,154.0
597,597,597,6406,0.1,A,40.8211,-120.0747,6,20070830,20070901,6035.0,20070830,248,90,152,51,2.6800296,136.0
598,598,598,6407,0.1,A,40.401181,-120.521811,6,20020609,20020609,6035.0,20020609,120,-25,53,0,4.7840767,159.0
599,599,599,6408,0.1,A,41.002189,-121.13315,6,19990807,19990807,6035.0,19990807,211,44,128,0,3.3810718,103.0
600,600,600,6409,1.3000000000000005,A,41.000711,-120.731339,6,19990810,19990810,6035.0,19990810,233,83,161,124,2.9004402,103.0
601,601,601,6410,0.1,A,40.364897,-120.444033,6,20051021,20051021,6035.0,20051021,184,17,97,0,2.0147908,109.0
602,602,602,6411,0.1,A,41.04323,-120.61773,6,19990810,19990811,6035.0,19990810,233,83,161,124,2.9004402,103.0
603,603,603,6412,0.1,A,39.8771,-120.0652,6,19990806,19990806,6035.0,19990806,178,56,117,104,2.7297132,103.0
604,604,604,6413,5.199999999999999,B,40.95655,-120.92275,6,19990810,19990810,6035.0,19990810,233,83,161,124,2.9004402,103.0
605,605,605,6414,0.1,A,40.4149,-120.7794,6,20020606,20020606,6035.0,20020606,283,33,161,0,3.5012693,159.0
606,606,606,6415,0.1,A,40.7882,-120.3555,6,20011024,20011024,6035.0,20011024,94,-93,-5,0,2.0911682000000003,78.0
607,607,607,6416,0.1,A,40.94156,-120.88441,6,19990810,19990810,6035.0,19990810,233,83,161,124,2.9004402,103.0
608,608,608,6417,0.1,A,41.0577,-120.61815,6,19990811,19990811,6035.0,19990811,180,65,109,0,2.9822164,154.0
609,609,609,6418,1.0,B,40.970881,-120.845669,6,19990812,19990812,6035.0,19990812,213,12,115,0,1.1236109,154.0
610,610,610,6419,0.1,A,40.8833,-120.2506,6,20051029,20051029,6035.0,20051029,72,-34,30,0,0.7805754,109.0
611,611,611,6420,0.1,A,40.94155,-120.92274,6,19990810,19990810,6035.0,19990810,233,83,161,124,2.9004402,103.0
612,612,612,6421,0.1,A,40.372081,-120.502981,6,20040826,20040826,6035.0,20040826,118,14,48,0,3.4321423,147.0
613,613,613,6422,0.1,A,40.547011,-120.758339,6,20040430,20040430,6035.0,20040430,165,-31,55,0,0.92650795,202.0
614,614,614,6423,0.1,A,39.7335,-120.0427,6,20020620,20020620,6035.0,20020620,244,106,159,0,1.5489583,94.0
615,615,615,6424,0.1,A,40.6182,-120.5344,6,20020713,20020718,6035.0,20020713,300,93,209,0,3.301518,141.0
616,616,616,6425,1.7000000000000002,B,40.0947,-120.0178,6,20090731,20090804,6035.0,20090731,265,110,179,0,0.47433683,109.0
617,617,617,6426,0.1,A,40.7032,-120.3294,6,20040814,20040814,6035.0,20040814,295,130,214,0,2.9589493,147.0
618,618,618,6427,8.799999999999999,B,40.6094,-120.5147,6,20090731,20090803,6035.0,20090731,265,110,179,0,0.47433683,109.0
619,619,619,6428,0.1,A,40.0649,-120.0669,6,20040814,20040814,6035.0,20040814,295,130,214,0,2.9589493,147.0
620,620,620,6429,1.0,A,39.8138,-120.3738,6,20020712,20020712,6035.0,20020712,334,138,233,0,2.2621417,141.0
621,621,621,6430,0.35,A,40.95333333,-121.80083333,6,20090731,20090731,6035.0,20090731,265,110,179,0,0.47433683,109.0
622,622,622,6431,70.6,C,40.6077,-120.5071,6,20020712,20020715,6035.0,20020712,334,138,233,0,2.2621417,141.0
623,623,623,6432,5015.1,G,40.6359,-120.13124,6,20020713,20020717,6035.0,20020713,300,93,209,0,3.301518,141.0
624,624,624,6433,0.3,B,40.8966,-120.121,6,20020714,20020715,6035.0,20020714,293,118,184,0,1.9210632,141.0
625,625,625,6434,0.1,A,40.16444444,-120.39972222,6,20090801,20090801,6035.0,20090801,270,118,183,0,0.79428977,109.0
626,626,626,6435,0.1,A,40.388369,-120.804611,6,20020718,20020718,6035.0,20020718,195,93,134,0,1.4001473,141.0
627,627,627,6436,0.1,A,40.0205,-120.1549,6,20040519,20040520,6035.0,20040519,172,39,106,0,2.3135502,173.0
628,628,628,6437,0.1,A,40.6486,-120.6672,6,20070621,20070621,6035.0,20070621,261,52,167,0,2.2673643,173.0
629,629,629,6438,1.6,B,40.794781,-120.7209,6,20020718,20020718,6035.0,20020718,195,93,134,0,1.4001473,141.0
630,630,630,6439,2.1,B,40.4532,-120.6161,6,20040814,20040814,6035.0,20040814,295,130,214,0,2.9589493,147.0
631,631,631,6440,0.1,A,39.9491,-120.0466,6,20020712,20020712,6035.0,20020712,334,138,233,0,2.2621417,141.0
632,632,632,6441,1.0,B,40.79861111,-121.04583333,6,20071105,20071105,6035.0,20071105,147,82,110,0,1.612461,82.0
633,633,633,6442,81.6,C,40.9506,-120.0969,6,20090801,20090812,6035.0,20090801,270,118,183,0,0.79428977,109.0
634,634,634,6443,0.1,A,39.8331,-120.0386,6,20070621,20070621,6035.0,20070621,261,52,167,0,2.2673643,173.0
635,635,635,6444,0.4,A,40.0638,-120.0758,6,20040814,20040814,6035.0,20040814,295,130,214,0,2.9589493,147.0
636,636,636,6445,1501.0,F,40.9639,-120.3614,6,20090801,20090801,6035.0,20090801,270,118,183,0,0.79428977,109.0
637,637,637,6446,0.1,A,40.7213,-120.3777,6,20040814,20040814,6035.0,20040814,295,130,214,0,2.9589493,147.0
638,638,638,6447,1.1,B,40.16805556,-120.41,6,20090801,20090803,6035.0,20090801,270,118,183,0,0.79428977,109.0
639,639,639,6448,1510.3,B,39.9466,-120.0427,6,20020712,20020712,6035.0,20020712,334,138,233,0,2.2621417,141.0
640,640,640,6449,0.1,A,40.975,-120.751667,6,20070831,20070903,6035.0,20070831,248,87,156,25,3.0680454,136.0
641,641,641,6450,1.1,B,40.83722222,-121.19944444,6,20070830,20070830,6035.0,20070830,248,90,152,51,2.6800296,136.0
642,642,642,6451,20.0,C,41.070186,-121.29485,6,20060819,20060819,6035.0,20060819,277,26,158,0,0.47999573,113.0
643,643,643,6452,0.2,A,40.0499,-120.12105,6,19990709,19990709,6035.0,19990709,271,82,174,0,0.33242145,110.0
644,644,644,6453,0.6,B,40.58516,-120.2198,6,19990710,19990711,6035.0,19990710,271,80,170,0,1.1225393,110.0
645,645,645,6454,0.1,A,41.074161,-121.19105,6,19990713,19990713,6035.0,19990713,306,154,215,0,1.1901706,110.0
646,646,646,6455,0.2,A,41.0836,-120.4181,6,20060815,20060815,6035.0,20060815,207,48,120,0,3.2568266,113.0
647,647,647,6456,0.5,B,40.0339,-120.0506,6,20070830,20070830,6035.0,20070830,248,90,152,51,2.6800296,136.0
648,648,648,6457,5.0,B,40.0649,-120.13938,6,19990713,19990713,6035.0,19990713,306,154,215,0,1.1901706,110.0
649,649,649,6458,0.6,A,40.853169,-120.9694,6,19990714,19990714,6035.0,19990714,236,66,165,0,3.7312174,103.0
650,650,650,6459,0.1,A,40.417189,-120.7293,6,20020622,20020622,6035.0,20020622,243,76,159,0,2.4601805,94.0
651,651,651,6460,0.1,A,40.765931,-120.796789,6,20020621,20020621,6035.0,20020621,170,48,96,51,1.3952098,94.0
652,652,652,6461,12500.0,G,40.875,-120.875,6,20080623,20080707,6035.0,20080623,228,12,131,0,1.3953114,173.0
653,653,653,6462,0.1,A,41.074161,-121.19105,6,20020621,20020621,6035.0,20020621,170,48,96,51,1.3952098,94.0
654,654,654,6463,8.0,B,40.8236,-120.0661,6,20070830,20070902,6035.0,20070830,248,90,152,51,2.6800296,136.0
655,655,655,6464,0.3,B,40.88155,-120.85441,6,19990713,19990714,6035.0,19990713,306,154,215,0,1.1901706,110.0
656,656,656,6465,0.1,A,40.69062,-120.46366,6,19990823,19990823,6035.0,19990823,311,106,211,3,1.6130155000000002,154.0
657,657,657,6466,0.3,B,40.0289,-120.1019,6,20090722,20090723,6035.0,20090722,307,95,209,0,1.6502366000000002,91.0
658,658,658,6467,0.1,A,39.7469,-120.0178,6,20090723,20090723,6035.0,20090723,252,97,166,0,1.8200061,91.0
659,659,659,6468,17.900000000000002,A,40.47722222,-121.12277778,6,20090730,20090730,6035.0,20090730,275,152,203,0,1.2163067,109.0
660,660,660,6469,0.1,A,40.366606,-120.677919,6,20050921,20050921,6035.0,20050921,185,47,98,0,2.0248532,117.0
661,661,661,6470,0.01,A,40.87805556,-121.69722222,6,20090729,20090729,6035.0,20090729,251,105,169,0,1.3857864,109.0
662,662,662,6471,2.0,B,39.8121,-120.0963,6,20020710,20020710,6035.0,20020710,417,89,256,0,1.1240083,141.0
663,663,663,6472,0.11,A,40.68027778,-121.42972222,6,20090729,20090729,6035.0,20090729,251,105,169,0,1.3857864,109.0
664,664,664,6473,0.01,A,40.5875,-121.09166667,6,20070625,20070625,6035.0,20070625,220,27,127,0,1.7886857,173.0
665,665,665,6474,0.3,B,40.518111,-120.682419,6,20040815,20040815,6035.0,20040815,279,117,184,0,1.2734954,147.0
666,666,666,6475,0.1,A,41.1008,-120.7639,6,20070831,20070831,6035.0,20070831,248,87,156,25,3.0680454,136.0
667,667,667,6476,0.2,A,40.9415,-120.75065,6,20040815,20040815,6035.0,20040815,279,117,184,0,1.2734954,147.0
668,668,668,6477,0.01,A,40.53194444,-121.21833333,6,20080622,20080622,6035.0,20080622,192,87,133,0,2.5709934,173.0
669,669,669,6478,30.3,C,40.7742,-120.293,6,20070831,20070901,6035.0,20070831,248,87,156,25,3.0680454,136.0
670,670,670,6479,0.3,B,40.77,-120.5842,6,20080622,20080622,6035.0,20080622,192,87,133,0,2.5709934,173.0
671,671,671,6480,0.1,A,40.5369,-120.6144,6,20090724,20090725,6035.0,20090724,248,80,159,0,1.1527885,91.0
672,672,672,6481,0.3,A,40.8816,-121.1544,6,20040815,20040815,6035.0,20040815,279,117,184,0,1.2734954,147.0
673,673,673,6482,0.1,A,41.105517,-121.326472,6,20071013,20071013,6035.0,20071013,155,-11,61,0,0.8089522,82.0
674,674,674,6483,0.1,A,40.75372,-120.47378,6,19990823,19990823,6035.0,19990823,311,106,211,3,1.6130155000000002,154.0
675,675,675,6484,0.1,A,40.99989,-120.71275,6,19990810,19990810,6035.0,19990810,233,83,161,124,2.9004402,103.0
676,676,676,6485,5.0,B,41.073064,-120.903189,6,20070706,20070706,6035.0,20070706,260,103,176,0,2.1533551,118.0
677,677,677,6486,0.1,A,41.1299,-120.7127,6,20030721,20030721,6035.0,20030721,389,183,289,0,0.99085385,151.0
678,678,678,6487,0.3,B,40.942114,-121.245453,6,20070710,20070710,6035.0,20070710,319,79,184,0,1.8911407,161.0
679,679,679,6488,0.6,B,40.95619,-120.10298,6,20030721,20030721,6035.0,20030721,389,183,289,0,0.99085385,151.0
680,680,680,6489,1.0,B,40.8594,-120.1694,6,20060221,20060221,6035.0,20060221,20,-122,-60,0,0.8944271999999999,109.0
681,681,681,6490,3.0,B,40.3434,-120.42795,6,20060222,20060222,6035.0,20060222,76,-75,-5,0,0.54083186,109.0
682,682,682,6491,0.7999999999999999,B,41.131803,-121.267247,6,20070710,20070715,6035.0,20070710,319,79,184,0,1.8911407,161.0
683,683,683,6492,0.1,A,41.0297,-119.9783,6,20090602,20090602,6035.0,20090602,178,53,100,178,0.79176515,175.0
684,684,684,6493,2.5,B,40.0066,-120.1027,6,20020211,20020211,6035.0,20020211,88,-37,11,0,0.7271847,88.0
685,685,685,6494,7790.0,G,40.6899,-120.006,6,20030721,20030728,6035.0,20030721,389,183,289,0,0.99085385,151.0
686,686,686,6495,0.5,B,40.956606,-121.187972,6,20070710,20070715,6035.0,20070710,319,79,184,0,1.8911407,161.0
687,687,687,6496,0.3,B,40.9566,-120.2744,6,20030721,20030721,6035.0,20030721,389,183,289,0,0.99085385,151.0
688,688,688,6497,0.1,A,40.80861111,-121.24916667,6,20090602,20090602,6035.0,20090602,178,53,100,178,0.79176515,175.0
689,689,689,6498,0.1,A,40.532775,-120.739278,6,20070710,20070710,6035.0,20070710,319,79,184,0,1.8911407,161.0
690,690,690,6499,474.0,E,40.5749,-120.2344,6,20030722,20030725,6035.0,20030722,394,139,267,3,0.8043048,151.0
691,691,691,6500,0.1,A,40.69156,-120.47773,6,19990823,19990823,6035.0,19990823,311,106,211,3,1.6130155000000002,154.0
692,692,692,6501,0.1,A,40.74611111,-121.23888889,6,20090602,20090602,6035.0,20090602,178,53,100,178,0.79176515,175.0
693,693,693,6502,0.1,A,40.0192,-120.1033,6,20080707,20080707,6035.0,20080707,236,59,148,0,3.0734937,158.0
694,694,694,6503,5.0,B,40.913294,-121.302608,6,20070710,20070710,6035.0,20070710,319,79,184,0,1.8911407,161.0
695,695,695,6504,0.1,A,41.0716,-120.5794,6,20020401,20020401,6035.0,20020401,175,20,85,0,2.4108110000000003,131.0
696,696,696,6505,0.1,A,40.6482,-120.2911,6,19991030,19991030,6035.0,19991030,160,33,84,0,3.0897453,84.0
697,697,697,6506,0.3,B,41.0675,-120.5,6,20070709,20070709,6035.0,20070709,337,108,235,0,0.7017806,118.0
698,698,698,6507,0.1,A,40.9799,-120.6811,6,20030720,20030720,6035.0,20030720,296,140,227,0,2.2766035,151.0
699,699,699,6508,0.5,B,40.37325,-120.672839,6,19991107,19991107,6035.0,19991107,127,9,75,0,3.9424338,84.0
700,700,700,6509,3.0,B,39.7769,-120.0469,6,20030720,20030721,6035.0,20030720,296,140,227,0,2.2766035,151.0
701,701,701,6510,0.1,A,40.7056,-120.5394,6,20090603,20090603,6035.0,20090603,213,61,124,25,1.4956188,175.0
702,702,702,6511,0.1,A,40.882189,-120.931453,6,20071001,20071001,6035.0,20071001,51,7,19,102,2.121327,75.0
703,703,703,6512,0.1,A,40.70891,-120.28198,6,20030720,20030725,6035.0,20030720,296,140,227,0,2.2766035,151.0
704,704,704,6513,0.1,A,40.421542,-120.650775,6,20071001,20071001,6035.0,20071001,51,7,19,102,2.121327,75.0
705,705,705,6514,223.0,D,40.71085,-120.28782,6,20030720,20030724,6035.0,20030720,296,140,227,0,2.2766035,151.0
706,706,706,6515,0.1,A,40.5836,-120.25,6,20060726,20060726,6035.0,20060726,339,118,234,0,1.4024693,140.0
707,707,707,6516,0.4,A,41.0582,-120.5611,6,20030720,20030721,6035.0,20030720,296,140,227,0,2.2766035,151.0
708,708,708,6517,1.0,B,40.867733,-120.95055,6,20070710,20070710,6035.0,20070710,319,79,184,0,1.8911407,161.0
709,709,709,6518,0.5,B,39.7621,-120.0838,6,19991130,19991130,6035.0,19991130,52,-32,-9,76,6.4344926,84.0
710,710,710,6519,0.1,A,41.0866,-120.7127,6,20030721,20030721,6035.0,20030721,389,183,289,0,0.99085385,151.0
711,711,711,6520,5.0,B,39.7236,-120.0383,6,20060729,20060729,6035.0,20060729,245,70,164,0,3.2381740000000003,136.0
712,712,712,6521,0.1,A,40.63388889,-121.26777778,6,20060725,20060725,6035.0,20060725,293,152,215,0,0.62650234,140.0
713,713,713,6522,0.2,A,40.73833333,-121.23583333,6,20090602,20090602,6035.0,20090602,178,53,100,178,0.79176515,175.0
714,714,714,6523,0.5,A,40.8856,-120.9189,6,20060724,20060724,6035.0,20060724,334,145,238,0,1.3024623,140.0
715,715,715,6524,0.25,A,40.78305556,-121.03916667,6,20070710,20070711,6035.0,20070710,319,79,184,0,1.8911407,161.0
716,716,716,6525,0.1,A,40.32865,-120.446661,6,20000428,20000428,6035.0,20000428,87,-26,27,0,4.4493747,215.0
717,717,717,6526,0.1,A,40.81,-121.06638889,6,20070710,20070711,6035.0,20070710,319,79,184,0,1.8911407,161.0
718,718,718,6527,0.1,A,41.102769,-121.323311,6,20031101,20031101,6035.0,20031101,11,-107,-59,0,1.3341701,116.0
719,719,719,6528,0.1,A,40.4172,-120.93725,6,20030723,20030724,6035.0,20030723,348,156,225,279,1.7117209999999998,151.0
720,720,720,6529,0.1,A,40.89138889,-121.27611111,6,20070710,20070710,6035.0,20070710,319,79,184,0,1.8911407,161.0
721,721,721,6530,0.4,B,40.80222222,-121.36055556,6,20090529,20090529,6035.0,20090529,239,56,156,0,1.4599283,218.0
722,722,722,6531,0.5,B,40.0199,-120.1027,6,20000512,20000512,6035.0,20000512,76,-43,12,0,1.4340467,215.0
723,723,723,6532,0.2,A,40.4916,-120.5461,6,20030723,20030723,6035.0,20030723,348,156,225,279,1.7117209999999998,151.0
724,724,724,6533,4.2,B,39.89583333,-120.05416667,6,20070710,20070711,6035.0,20070710,319,79,184,0,1.8911407,161.0
725,725,725,6534,0.1,A,40.518239,-120.720419,6,20030723,20030723,6035.0,20030723,348,156,225,279,1.7117209999999998,151.0
726,726,726,6535,0.1,A,40.402181,-120.6544,6,20000523,20000523,6035.0,20000523,183,38,98,0,1.8585144,203.0
727,727,727,6536,0.1,A,40.9511,-120.9517,6,20060724,20060724,6035.0,20060724,334,145,238,0,1.3024623,140.0
728,728,728,6537,5.0,B,41.175322,-120.8848,6,20070710,20070710,6035.0,20070710,319,79,184,0,1.8911407,161.0
729,729,729,6538,285.0,D,40.4232,-120.151,6,20030723,20030728,6035.0,20030723,348,156,225,279,1.7117209999999998,151.0
730,730,730,6539,0.1,A,40.76592,-120.29714,6,20030722,20030722,6035.0,20030722,394,139,267,3,0.8043048,151.0
731,731,731,6540,1.1,B,40.956792,-121.226297,6,20070710,20070715,6035.0,20070710,319,79,184,0,1.8911407,161.0
732,732,732,6541,135.0,D,41.1032,-120.6561,6,20030722,20030724,6035.0,20030722,394,139,267,3,0.8043048,151.0
733,733,733,6542,9.9,A,40.96638889,-121.14694444,6,20090531,20090531,6035.0,20090531,182,93,124,0,0.92347,218.0
734,734,734,6543,0.1,A,40.956872,-120.941069,6,20060724,20060724,6035.0,20060724,334,145,238,0,1.3024623,140.0
735,735,735,6544,0.1,A,40.86055556,-121.27833333,6,20090530,20090530,6035.0,20090530,198,103,138,0,2.7256787,218.0
736,736,736,6545,0.1,A,40.6916,-120.2527,6,20030722,20030722,6035.0,20030722,394,139,267,3,0.8043048,151.0
737,737,737,6546,0.2,A,39.9516,-120.0427,6,20000331,20000331,6035.0,20000331,167,-67,50,0,2.9107535,84.0
738,738,738,6547,0.1,A,40.5947,-120.2942,6,20090530,20090530,6035.0,20090530,198,103,138,0,2.7256787,218.0
739,739,739,6548,0.5,B,40.459478,-120.579469,6,20060724,20060724,6035.0,20060724,334,145,238,0,1.3024623,140.0
740,740,740,6549,0.1,A,40.0608,-120.0722,6,20080409,20080409,6035.0,20080409,73,-63,8,0,2.6943126,82.0
741,741,741,6550,0.1,A,40.79676,-120.30172,6,20030722,20030723,6035.0,20030722,394,139,267,3,0.8043048,151.0
742,742,742,6551,0.1,A,40.8958,-120.908928,6,20060724,20060724,6035.0,20060724,334,145,238,0,1.3024623,140.0
743,743,743,6552,0.1,A,40.780011,-120.66375,6,20030723,20030723,6035.0,20030723,348,156,225,279,1.7117209999999998,151.0
744,744,744,6553,0.5,B,41.0225,-120.5653,6,20070708,20070708,6035.0,20070708,316,101,214,0,2.0754204,118.0
745,745,745,6554,14.8,C,41.01615,-121.171689,6,20040717,20040717,6035.0,20040717,301,142,213,0,3.1257052000000005,169.0
746,746,746,6555,0.2,A,40.6358,-120.6833,6,20060806,20060807,6035.0,20060806,262,71,159,0,1.63248,136.0
747,747,747,6556,0.1,A,40.67555556,-121.12722222,6,20090618,20090618,6035.0,20090618,165,25,98,0,1.2747548999999998,165.5
748,748,748,6557,0.1,A,40.49722222,-121.18277778,6,20060801,20060801,6035.0,20060801,208,50,128,0,2.3768215,136.0
749,749,749,6558,0.3,B,39.7214,-120.0364,6,20060802,20060802,6035.0,20060802,268,46,163,0,1.3382473999999998,136.0
750,750,750,6559,0.1,A,40.1366,-120.2094,6,19991003,19991003,6035.0,19991003,221,-40,88,0,1.570125,79.0
751,751,751,6560,0.1,A,40.0236,-120.1306,6,20090608,20090608,6035.0,20090608,166,52,108,0,1.5321312,175.0
752,752,752,6561,1.0,B,40.395278,-120.778333,6,20050626,20050626,6035.0,20050626,164,56,102,0,2.6189516,172.0
753,753,753,6562,0.1,A,40.417,-120.6916,6,20020506,20020506,6035.0,20020506,94,-26,24,0,2.3127682000000003,222.0
754,754,754,6563,0.3,B,41.1519,-120.4703,6,20090609,20090609,6035.0,20090609,193,38,111,25,1.3398928999999995,167.0
755,755,755,6564,289.0,D,40.89717,-121.084142,6,20080702,20080711,6035.0,20080702,257,117,180,0,0.7689630000000001,158.0
756,756,756,6565,96.0,C,40.956753,-121.206892,6,20070707,20070712,6035.0,20070707,247,93,169,0,2.3436107999999995,118.0
757,757,757,6566,0.1,A,40.241958,-121.032033,6,20060806,20060806,6035.0,20060806,262,71,159,0,1.63248,136.0
758,758,758,6567,0.7,B,39.7375,-120.0581,6,20090628,20090630,6035.0,20090628,239,84,159,0,0.6053161,160.0
759,759,759,6568,0.1,A,40.401439,-120.409331,6,20040329,20040329,6035.0,20040329,146,12,65,0,4.1074142,243.0
760,760,760,6569,6.0,B,40.31395,-120.483869,6,20020517,20020517,6035.0,20020517,144,-4,75,0,1.7159293000000002,222.0
761,761,761,6570,1.0,B,40.0344,-120.1022,6,20080702,20080702,6035.0,20080702,257,117,180,0,0.7689630000000001,158.0
762,762,762,6571,0.1,A,40.5003,-120.5508,6,20071005,20071005,6035.0,20071005,3,-36,-20,0,3.4465022000000003,82.0
763,763,763,6572,1.0,B,40.44323,-120.61106,6,19990831,19990831,6035.0,19990831,137,-20,53,0,2.9518354,110.0
764,764,764,6573,1.0,B,40.45823,-120.57273,6,19990901,19990901,6035.0,19990901,206,-17,94,0,2.7835193,110.0
765,765,765,6574,1.0,B,41.02322,-120.5644,6,19990926,19990926,6035.0,19990926,134,-34,38,0,3.159905,79.0
766,766,766,6575,3.0,B,40.63388889,-120.75222222,6,20060806,20060806,6035.0,20060806,262,71,159,0,1.63248,136.0
767,767,767,6576,0.5,B,40.561339,-120.632611,6,19990923,19990923,6035.0,19990923,231,68,156,0,1.2776974,79.0
768,768,768,6577,0.1,A,41.0681,-121.0511,6,20060806,20060806,6035.0,20060806,262,71,159,0,1.63248,136.0
769,769,769,6578,3.0,B,40.89656,-120.42273,6,19990905,19990905,6035.0,19990905,306,6,156,0,1.4908442,110.0
770,770,770,6579,2.0,B,40.65027778,-120.78555556,6,20060806,20060806,6035.0,20060806,262,71,159,0,1.63248,136.0
771,771,771,6580,0.1,A,41.0406,-120.6881,6,20090701,20090701,6035.0,20090701,286,84,189,0,0.9093351,161.0
772,772,772,6581,0.2,A,40.344611,-120.708611,6,20060801,20060801,6035.0,20060801,208,50,128,0,2.3768215,136.0
773,773,773,6582,0.1,A,40.3433,-120.446631,6,20020507,20020507,6035.0,20020507,106,-33,39,0,4.358549,222.0
774,774,774,6583,0.1,A,40.5466,-120.5544,6,19991020,19991020,6035.0,19991020,218,-45,68,0,1.4534498,84.0
775,775,775,6584,0.1,A,40.7649,-120.7227,6,20020410,20020410,6035.0,20020410,81,-12,17,51,1.5890292,199.0
776,776,776,6585,0.3,B,41.102869,-121.286269,6,20030716,20030716,6035.0,20030716,247,74,154,0,1.9659573,151.0
777,777,777,6586,0.1,A,40.91323,-120.42774,6,19990823,19990823,6035.0,19990823,311,106,211,3,1.6130155000000002,154.0
778,778,778,6587,0.1,A,40.9064,-120.4681,6,20090605,20090605,6035.0,20090605,108,47,80,203,4.6425085,175.0
779,779,779,6588,0.1,A,40.941431,-120.826511,6,19990910,19990910,6035.0,19990910,215,41,105,0,1.5623757,110.0
780,780,780,6589,1.0,B,40.896678,-120.873853,6,20060806,20060807,6035.0,20060806,262,71,159,0,1.63248,136.0
781,781,781,6590,0.1,A,40.72324,-120.50134,6,19990823,19990823,6035.0,19990823,311,106,211,3,1.6130155000000002,154.0
782,782,782,6591,0.1,A,40.411617,-120.637639,6,20050628,20050628,6035.0,20050628,194,65,127,0,2.624582,172.0
783,783,783,6592,0.5,B,39.9457,-120.046,6,19990910,19990910,6035.0,19990910,215,41,105,0,1.5623757,110.0
784,784,784,6593,300.0,E,40.0094,-120.0522,6,20060806,20060807,6035.0,20060806,262,71,159,0,1.63248,136.0
785,785,785,6594,0.7,B,40.625,-121.0,6,20070706,20070706,6035.0,20070706,260,103,176,0,2.1533551,118.0
786,786,786,6595,1.0,B,39.8341,-120.0838,6,19990823,19990823,6035.0,19990823,311,106,211,3,1.6130155000000002,154.0
787,787,787,6596,4.1,B,40.45823,-120.57273,6,19990907,19990907,6035.0,19990907,203,-9,86,0,1.804275,110.0
788,788,788,6597,46.0,C,40.340847,-120.561147,6,20060806,20060807,6035.0,20060806,262,71,159,0,1.63248,136.0
789,789,789,6598,0.1,A,40.48823,-120.21439,6,19990825,19990825,6035.0,19990825,256,78,150,0,0.46324888,110.0
790,790,790,6599,0.1,A,40.95656,-120.88441,6,19990823,19990823,6035.0,19990823,311,106,211,3,1.6130155000000002,154.0
791,791,791,6600,0.3,B,41.072839,-120.845894,6,20070706,20070706,6035.0,20070706,260,103,176,0,2.1533551,118.0
792,792,792,6601,1.0,B,40.11388889,-120.16361111,6,20080704,20080704,6035.0,20080704,201,94,137,0,3.4395447,158.0
793,793,793,6602,75.0,C,41.072839,-120.845894,6,20070706,20070714,6035.0,20070706,260,103,176,0,2.1533551,118.0
794,794,794,6603,0.5,B,40.3132,-120.4777,6,19991009,19991009,6035.0,19991009,179,-21,77,0,1.1315926,84.0
795,795,795,6604,0.1,A,40.794569,-120.815611,6,19990909,19990909,6035.0,19990909,229,87,134,0,1.629297,110.0
