,Unnamed: 0.8,Unnamed: 0.7,Unnamed: 0.6,Unnamed: 0.5,Unnamed: 0.4,Unnamed: 0.3,Unnamed: 0.2,Unnamed: 0.1,Unnamed: 0,FIRE_SIZE,FIRE_SIZE_CLASS,LATITUDE,LONGITUDE,STATE,START_DATE,END_DATE,FIPS,DATE,tmax,tmin,tavg,prcp,aws,fmc
0,0,0,0,0,0,0,0,0,8193,91.0,C,41.71388889,-121.16333333,6,20070710,20070720,6049.0,20070710,348,120,233,0,1.8911407,77.5
1,1,1,1,1,1,1,1,1,8194,0.5,B,41.7183,-120.2017,6,20060814,20060815,6049.0,20060814,262,61,137,127,3.0327866,98.0
2,2,2,2,2,2,2,2,2,8195,20.0,C,41.62777778,-121.31166667,6,20070311,20070313,6049.0,20070311,144,13,63,0,2.0771115,81.667
3,3,3,3,3,3,3,3,3,8196,0.2,A,41.7672,-120.1683,6,20060814,20060814,6049.0,20060814,262,61,137,127,3.0327866,98.0
4,4,4,4,4,4,4,4,4,8197,0.5,B,41.7375,-121.2275,6,20070710,20070711,6049.0,20070710,348,120,233,0,1.8911407,77.5
5,5,5,5,5,5,5,5,5,8198,0.1,A,41.84888889,-120.65722222,6,20070929,20070929,6049.0,20070929,93,-24,34,51,1.5702786,72.5
6,6,6,6,6,6,6,6,6,8199,8.1,B,41.73527778,-121.22888889,6,20070710,20070716,6049.0,20070710,348,120,233,0,1.8911407,77.5
7,7,7,7,7,7,7,7,7,8200,50.0,C,41.75083333,-121.00222222,6,20060723,20060801,6049.0,20060723,322,129,226,0,1.9220889,111.333
8,8,8,8,8,8,8,8,8,8201,1.5,B,41.6175,-120.25194444,6,20060724,20060725,6049.0,20060724,305,143,204,0,1.3024623,111.333
9,9,9,9,9,9,9,9,9,8202,0.5,B,41.63805556,-121.40583333,6,20070710,20070715,6049.0,20070710,348,120,233,0,1.8911407,77.5
10,10,10,10,10,10,10,10,10,8203,0.1,A,41.825,-120.2889,6,20070901,20070901,6049.0,20070901,253,127,178,0,2.7830415,49.0
11,11,11,11,11,11,11,11,11,8204,0.1,A,41.80138889,-120.31888889,6,20060814,20060814,6049.0,20060814,262,61,137,127,3.0327866,98.0
12,12,12,12,12,12,12,12,12,8205,0.1,A,41.23416667,-120.33611111,6,20070921,20070921,6049.0,20070921,244,74,152,0,1.7851846000000002,74.0
13,13,13,13,13,13,13,13,13,8206,0.1,A,41.321328,-121.114464,6,20070710,20070714,6049.0,20070710,348,120,233,0,1.8911407,77.5
14,14,14,14,14,14,14,14,14,8207,0.5,B,41.48527778,-121.05222222,6,20060626,20060629,6049.0,20060626,295,157,212,0,0.79428977,155.667
15,15,15,15,15,15,15,15,15,8208,0.33,B,41.26861111,-120.28416667,6,20060814,20060814,6049.0,20060814,262,61,137,127,3.0327866,98.0
16,16,16,16,16,16,16,16,16,8209,0.1,A,41.321328,-121.114464,6,20070710,20070711,6049.0,20070710,348,120,233,0,1.8911407,77.5
17,17,17,17,17,17,17,17,17,8210,0.1,A,41.76277778,-121.30083333,6,20070711,20070711,6049.0,20070711,322,122,207,0,2.8270752,77.5
18,18,18,18,18,18,18,18,18,8211,0.3,B,41.7675,-120.85166667,6,20060723,20060724,6049.0,20060723,322,129,226,0,1.9220889,111.333
19,19,19,19,19,19,19,19,19,8212,2.0,B,41.8672,-120.1847,6,20061010,20061010,6049.0,20061010,93,-8,39,0,3.8701158,72.0
20,20,20,20,20,20,20,20,20,8213,0.25,A,41.59694444,-120.33444444,6,20070710,20070711,6049.0,20070710,348,120,233,0,1.8911407,77.5
21,21,21,21,21,21,21,21,21,8214,0.6,A,41.421347,-120.630606,6,20060626,20060626,6049.0,20060626,295,157,212,0,0.79428977,155.667
22,22,22,22,22,22,22,22,22,8215,0.1,A,41.2116,-120.4411,6,20040813,20040813,6049.0,20040813,322,117,218,0,2.304886,69.667
23,23,23,23,23,23,23,23,23,8216,17.0,C,41.537825,-120.457083,6,20060725,20060725,6049.0,20060725,314,116,219,0,0.62650234,111.333
24,24,24,24,24,24,24,24,24,8217,75.0,C,41.32138889,-121.09416667,6,20070710,20070710,6049.0,20070710,348,120,233,0,1.8911407,77.5
25,25,25,25,25,25,25,25,25,8218,0.2,A,41.40055556,-121.48416667,6,20060724,20060725,6049.0,20060724,305,143,204,0,1.3024623,111.333
26,26,26,26,26,26,26,26,26,8219,3.2,A,41.90666667,-120.56583333,6,20070710,20070710,6049.0,20070710,348,120,233,0,1.8911407,77.5
27,27,27,27,27,27,27,27,27,8220,5.0,B,41.3517,-120.7019,6,20060626,20060627,6049.0,20060626,295,157,212,0,0.79428977,155.667
28,28,28,28,28,28,28,28,28,8221,0.25,A,41.49583333,-121.14694444,6,20070531,20070531,6049.0,20070531,260,43,157,0,2.0991464,124.25
29,29,29,29,29,29,29,29,29,8222,500.26,E,41.2335,-120.961811,6,20060626,20060627,6049.0,20060626,295,157,212,0,0.79428977,155.667
30,30,30,30,30,30,30,30,30,8223,0.25,A,41.53555556,-121.10222222,6,20070531,20070601,6049.0,20070531,260,43,157,0,2.0991464,124.25
31,31,31,31,31,31,31,31,31,8224,1.0,B,41.68555556,-120.66694444,6,20060724,20060725,6049.0,20060724,305,143,204,0,1.3024623,111.333
32,32,32,32,32,32,32,32,32,8225,0.1,A,41.545367,-120.464067,6,20070929,20070929,6049.0,20070929,93,-24,34,51,1.5702786,72.5
33,33,33,33,33,33,33,33,33,8226,0.6,B,41.53,-120.85833333,6,20070531,20070629,6049.0,20070531,260,43,157,0,2.0991464,124.25
34,34,34,34,34,34,34,34,34,8227,0.1,A,41.522939,-120.611869,6,20040725,20040725,6049.0,20040725,356,139,250,0,2.1690972,93.333
35,35,35,35,35,35,35,35,35,8228,0.5,B,41.88361111,-120.7675,6,20060922,20060922,6049.0,20060922,143,-26,61,0,5.2114167,71.0
36,36,36,36,36,36,36,36,36,8229,0.1,A,41.509044,-120.476281,6,20060724,20060724,6049.0,20060724,305,143,204,0,1.3024623,111.333
37,37,37,37,37,37,37,37,37,8230,1.6,B,41.8828,-120.1589,6,20060814,20060814,6049.0,20060814,262,61,137,127,3.0327866,98.0
38,38,38,38,38,38,38,38,38,8231,2.0,B,41.56416667,-120.85333333,6,20070531,20070611,6049.0,20070531,260,43,157,0,2.0991464,124.25
39,39,39,39,39,39,39,39,39,8232,0.1,A,41.465661,-120.918672,6,20060724,20060724,6049.0,20060724,305,143,204,0,1.3024623,111.333
40,40,40,40,40,40,40,40,40,8233,2.0,B,41.8739,-120.1475,6,20070930,20070930,6049.0,20070930,139,-11,59,25,3.409188,72.5
41,41,41,41,41,41,41,41,41,8234,1.2,A,41.71833333,-120.61888889,6,20060724,20060725,6049.0,20060724,305,143,204,0,1.3024623,111.333
42,42,42,42,42,42,42,42,42,8235,0.1,A,41.248378,-120.961769,6,20060626,20060626,6049.0,20060626,295,157,212,0,0.79428977,155.667
43,43,43,43,43,43,43,43,43,8236,0.1,A,41.189708,-121.323583,6,20060724,20060724,6049.0,20060724,305,143,204,0,1.3024623,111.333
44,44,44,44,44,44,44,44,44,8237,1.0,B,41.25166667,-120.31694444,6,20060626,20060626,6049.0,20060626,295,157,212,0,0.79428977,155.667
45,45,45,45,45,45,45,45,45,8238,0.25,A,41.76861111,-120.86777778,6,20060723,20060725,6049.0,20060723,322,129,226,0,1.9220889,111.333
46,46,46,46,46,46,46,46,46,8239,2.0,B,41.76722222,-120.33444444,6,20060814,20060815,6049.0,20060814,262,61,137,127,3.0327866,98.0
47,47,47,47,47,47,47,47,47,8240,1.1,A,41.15138889,-120.26805556,6,20060822,20060822,6049.0,20060822,261,-3,138,0,1.8436106,81.0
48,48,48,48,48,48,48,48,48,8241,8121.0,G,41.98833333,-120.54472222,6,20070715,20070804,6049.0,20070715,288,78,190,0,3.000478,102.25
49,49,49,49,49,49,49,49,49,8242,0.1,A,41.78111111,-121.23333333,6,20070714,20070717,6049.0,20070714,274,35,164,0,3.6126747,77.5
50,50,50,50,50,50,50,50,50,8243,3.0,B,41.36694444,-121.01888889,6,20060711,20060711,6049.0,20060711,241,80,153,0,3.2946088,125.333
51,51,51,51,51,51,51,51,51,8244,0.26,B,41.58555556,-121.03333333,6,20060625,20060625,6049.0,20060625,337,129,235,0,1.7728263,155.667
52,52,52,52,52,52,52,52,52,8245,0.2,A,41.39444444,-121.04972222,6,20070908,20070908,6049.0,20070908,242,69,164,0,1.2322345,49.0
53,53,53,53,53,53,53,53,53,8246,0.8,B,41.3682,-120.7061,6,20050805,20050805,6049.0,20050805,302,71,195,0,1.258969,110.667
54,54,54,54,54,54,54,54,54,8247,0.2,A,41.45,-120.1833,6,20060625,20060625,6049.0,20060625,337,129,235,0,1.7728263,155.667
55,55,55,55,55,55,55,55,55,8248,0.5,B,41.3333,-120.1181,6,20070722,20070722,6049.0,20070722,262,110,180,0,1.866252,66.5
56,56,56,56,56,56,56,56,56,8249,0.1,A,41.2882,-120.5994,6,20040816,20040816,6049.0,20040816,272,117,187,0,1.0307764,69.667
57,57,57,57,57,57,57,57,57,8250,6.0,B,41.29215,-121.09495,6,20050707,20050707,6049.0,20050707,224,82,148,0,2.727875,175.0
58,58,58,58,58,58,58,58,58,8251,1.5,B,41.33388889,-120.86916667,6,20060626,20060628,6049.0,20060626,295,157,212,0,0.79428977,155.667
59,59,59,59,59,59,59,59,59,8252,524.0,E,41.81833333,-121.05138889,6,20060722,20060811,6049.0,20060722,313,162,223,0,0.35355338,111.333
60,60,60,60,60,60,60,60,60,8253,1.0,B,41.40965,-120.684733,6,20070522,20070522,6049.0,20070522,133,-28,61,0,3.5152335,174.5
61,61,61,61,61,61,61,61,61,8254,0.3,A,41.65194444,-121.00527778,6,20070904,20070904,6049.0,20070904,158,43,90,0,3.3963907,49.0
62,62,62,62,62,62,62,62,62,8255,0.5,B,41.3208,-120.5078,6,20070519,20070519,6049.0,20070519,181,28,115,0,3.1315854,157.333
63,63,63,63,63,63,63,63,63,8256,3.0,B,41.228189,-120.930956,6,20060718,20060718,6049.0,20060718,268,76,163,0,1.7189738,111.333
64,64,64,64,64,64,64,64,64,8257,2.1,A,41.31361111,-120.83805556,6,20070906,20070906,6049.0,20070906,249,67,169,0,1.9206531,49.0
65,65,65,65,65,65,65,65,65,8258,0.1,A,41.450139,-120.611519,6,20060717,20060717,6049.0,20060717,305,105,214,0,1.2445457,111.333
66,66,66,66,66,66,66,66,66,8259,4.0,B,41.2525,-120.31666667,6,20060716,20060717,6049.0,20060716,270,89,172,0,0.55973345,125.333
67,67,67,67,67,67,67,67,67,8260,0.5,B,41.446686,-120.628969,6,20050725,20050725,6049.0,20050725,259,60,175,0,2.0505598000000003,122.667
68,68,68,68,68,68,68,68,68,8261,1.0,B,41.70277778,-121.13611111,6,20070905,20070905,6049.0,20070905,224,24,125,0,4.0594177,49.0
69,69,69,69,69,69,69,69,69,8262,0.1,A,41.545367,-120.464069,6,20060818,20060818,6049.0,20060818,273,34,160,0,2.0628648000000003,81.0
70,70,70,70,70,70,70,70,70,8263,0.1,A,41.60944444,-121.10888889,6,20070904,20070904,6049.0,20070904,158,43,90,0,3.3963907,49.0
71,71,71,71,71,71,71,71,71,8264,0.1,A,41.3016,-120.5061,6,20040815,20040815,6049.0,20040815,254,124,158,0,1.2734954,69.667
72,72,72,72,72,72,72,72,72,8265,1.0,B,41.4681,-120.1511,6,20060621,20060621,6049.0,20060621,201,55,132,0,3.01054,155.667
73,73,73,73,73,73,73,73,73,8266,0.5,A,41.49015,-120.724883,6,20070904,20070904,6049.0,20070904,158,43,90,0,3.3963907,49.0
74,74,74,74,74,74,74,74,74,8267,1.0,B,41.450319,-120.707,6,20070810,20070810,6049.0,20070810,194,56,120,0,2.3708408,77.0
75,75,75,75,75,75,75,75,75,8268,1.5,B,41.236389,-121.218489,6,20070403,20070403,6049.0,20070403,156,-44,59,0,1.7978895,81.667
76,76,76,76,76,76,76,76,76,8269,130.0,D,41.25194444,-121.03416667,6,20060626,20060706,6049.0,20060626,295,157,212,0,0.79428977,155.667
77,77,77,77,77,77,77,77,77,8270,0.1,A,41.51861111,-120.28333333,6,20060818,20060819,6049.0,20060818,273,34,160,0,2.0628648000000003,81.0
78,78,78,78,78,78,78,78,78,8271,5.0,B,41.537919,-120.554139,6,20041120,20041120,6049.0,20041120,44,-100,-28,0,2.63882,63.333
79,79,79,79,79,79,79,79,79,8272,8.2,B,41.85583333,-121.32972222,6,20070711,20070713,6049.0,20070711,322,122,207,0,2.8270752,77.5
80,80,80,80,80,80,80,80,80,8273,1.0,B,41.23333333,-120.36833333,6,20060626,20060626,6049.0,20060626,295,157,212,0,0.79428977,155.667
81,81,81,81,81,81,81,81,81,8274,1.0,B,41.88666667,-120.6675,6,20070409,20070409,6049.0,20070409,32,-34,0,25,4.3862185,81.667
82,82,82,82,82,82,82,82,82,8275,0.1,A,41.30305556,-120.30972222,6,20060815,20060815,6049.0,20060815,235,42,148,0,3.2568266,98.0
83,83,83,83,83,83,83,83,83,8276,1.0,B,41.86472222,-120.59388889,6,20070408,20070409,6049.0,20070408,113,19,60,0,2.0628648000000003,81.667
84,84,84,84,84,84,84,84,84,8277,40.1,C,41.31916667,-121.00111111,6,20060626,20060706,6049.0,20060626,295,157,212,0,0.79428977,155.667
85,85,85,85,85,85,85,85,85,8278,0.1,A,41.2766,-120.5011,6,20040819,20040819,6049.0,20040819,310,100,212,0,1.2322303999999995,69.667
86,86,86,86,86,86,86,86,86,8279,0.1,A,41.8022,-120.1689,6,20060814,20060814,6049.0,20060814,262,61,137,127,3.0327866,98.0
87,87,87,87,87,87,87,87,87,8280,15.0,C,41.545367,-120.464069,6,20070406,20070406,6049.0,20070406,205,-14,100,0,1.1359615,81.667
88,88,88,88,88,88,88,88,88,8281,2.8,B,41.8831,-120.1603,6,20060814,20060814,6049.0,20060814,262,61,137,127,3.0327866,98.0
89,89,89,89,89,89,89,89,89,8282,0.1,A,41.58555556,-121.18555556,6,20060607,20060607,6049.0,20060607,213,50,132,0,2.7596114,156.333
90,90,90,90,90,90,90,90,90,8283,0.26,B,41.28416667,-120.285,6,20060814,20060815,6049.0,20060814,262,61,137,127,3.0327866,98.0
91,91,91,91,91,91,91,91,91,8284,0.5,B,41.43638889,-121.11638889,6,20070711,20070712,6049.0,20070711,322,122,207,0,2.8270752,77.5
92,92,92,92,92,92,92,92,92,8285,0.1,A,41.446686,-120.628969,6,20060723,20060723,6049.0,20060723,322,129,226,0,1.9220889,111.333
93,93,93,93,93,93,93,93,93,8286,0.25,A,41.86611111,-120.57416667,6,20070711,20070711,6049.0,20070711,322,122,207,0,2.8270752,77.5
94,94,94,94,94,94,94,94,94,8287,0.1,A,41.75111111,-120.90222222,6,20060723,20060723,6049.0,20060723,322,129,226,0,1.9220889,111.333
95,95,95,95,95,95,95,95,95,8288,0.1,A,41.63333333,-121.58361111,6,20060705,20060706,6049.0,20060705,233,20,134,0,2.2389462000000004,139.0
96,96,96,96,96,96,96,96,96,8289,0.1,A,41.65166667,-120.28333333,6,20060815,20060816,6049.0,20060815,235,42,148,0,3.2568266,98.0
97,97,97,97,97,97,97,97,97,8290,0.1,A,41.34166667,-120.25833333,6,20070902,20070902,6049.0,20070902,284,69,176,0,1.704968,49.0
98,98,98,98,98,98,98,98,98,8291,0.5,B,41.78388889,-121.2525,6,20070713,20070713,6049.0,20070713,302,105,204,0,3.3243525000000003,77.5
99,99,99,99,99,99,99,99,99,8292,40.1,A,41.70194444,-120.9,6,20060722,20060729,6049.0,20060722,313,162,223,0,0.35355338,111.333
100,100,100,100,100,100,100,100,100,8293,1.0,B,41.638736,-120.457133,6,20070712,20070712,6049.0,20070712,263,59,163,0,2.4700801,77.5
101,101,101,101,101,101,101,101,101,8294,0.2,A,41.186369,-120.522881,6,20040813,20040813,6049.0,20040813,322,117,218,0,2.304886,69.667
102,102,102,102,102,102,102,102,102,8295,65.0,C,41.79777778,-121.66638889,6,20070712,20070715,6049.0,20070712,263,59,163,0,2.4700801,77.5
103,103,103,103,103,103,103,103,103,8296,461.0,E,41.45138889,-121.35138889,6,20060626,20060627,6049.0,20060626,295,157,212,0,0.79428977,155.667
104,104,104,104,104,104,104,104,104,8297,15.0,C,41.75388889,-121.28361111,6,20070712,20070715,6049.0,20070712,263,59,163,0,2.4700801,77.5
105,105,105,105,105,105,105,105,105,8298,24.1,B,41.47444444,-120.94111111,6,20070416,20070416,6049.0,20070416,123,-75,28,25,1.2129678,189.0
106,106,106,106,106,106,106,106,106,8299,0.1,A,41.66861111,-120.25138889,6,20060815,20060816,6049.0,20060815,235,42,148,0,3.2568266,98.0
107,107,107,107,107,107,107,107,107,8300,0.4,B,41.63527778,-121.26888889,6,20060723,20060723,6049.0,20060723,322,129,226,0,1.9220889,111.333
108,108,108,108,108,108,108,108,108,8301,1049.0,F,41.46916667,-121.33472222,6,20060626,20060715,6049.0,20060626,295,157,212,0,0.79428977,155.667
109,109,109,109,109,109,109,109,109,8302,0.1,A,41.5549,-120.4744,6,20040725,20040726,6049.0,20040725,356,139,250,0,2.1690972,93.333
110,110,110,110,110,110,110,110,110,8303,0.1,A,41.17472222,-120.36638889,6,20070831,20070901,6049.0,20070831,227,109,171,51,3.0680454,49.0
111,111,111,111,111,111,111,111,111,8304,25.0,C,41.78361111,-120.93388889,6,20060725,20060804,6049.0,20060725,314,116,219,0,0.62650234,111.333
112,112,112,112,112,112,112,112,112,8305,1.0,B,41.73388889,-120.95083333,6,20060806,20060811,6049.0,20060806,312,97,188,0,1.63248,98.0
113,113,113,113,113,113,113,113,113,8306,0.25,A,41.8975,-120.79638889,6,20070802,20070803,6049.0,20070802,246,122,175,25,2.1426377,77.0
114,114,114,114,114,114,114,114,114,8307,0.3,B,41.2466,-120.1644,6,20050625,20050625,6049.0,20050625,189,61,114,0,3.3804355000000004,188.0
115,115,115,115,115,115,115,115,115,8308,6.0,B,41.595539,-120.437386,6,20060628,20060628,6049.0,20060628,284,120,184,25,1.1921905000000002,139.0
116,116,116,116,116,116,116,116,116,8309,0.1,A,41.53444444,-120.31861111,6,20061006,20061006,6049.0,20061006,133,20,72,0,3.2526035,72.0
117,117,117,117,117,117,117,117,117,8310,0.1,A,41.545367,-120.464069,6,20070609,20070609,6049.0,20070609,160,67,112,0,1.9816113,110.0
118,118,118,118,118,118,118,118,118,8311,0.1,A,41.98,-121.06888889,6,20070706,20070710,6049.0,20070706,297,98,193,25,2.1533551,77.5
119,119,119,119,119,119,119,119,119,8312,0.1,A,41.61722222,-120.31666667,6,20061006,20061006,6049.0,20061006,133,20,72,0,3.2526035,72.0
120,120,120,120,120,120,120,120,120,8313,0.2,A,41.96916667,-121.07638889,6,20070706,20070710,6049.0,20070706,297,98,193,25,2.1533551,77.5
121,121,121,121,121,121,121,121,121,8314,0.3,A,41.5503,-120.4167,6,20060806,20060806,6049.0,20060806,312,97,188,0,1.63248,98.0
122,122,122,122,122,122,122,122,122,8315,0.2,A,41.406733,-120.592561,6,20070706,20070706,6049.0,20070706,297,98,193,25,2.1533551,77.5
123,123,123,123,123,123,123,123,123,8316,0.26,B,41.385,-121.08333333,6,20060628,20060629,6049.0,20060628,284,120,184,25,1.1921905000000002,139.0
124,124,124,124,124,124,124,124,124,8317,73.0,C,41.363403,-120.707639,6,20070706,20070707,6049.0,20070706,297,98,193,25,2.1533551,77.5
125,125,125,125,125,125,125,125,125,8318,1.5,B,41.19952,-120.40751,6,20070802,20070802,6049.0,20070802,246,122,175,25,2.1426377,77.0
126,126,126,126,126,126,126,126,126,8319,0.1,A,41.523508,-120.534767,6,20070706,20070706,6049.0,20070706,297,98,193,25,2.1533551,77.5
127,127,127,127,127,127,127,127,127,8320,0.3,A,41.23583333,-120.80166667,6,20060806,20060806,6049.0,20060806,312,97,188,0,1.63248,98.0
128,128,128,128,128,128,128,128,128,8321,5.0,B,41.6025,-121.38305556,6,20070706,20070709,6049.0,20070706,297,98,193,25,2.1533551,77.5
129,129,129,129,129,129,129,129,129,8322,0.1,A,41.95,-120.76888889,6,20061005,20061005,6049.0,20061005,111,35,62,102,0.6726791,72.0
130,130,130,130,130,130,130,130,130,8323,2.0,B,41.68583333,-120.96833333,6,20060628,20060629,6049.0,20060628,284,120,184,25,1.1921905000000002,139.0
131,131,131,131,131,131,131,131,131,8324,6.4,B,41.53472222,-121.03388889,6,20060806,20060811,6049.0,20060806,312,97,188,0,1.63248,98.0
132,132,132,132,132,132,132,132,132,8325,0.25,A,41.95666667,-120.82944444,6,20070706,20070707,6049.0,20070706,297,98,193,25,2.1533551,77.5
133,133,133,133,133,133,133,133,133,8326,0.05,A,41.75055556,-121.31194444,6,20070731,20070731,6049.0,20070731,307,116,206,0,0.36399838,54.0
134,134,134,134,134,134,134,134,134,8327,2.0,B,41.91111111,-120.21638889,6,20070706,20070709,6049.0,20070706,297,98,193,25,2.1533551,77.5
135,135,135,135,135,135,135,135,135,8328,0.1,A,41.93444444,-120.25083333,6,20070802,20070803,6049.0,20070802,246,122,175,25,2.1426377,77.0
136,136,136,136,136,136,136,136,136,8329,267.5,D,41.97472222,-121.11638889,6,20070706,20070725,6049.0,20070706,297,98,193,25,2.1533551,77.5
137,137,137,137,137,137,137,137,137,8330,0.1,A,41.43361111,-121.00027778,6,20061005,20061005,6049.0,20061005,111,35,62,102,0.6726791,72.0
138,138,138,138,138,138,138,138,138,8331,0.1,A,41.56138889,-120.27777778,6,20070703,20070703,6049.0,20070703,285,24,167,0,1.3661649,77.5
139,139,139,139,139,139,139,139,139,8332,4.2,B,41.95,-121.28333333,6,20060806,20060806,6049.0,20060806,312,97,188,0,1.63248,98.0
140,140,140,140,140,140,140,140,140,8333,65.0,C,41.06722222,-121.83666667,6,20070706,20070717,6049.0,20070706,297,98,193,25,2.1533551,77.5
141,141,141,141,141,141,141,141,141,8334,1.4,A,41.48361111,-121.43361111,6,20060806,20060807,6049.0,20060806,312,97,188,0,1.63248,98.0
142,142,142,142,142,142,142,142,142,8335,0.25,A,41.57555556,-120.99972222,6,20070819,20070819,6049.0,20070819,165,64,120,0,2.8153925,68.5
143,143,143,143,143,143,143,143,143,8336,0.25,A,41.78583333,-120.36833333,6,20060214,20060214,6049.0,20060214,7,-90,-40,0,1.9071606,79.333
144,144,144,144,144,144,144,144,144,8337,0.1,A,41.48444444,-121.31722222,6,20060627,20060629,6049.0,20060627,290,76,174,0,2.1891627,155.667
145,145,145,145,145,145,145,145,145,8338,34.0,C,41.92138889,-120.88833333,6,20061014,20061016,6049.0,20061014,152,72,104,0,1.2041683,72.0
146,146,146,146,146,146,146,146,146,8339,2.5,B,41.85555556,-120.83388889,6,20071016,20071018,6049.0,20071016,71,23,43,0,2.9918802,72.5
147,147,147,147,147,147,147,147,147,8340,0.2,A,41.485,-121.48388889,6,20060807,20060815,6049.0,20060807,261,75,170,0,3.105367,98.0
148,148,148,148,148,148,148,148,148,8341,0.1,A,41.51805556,-121.4,6,20060627,20060627,6049.0,20060627,290,76,174,0,2.1891627,155.667
149,149,149,149,149,149,149,149,149,8342,0.1,A,41.53444444,-120.31861111,6,20061009,20061009,6049.0,20061009,76,-18,29,0,2.7190588,72.0
150,150,150,150,150,150,150,150,150,8343,6.1,B,41.61805556,-121.08555556,6,20060807,20060812,6049.0,20060807,261,75,170,0,3.105367,98.0
151,151,151,151,151,151,151,151,151,8344,3.0,B,41.4675,-120.93333333,6,20061013,20061014,6049.0,20061013,166,17,78,0,1.7089103,72.0
152,152,152,152,152,152,152,152,152,8345,0.1,A,41.890483,-120.005539,6,20070820,20070820,6049.0,20070820,204,81,131,0,1.6164521,68.5
153,153,153,153,153,153,153,153,153,8346,2.1,A,41.96916667,-120.55,6,20060807,20060808,6049.0,20060807,261,75,170,0,3.105367,98.0
154,154,154,154,154,154,154,154,154,8347,0.1,A,41.31916667,-120.18333333,6,20061011,20061011,6049.0,20061011,187,2,87,0,2.1411169,72.0
155,155,155,155,155,155,155,155,155,8348,2.6,B,41.55027778,-121.40055556,6,20060807,20060808,6049.0,20060807,261,75,170,0,3.105367,98.0
156,156,156,156,156,156,156,156,156,8349,8.0,B,41.35111111,-120.91722222,6,20060627,20060629,6049.0,20060627,290,76,174,0,2.1891627,155.667
157,157,157,157,157,157,157,157,157,8350,0.25,A,41.95083333,-120.75222222,6,20060510,20061005,6049.0,20060510,171,53,94,0,3.9194953,149.333
158,158,158,158,158,158,158,158,158,8351,0.8,B,41.7266,-120.2111,6,20050625,20050625,6049.0,20050625,189,61,114,0,3.3804355000000004,188.0
159,159,159,159,159,159,159,159,159,8352,0.2,A,41.3,-120.86666667,6,20060627,20060629,6049.0,20060627,290,76,174,0,2.1891627,155.667
160,160,160,160,160,160,160,160,160,8353,1.0,B,41.552217,-120.456864,6,20070706,20070706,6049.0,20070706,297,98,193,25,2.1533551,77.5
161,161,161,161,161,161,161,161,161,8354,3.5,B,41.95,-120.73416667,6,20060807,20060808,6049.0,20060807,261,75,170,0,3.105367,98.0
162,162,162,162,162,162,162,162,162,8355,16.200000000000003,B,41.33583333,-120.90194444,6,20060627,20060629,6049.0,20060627,290,76,174,0,2.1891627,155.667
163,163,163,163,163,163,163,163,163,8356,0.26,B,41.55055556,-121.48555556,6,20060807,20060809,6049.0,20060807,261,75,170,0,3.105367,98.0
164,164,164,164,164,164,164,164,164,8357,0.2,A,41.43388889,-120.95111111,6,20060627,20060627,6049.0,20060627,290,76,174,0,2.1891627,155.667
165,165,165,165,165,165,165,165,165,8358,0.1,A,41.53,-121.05138889,6,20070915,20070916,6049.0,20070915,204,4,101,0,1.1022305,74.0
166,166,166,166,166,166,166,166,166,8359,526.2,A,41.80222222,-120.95222222,6,20060807,20060810,6049.0,20060807,261,75,170,0,3.105367,98.0
167,167,167,167,167,167,167,167,167,8360,3.0,B,41.566497,-120.437256,6,20060419,20060419,6049.0,20060419,146,-15,63,0,3.3034730000000003,79.333
168,168,168,168,168,168,168,168,168,8361,0.1,A,41.85739,-120.21228,6,20070823,20070824,6049.0,20070823,219,125,167,0,1.9461143,68.5
169,169,169,169,169,169,169,169,169,8362,52.0,C,41.2517,-120.6169,6,20060627,20060706,6049.0,20060627,290,76,174,0,2.1891627,155.667
170,170,170,170,170,170,170,170,170,8363,0.1,A,41.80194444,-120.91722222,6,20060807,20060810,6049.0,20060807,261,75,170,0,3.105367,98.0
171,171,171,171,171,171,171,171,171,8364,0.3,A,41.545367,-120.464069,6,20060806,20060806,6049.0,20060806,312,97,188,0,1.63248,98.0
172,172,172,172,172,172,172,172,172,8365,0.1,A,41.75055556,-120.85194444,6,20060726,20060804,6049.0,20060726,316,91,215,0,1.4024693,111.333
173,173,173,173,173,173,173,173,173,8366,0.1,A,41.77277778,-120.71666667,6,20070709,20070710,6049.0,20070709,316,103,212,0,0.7017806,77.5
174,174,174,174,174,174,174,174,174,8367,480.0,E,41.1882,-120.0677,6,20040813,20040814,6049.0,20040813,322,117,218,0,2.304886,69.667
175,175,175,175,175,175,175,175,175,8368,4871.0,F,41.68583333,-120.51833333,6,20060726,20060728,6049.0,20060726,316,91,215,0,1.4024693,111.333
176,176,176,176,176,176,176,176,176,8369,0.1,A,41.48527778,-120.96805556,6,20060627,20060627,6049.0,20060627,290,76,174,0,2.1891627,155.667
177,177,177,177,177,177,177,177,177,8370,0.1,A,41.450111,-120.592581,6,20040727,20040727,6049.0,20040727,291,76,194,0,1.4320973,93.333
178,178,178,178,178,178,178,178,178,8371,0.1,A,41.2682,-120.5061,6,20040813,20040813,6049.0,20040813,322,117,218,0,2.304886,69.667
179,179,179,179,179,179,179,179,179,8372,5.0,B,41.81222222,-121.07972222,6,20070602,20070604,6049.0,20070602,212,64,137,0,2.0815396,124.25
180,180,180,180,180,180,180,180,180,8373,1.0,B,41.77305556,-120.74333333,6,20070709,20070710,6049.0,20070709,316,103,212,0,0.7017806,77.5
181,181,181,181,181,181,181,181,181,8374,64.0,C,41.277778,-121.114517,6,20071002,20071002,6049.0,20071002,179,-14,80,25,1.3503393,72.5
182,182,182,182,182,182,182,182,182,8375,3.0,B,41.35111111,-120.86722222,6,20060701,20060703,6049.0,20060701,251,94,167,0,0.81689084,139.0
183,183,183,183,183,183,183,183,183,8376,0.1,A,41.17777778,-120.83444444,6,20070109,20070110,6049.0,20070109,103,-45,12,0,3.4677079,71.667
184,184,184,184,184,184,184,184,184,8377,2.0,B,41.52638889,-120.32916667,6,20070830,20070830,6049.0,20070830,298,112,207,0,2.6800296,49.0
185,185,185,185,185,185,185,185,185,8378,3.1,A,41.595828,-120.456706,6,20060726,20060726,6049.0,20060726,316,91,215,0,1.4024693,111.333
186,186,186,186,186,186,186,186,186,8379,2.0,B,41.2767,-120.5017,6,20051001,20051001,6049.0,20051001,98,-22,45,127,5.0524044,79.333
187,187,187,187,187,187,187,187,187,8380,0.1,A,41.75194444,-120.91666667,6,20060726,20060801,6049.0,20060726,316,91,215,0,1.4024693,111.333
188,188,188,188,188,188,188,188,188,8381,3.0,B,41.76277778,-120.74194444,6,20070709,20070710,6049.0,20070709,316,103,212,0,0.7017806,77.5
189,189,189,189,189,189,189,189,189,8382,0.1,A,41.76583333,-120.72472222,6,20070602,20070625,6049.0,20070602,212,64,137,0,2.0815396,124.25
190,190,190,190,190,190,190,190,190,8383,16.8,C,41.33555556,-121.33972222,6,20070710,20070715,6049.0,20070710,348,120,233,0,1.8911407,77.5
191,191,191,191,191,191,191,191,191,8384,20.3,C,41.8356,-120.1525,6,20060926,20060926,6049.0,20060926,201,104,146,0,0.69642794,71.0
192,192,192,192,192,192,192,192,192,8385,0.75,B,41.25611111,-120.36944444,6,20060626,20060627,6049.0,20060626,295,157,212,0,0.79428977,155.667
193,193,193,193,193,193,193,193,193,8386,0.1,A,41.219461,-121.095822,6,20070202,20070205,6049.0,20070202,72,-46,19,0,1.5913833,71.667
194,194,194,194,194,194,194,194,194,8387,2.0,B,41.60222222,-120.53333333,6,20060725,20060731,6049.0,20060725,314,116,219,0,0.62650234,111.333
195,195,195,195,195,195,195,195,195,8388,0.1,A,41.15222222,-120.32972222,6,20070831,20070831,6049.0,20070831,227,109,171,51,3.0680454,49.0
196,196,196,196,196,196,196,196,196,8389,0.1,A,41.51833333,-120.71944444,6,20070601,20070602,6049.0,20070601,224,65,137,0,0.3023233,124.25
197,197,197,197,197,197,197,197,197,8390,0.25,A,41.61833333,-121.08416667,6,20061010,20061010,6049.0,20061010,93,-8,39,0,3.8701158,72.0
198,198,198,198,198,198,198,198,198,8391,0.1,A,41.234892,-120.657175,6,20070831,20070831,6049.0,20070831,227,109,171,51,3.0680454,49.0
199,199,199,199,199,199,199,199,199,8392,3.5,B,41.55666667,-121.09305556,6,20070710,20070711,6049.0,20070710,348,120,233,0,1.8911407,77.5
200,200,200,200,200,200,200,200,200,8393,82.0,C,41.45015,-120.437539,6,20040813,20040813,6049.0,20040813,322,117,218,0,2.304886,69.667
201,201,201,201,201,201,201,201,201,8394,0.2,A,41.53805556,-121.01333333,6,20070601,20070601,6049.0,20070601,224,65,137,0,0.3023233,124.25
202,202,202,202,202,202,202,202,202,8395,0.25,A,41.25222222,-121.03388889,6,20060927,20060928,6049.0,20060927,214,115,154,0,0.8005594,71.0
203,203,203,203,203,203,203,203,203,8396,1.0,B,41.449919,-120.378339,6,20070831,20070831,6049.0,20070831,227,109,171,51,3.0680454,49.0
204,204,204,204,204,204,204,204,204,8397,3.3000000000000003,A,41.35055556,-120.86694444,6,20060701,20060702,6049.0,20060701,251,94,167,0,0.81689084,139.0
205,205,205,205,205,205,205,205,205,8398,0.2,A,41.55222222,-121.06861111,6,20060805,20060806,6049.0,20060805,272,76,158,0,2.3853737999999995,98.0
206,206,206,206,206,206,206,206,206,8399,0.4,B,41.406778,-120.649564,6,20070707,20070707,6049.0,20070707,284,70,189,0,2.3436107999999995,77.5
207,207,207,207,207,207,207,207,207,8400,12.2,C,41.66916667,-121.23361111,6,20060805,20060810,6049.0,20060805,272,76,158,0,2.3853737999999995,98.0
208,208,208,208,208,208,208,208,208,8401,3.0,B,41.98527778,-121.20611111,6,20070830,20070911,6049.0,20070830,298,112,207,0,2.6800296,49.0
209,209,209,209,209,209,209,209,209,8402,5.1,B,41.35222222,-120.35,6,20060805,20060806,6049.0,20060805,272,76,158,0,2.3853737999999995,98.0
210,210,210,210,210,210,210,210,210,8403,52.0,C,41.90222222,-121.03416667,6,20060808,20060809,6049.0,20060808,165,54,96,0,4.0040636,98.0
211,211,211,211,211,211,211,211,211,8404,0.3,B,41.35111111,-120.95027778,6,20060805,20060806,6049.0,20060805,272,76,158,0,2.3853737999999995,98.0
212,212,212,212,212,212,212,212,212,8405,0.2,A,41.43388889,-120.98527778,6,20060627,20060702,6049.0,20060627,290,76,174,0,2.1891627,155.667
213,213,213,213,213,213,213,213,213,8406,2.7,B,41.50055556,-120.96861111,6,20060805,20060805,6049.0,20060805,272,76,158,0,2.3853737999999995,98.0
214,214,214,214,214,214,214,214,214,8407,10.0,C,41.85027778,-121.01861111,6,20060806,20060823,6049.0,20060806,312,97,188,0,1.63248,98.0
215,215,215,215,215,215,215,215,215,8408,0.1,A,41.95166667,-120.685,6,20061005,20061006,6049.0,20061005,111,35,62,102,0.6726791,72.0
216,216,216,216,216,216,216,216,216,8409,1.3,B,41.33444444,-120.95083333,6,20060805,20060806,6049.0,20060805,272,76,158,0,2.3853737999999995,98.0
217,217,217,217,217,217,217,217,217,8410,0.3,B,41.2286,-120.4447,6,20070914,20070914,6049.0,20070914,167,5,86,0,3.392846,74.0
218,218,218,218,218,218,218,218,218,8411,0.1,A,41.53361111,-120.78361111,6,20060629,20060722,6049.0,20060629,224,91,145,0,2.2389462000000004,139.0
219,219,219,219,219,219,219,219,219,8412,0.9,B,41.8681,-120.1556,6,20070818,20070819,6049.0,20070818,194,45,122,0,2.311474,68.5
220,220,220,220,220,220,220,220,220,8413,0.1,A,41.68361111,-120.81305556,6,20070709,20070718,6049.0,20070709,316,103,212,0,0.7017806,77.5
221,221,221,221,221,221,221,221,221,8414,145.0,D,41.4158,-120.4942,6,20070830,20070831,6049.0,20070830,298,112,207,0,2.6800296,49.0
222,222,222,222,222,222,222,222,222,8415,0.2,A,41.25,-120.80194444,6,20060809,20060809,6049.0,20060809,222,40,121,0,1.2010382,98.0
223,223,223,223,223,223,223,223,223,8416,5.0,B,41.464731,-120.687831,6,20070817,20070817,6049.0,20070817,222,81,139,0,2.339079,68.5
224,224,224,224,224,224,224,224,224,8417,0.2,A,41.446686,-120.628969,6,20060518,20060518,6049.0,20060518,268,85,173,0,2.0235615,149.333
225,225,225,225,225,225,225,225,225,8418,0.1,A,41.55,-121.56666667,6,20060809,20060809,6049.0,20060809,222,40,121,0,1.2010382,98.0
226,226,226,226,226,226,226,226,226,8419,0.1,A,41.45222222,-120.91861111,6,20060627,20060627,6049.0,20060627,290,76,174,0,2.1891627,155.667
227,227,227,227,227,227,227,227,227,8420,3.8,A,41.2,-120.5858,6,20060701,20060701,6049.0,20060701,251,94,167,0,0.81689084,139.0
228,228,228,228,228,228,228,228,228,8421,53.7,C,41.35111111,-121.01916667,6,20060630,20060706,6049.0,20060630,252,45,155,0,0.4767614000000001,139.0
229,229,229,229,229,229,229,229,229,8422,5.0,B,41.65,-120.50027778,6,20060729,20060730,6049.0,20060729,267,92,184,0,3.2381740000000003,111.333
230,230,230,230,230,230,230,230,230,8423,0.1,A,41.18583333,-120.15027778,6,20060731,20060731,6049.0,20060731,203,15,120,0,2.1225667,111.333
231,231,231,231,231,231,231,231,231,8424,47.5,B,41.26666667,-121.01805556,6,20060630,20060701,6049.0,20060630,252,45,155,0,0.4767614000000001,139.0
232,232,232,232,232,232,232,232,232,8425,1.5,B,41.38388889,-121.05138889,6,20060627,20060629,6049.0,20060627,290,76,174,0,2.1891627,155.667
233,233,233,233,233,233,233,233,233,8426,0.1,A,41.63583333,-120.74111111,6,20070710,20070724,6049.0,20070710,348,120,233,0,1.8911407,77.5
234,234,234,234,234,234,234,234,234,8427,19.6,C,41.2075,-120.28666667,6,20070830,20070831,6049.0,20070830,298,112,207,0,2.6800296,49.0
235,235,235,235,235,235,235,235,235,8428,0.2,A,41.552381,-120.534711,6,19970309,19970312,6049.0,19970309,99,-45,18,0,1.4001473,111.667
236,236,236,236,236,236,236,236,236,8429,0.1,A,41.98722222,-120.84777778,6,20080926,20080926,6049.0,20080926,181,28,106,0,1.1101806,71.5
237,237,237,237,237,237,237,237,237,8430,0.1,A,41.97222222,-120.57138889,6,20090531,20090604,6049.0,20090531,231,79,141,51,0.92347,150.0
238,238,238,238,238,238,238,238,238,8431,1.5,B,41.3634,-120.669319,6,20000315,20000315,6049.0,20000315,68,-81,-9,0,1.0881089,128.0
239,239,239,239,239,239,239,239,239,8432,0.2,A,41.76861111,-120.88694444,6,20090531,20090609,6049.0,20090531,231,79,141,51,0.92347,150.0
240,240,240,240,240,240,240,240,240,8433,1.0,B,41.8699,-120.1627,6,20000404,20000404,6049.0,20000404,133,-5,65,0,2.895608,128.0
241,241,241,241,241,241,241,241,241,8434,0.3,A,41.35694444,-121.06944444,6,20090530,20090530,6049.0,20090530,258,80,142,25,2.7256787,150.0
242,242,242,242,242,242,242,242,242,8435,0.1,A,41.77055556,-120.89833333,6,20090531,20090609,6049.0,20090531,231,79,141,51,0.92347,150.0
243,243,243,243,243,243,243,243,243,8436,0.1,A,41.84416667,-120.86638889,6,20090530,20090530,6049.0,20090530,258,80,142,25,2.7256787,150.0
244,244,244,244,244,244,244,244,244,8437,0.5,B,41.6503,-120.2186,6,20080619,20080619,6049.0,20080619,216,16,127,0,0.6203246,167.0
245,245,245,245,245,245,245,245,245,8438,0.1,A,41.48666667,-121.07333333,6,20090530,20090531,6049.0,20090530,258,80,142,25,2.7256787,150.0
246,246,246,246,246,246,246,246,246,8439,0.35,A,41.40777778,-120.93527778,6,20080621,20080621,6049.0,20080621,190,63,125,0,2.6596687,167.0
247,247,247,247,247,247,247,247,247,8440,0.1,A,41.71166667,-120.68722222,6,20090528,20090607,6049.0,20090528,257,34,135,0,0.7891748000000001,150.0
248,248,248,248,248,248,248,248,248,8441,5.0,B,41.478831,-120.35945,6,20020915,20020916,6049.0,20020915,240,67,158,0,2.3430772,77.667
249,249,249,249,249,249,249,249,249,8442,0.2,A,41.36861111,-121.09,6,20080621,20080622,6049.0,20080621,190,63,125,0,2.6596687,167.0
250,250,250,250,250,250,250,250,250,8443,0.1,A,41.55388889,-120.76305556,6,20090530,20090607,6049.0,20090530,258,80,142,25,2.7256787,150.0
251,251,251,251,251,251,251,251,251,8444,0.25,A,41.42944444,-121.46222222,6,20090601,20090602,6049.0,20090601,223,60,148,0,0.6628723000000001,145.0
252,252,252,252,252,252,252,252,252,8445,0.1,A,41.42833333,-121.07638889,6,20090602,20090602,6049.0,20090602,144,34,71,25,0.79176515,145.0
253,253,253,253,253,253,253,253,253,8446,0.1,A,41.3844,-120.5428,6,20090603,20090603,6049.0,20090603,162,77,101,0,1.4956188,145.0
254,254,254,254,254,254,254,254,254,8447,0.1,A,41.406819,-120.669031,6,19990913,19990913,6049.0,19990913,306,28,167,0,1.119465,128.0
255,255,255,255,255,255,255,255,255,8448,0.25,A,41.24916667,-120.33833333,6,20090622,20090623,6049.0,20090622,125,-13,53,0,2.8571646,108.0
256,256,256,256,256,256,256,256,256,8449,0.1,A,41.406819,-120.669031,6,19990915,19990916,6049.0,19990915,306,6,156,0,1.1681141000000002,128.0
257,257,257,257,257,257,257,257,257,8450,0.1,A,41.435869,-120.437611,6,19990921,19990921,6049.0,19990921,257,107,160,0,0.7496757,128.0
258,258,258,258,258,258,258,258,258,8451,0.1,A,41.1882,-120.4077,6,20030606,20030606,6049.0,20030606,301,80,195,0,1.9549354,181.0
259,259,259,259,259,259,259,259,259,8452,0.2,A,41.233461,-120.923,6,19990921,19990921,6049.0,19990921,257,107,160,0,0.7496757,128.0
260,260,260,260,260,260,260,260,260,8453,0.1,A,41.68916667,-121.52555556,6,20080525,20080525,6049.0,20080525,140,34,69,152,3.122467,166.667
261,261,261,261,261,261,261,261,261,8454,3.0,B,41.41989,-120.45773,6,19990921,19990922,6049.0,19990921,257,107,160,0,0.7496757,128.0
262,262,262,262,262,262,262,262,262,8455,252.0,D,41.5366,-120.4761,6,19990922,19990923,6049.0,19990922,306,39,172,0,0.43080887,128.0
263,263,263,263,263,263,263,263,263,8456,0.1,A,41.304469,-120.735561,6,20030530,20030603,6049.0,20030530,188,73,126,0,3.4804218,120.667
264,264,264,264,264,264,264,264,264,8457,0.1,A,41.55166667,-121.32333333,6,20080531,20080601,6049.0,20080531,137,47,84,0,1.3184872,259.0
265,265,265,265,265,265,265,265,265,8458,2928.0,F,41.63718,-120.42458,6,19990925,19990927,6049.0,19990925,157,11,81,0,3.086102,128.0
266,266,266,266,266,266,266,266,266,8459,0.2,A,41.3033,-120.1183,6,20090609,20090609,6049.0,20090609,141,52,88,0,1.3398928999999995,131.5
267,267,267,267,267,267,267,267,267,8460,0.1,A,41.5275,-121.57583333,6,20080807,20080810,6049.0,20080807,267,134,187,0,1.7846402,110.0
268,268,268,268,268,268,268,268,268,8461,3.0,B,41.406819,-120.669031,6,19991016,19991016,6049.0,19991016,116,-18,49,0,5.6359296,128.0
269,269,269,269,269,269,269,269,269,8462,0.1,A,41.219461,-121.095819,6,19980820,19980820,6049.0,19980820,202,58,113,0,3.2931006000000003,153.333
270,270,270,270,270,270,270,270,270,8463,0.1,A,41.3725,-121.39638889,6,20090604,20090605,6049.0,20090604,150,50,93,0,1.1510891,145.0
271,271,271,271,271,271,271,271,271,8464,5.0,B,41.219181,-121.210311,6,19991107,19991107,6049.0,19991107,194,-17,89,0,3.9424338,128.0
272,272,272,272,272,272,272,272,272,8465,0.4,A,41.63888889,-120.8025,6,20080621,20080622,6049.0,20080621,190,63,125,0,2.6596687,167.0
273,273,273,273,273,273,273,273,273,8466,0.1,A,41.2466,-120.0811,6,20000813,20000813,6049.0,20000813,245,27,139,0,2.6541445,77.333
274,274,274,274,274,274,274,274,274,8467,0.3,B,41.552381,-120.534711,6,20000815,20000815,6049.0,20000815,256,4,142,0,2.179741,77.333
275,275,275,275,275,275,275,275,275,8468,1.0,B,41.31919,-120.11956,6,20081209,20081209,6049.0,20081209,44,-83,-15,25,2.5457351000000004,73.0
276,276,276,276,276,276,276,276,276,8469,1.5,B,41.66194444,-121.24333333,6,20080627,20080628,6049.0,20080627,233,126,180,0,2.9796827,135.25
277,277,277,277,277,277,277,277,277,8470,0.1,A,41.552319,-120.573369,6,19980727,19980727,6049.0,19980727,287,137,195,0,0.83487475,249.333
278,278,278,278,278,278,278,278,278,8471,0.5,B,41.26777778,-121.00138889,6,20080628,20080701,6049.0,20080628,255,88,162,0,1.0101985,135.25
279,279,279,279,279,279,279,279,279,8472,0.1,A,41.23365,-121.191561,6,19980725,19980725,6049.0,19980725,283,128,206,23,1.3184851,249.333
280,280,280,280,280,280,280,280,280,8473,0.1,A,41.580961,-120.379311,6,20000908,20000908,6049.0,20000908,200,29,111,0,2.980628,78.333
281,281,281,281,281,281,281,281,281,8474,0.1,A,41.2899,-120.5044,6,20020513,20020513,6049.0,20020513,164,12,80,0,2.1587092999999995,215.667
282,282,282,282,282,282,282,282,282,8475,0.75,B,41.30194444,-120.9525,6,20080630,20080701,6049.0,20080630,289,82,189,0,2.7285602000000004,132.0
283,283,283,283,283,283,283,283,283,8476,0.1,A,41.450111,-120.592581,6,19980722,19980722,6049.0,19980722,285,99,171,0,0.67186147,239.667
284,284,284,284,284,284,284,284,284,8477,1.8,B,41.29638889,-120.87777778,6,20080630,20080701,6049.0,20080630,289,82,189,0,2.7285602000000004,132.0
285,285,285,285,285,285,285,285,285,8478,0.1,A,41.56305556,-120.92333333,6,20071031,20071101,6049.0,20071031,128,0,55,0,2.3847165,72.5
286,286,286,286,286,286,286,286,286,8479,1.0,B,41.464519,-120.630361,6,19980722,19980722,6049.0,19980722,285,99,171,0,0.67186147,239.667
287,287,287,287,287,287,287,287,287,8480,0.25,A,41.66,-120.77638889,6,20090929,20090930,6049.0,20090929,101,0,45,0,3.1033685,169.0
288,288,288,288,288,288,288,288,288,8481,3.0,B,41.85138889,-120.75083333,6,20081017,20081018,6049.0,20081017,227,36,120,0,1.9577838,73.0
289,289,289,289,289,289,289,289,289,8482,0.1,A,41.5649,-120.1744,6,20001009,20001009,6049.0,20001009,96,-2,51,51,3.346773600000001,78.333
290,290,290,290,290,290,290,290,290,8483,71.0,C,41.3482,-120.4577,6,20000805,20000805,6049.0,20000805,263,83,164,0,1.8600302,77.333
291,291,291,291,291,291,291,291,291,8484,0.3,B,41.406819,-120.669031,6,19990912,19990912,6049.0,19990912,264,0,135,0,2.7114038,128.0
292,292,292,292,292,292,292,292,292,8485,0.1,A,41.1732,-120.5411,6,20000803,20000803,6049.0,20000803,311,121,219,0,2.876484,77.333
293,293,293,293,293,293,293,293,293,8486,0.1,A,41.317869,-120.503889,6,19980803,19980803,6049.0,19980803,311,62,188,0,2.75443,187.0
294,294,294,294,294,294,294,294,294,8487,0.35,A,41.41111111,-121.12583333,6,20080621,20080621,6049.0,20080621,190,63,125,0,2.6596687,167.0
295,295,295,295,295,295,295,295,295,8488,1.0,B,41.4214,-120.649539,6,20020822,20020822,6049.0,20020822,206,12,98,0,0.5375833999999999,75.0
296,296,296,296,296,296,296,296,296,8489,1.0,B,41.421339,-120.630611,6,20020813,20020813,6049.0,20020813,367,83,228,0,1.7102578000000002,92.667
297,297,297,297,297,297,297,297,297,8490,1.0,B,41.446686,-120.628969,6,20071108,20071108,6049.0,20071108,122,28,65,0,1.6120758,72.5
298,298,298,298,298,298,298,298,298,8491,0.5,B,41.3182,-120.1211,6,20000701,20000701,6049.0,20000701,238,79,163,0,3.464471,118.0
299,299,299,299,299,299,299,299,299,8492,0.3,A,41.41083333,-120.96083333,6,20080621,20080622,6049.0,20080621,190,63,125,0,2.6596687,167.0
300,300,300,300,300,300,300,300,300,8493,0.1,A,41.220281,-120.6571,6,20020718,20020719,6049.0,20020718,252,78,151,0,1.4001473,110.667
301,301,301,301,301,301,301,301,301,8494,0.1,A,40.9811,-121.1958,6,20090421,20090421,6049.0,20090421,185,32,95,0,1.5741006000000002,160.0
302,302,302,302,302,302,302,302,302,8495,0.1,A,41.2749,-120.5227,6,20020717,20020717,6049.0,20020717,255,73,163,0,2.2109697,110.667
303,303,303,303,303,303,303,303,303,8496,20.4,C,41.1482,-120.6577,6,20020714,20020720,6049.0,20020714,356,122,239,0,1.9210632,110.667
304,304,304,304,304,304,304,304,304,8497,0.1,A,41.6666,-120.4577,6,20020713,20020713,6049.0,20020713,329,125,235,0,3.301518,110.667
305,305,305,305,305,305,305,305,305,8498,1.0,B,41.871281,-120.30255,6,19980805,19980805,6049.0,19980805,277,112,192,0,1.0735428,187.0
306,306,306,306,306,306,306,306,306,8499,291.0,D,41.9149,-120.0844,6,20020712,20020713,6049.0,20020712,325,129,212,51,2.2621417,110.667
307,307,307,307,307,307,307,307,307,8500,0.3,A,41.2195,-121.077011,6,20020711,20020711,6049.0,20020711,417,100,261,0,0.22203708,110.667
308,308,308,308,308,308,308,308,308,8501,2.0,B,41.233881,-121.1337,6,20020707,20020710,6049.0,20020707,267,83,178,0,3.7138083,152.0
309,309,309,309,309,309,309,309,309,8502,0.1,A,41.0282,-120.6944,6,20000803,20000804,6049.0,20000803,311,121,219,0,2.876484,77.333
310,310,310,310,310,310,310,310,310,8503,0.1,A,41.798461,-120.36105,6,19980907,19980907,6049.0,19980907,214,80,135,76,2.488236,153.333
311,311,311,311,311,311,311,311,311,8504,0.3,B,41.7896,-120.1913,6,20040324,20040324,6049.0,20040324,51,-9,12,0,2.324185,77.0
312,312,312,312,312,312,312,312,312,8505,0.1,A,41.2306,-120.4614,6,20090629,20090629,6049.0,20090629,272,52,169,0,1.6381112,105.5
313,313,313,313,313,313,313,313,313,8506,0.2,A,41.47444444,-121.43694444,6,20090809,20090809,6049.0,20090809,250,46,152,0,0.45694783,97.0
314,314,314,314,314,314,314,314,314,8507,66.64999999999999,B,41.44055556,-121.11,6,20090801,20090802,6049.0,20090801,270,150,204,0,0.79428977,98.667
315,315,315,315,315,315,315,315,315,8508,2.0,B,41.2199,-120.4127,6,20030831,20030831,6049.0,20030831,333,44,189,0,1.8788279,66.667
316,316,316,316,316,316,316,316,316,8509,25.75,B,41.51666667,-121.21027778,6,20090801,20090804,6049.0,20090801,270,150,204,0,0.79428977,98.667
317,317,317,317,317,317,317,317,317,8510,17.0,C,41.4366,-120.1411,6,20031118,20031120,6049.0,20031118,49,-32,8,25,1.6446923,77.0
318,318,318,318,318,318,318,318,318,8511,36.50000000000001,A,41.79194444,-120.98861111,6,20090731,20090731,6049.0,20090731,269,153,204,0,0.47433683,98.667
319,319,319,319,319,319,319,319,319,8512,0.5,B,41.525,-121.03305556,6,20090801,20090801,6049.0,20090801,270,150,204,0,0.79428977,98.667
320,320,320,320,320,320,320,320,320,8513,62.0,C,41.11694444,-120.7625,6,20090730,20090803,6049.0,20090730,302,75,194,0,1.2163067,98.667
321,321,321,321,321,321,321,321,321,8514,0.35,A,41.5025,-121.0025,6,20090801,20090801,6049.0,20090801,270,150,204,0,0.79428977,98.667
322,322,322,322,322,322,322,322,322,8515,0.1,A,41.53583333,-121.33555556,6,20090807,20090807,6049.0,20090807,67,25,47,152,2.955494,97.0
323,323,323,323,323,323,323,323,323,8516,0.25,A,41.56277778,-121.44944444,6,20090806,20090806,6049.0,20090806,130,26,76,51,3.8470786,97.0
324,324,324,324,324,324,324,324,324,8517,1.5,B,41.61388889,-121.4425,6,20090808,20090811,6049.0,20090808,199,12,112,0,1.5074822,97.0
325,325,325,325,325,325,325,325,325,8518,0.3,A,41.60694444,-121.28138889,6,20090806,20090806,6049.0,20090806,130,26,76,51,3.8470786,97.0
326,326,326,326,326,326,326,326,326,8519,5.0,B,41.696769,-120.36035,6,20030927,20030927,6049.0,20030927,333,50,194,0,1.8200275,77.0
327,327,327,327,327,327,327,327,327,8520,1.75,B,41.54166667,-121.66305556,6,20090804,20090806,6049.0,20090804,239,116,169,0,3.093121,97.0
328,328,328,328,328,328,328,328,328,8521,1.0,B,41.3199,-120.5044,6,20030922,20030922,6049.0,20030922,267,17,140,0,2.2340257,77.0
329,329,329,329,329,329,329,329,329,8522,0.25,A,41.94972222,-120.96333333,6,20090804,20090804,6049.0,20090804,239,116,169,0,3.093121,97.0
330,330,330,330,330,330,330,330,330,8523,0.35,A,41.71333333,-121.23666667,6,20090803,20090805,6049.0,20090803,231,73,141,0,2.267706,98.667
331,331,331,331,331,331,331,331,331,8524,0.2,A,41.6516,-120.4577,6,20030906,20030906,6049.0,20030906,256,84,156,0,1.9757015,66.667
332,332,332,332,332,332,332,332,332,8525,2.0,B,41.204331,-120.9422,6,19990607,19990607,6049.0,19990607,73,-50,8,0,2.5941668,153.333
333,333,333,333,333,333,333,333,333,8526,0.5,B,41.4632,-120.1727,6,20030904,20030905,6049.0,20030904,266,61,164,0,1.2340546,66.667
334,334,334,334,334,334,334,334,334,8527,0.1,A,41.46833333,-121.29166667,6,20090802,20090803,6049.0,20090802,297,121,192,51,2.7886903,98.667
335,335,335,335,335,335,335,335,335,8528,0.3,B,41.219189,-121.191431,6,19990613,19990613,6049.0,19990613,283,83,183,0,3.1662292,153.333
336,336,336,336,336,336,336,336,336,8529,0.1,A,41.51722222,-121.05194444,6,20090809,20090809,6049.0,20090809,250,46,152,0,0.45694783,97.0
337,337,337,337,337,337,337,337,337,8530,4.8,B,41.73333333,-121.41694444,6,20090801,20090803,6049.0,20090801,270,150,204,0,0.79428977,98.667
338,338,338,338,338,338,338,338,338,8531,0.5,B,41.07944444,-120.80083333,6,20081013,20081014,6049.0,20081013,113,2,66,0,1.10941,73.0
339,339,339,339,339,339,339,339,339,8532,0.4,A,41.66833333,-120.89833333,6,20090730,20090731,6049.0,20090730,302,75,194,0,1.2163067,98.667
340,340,340,340,340,340,340,340,340,8533,0.1,A,41.4997,-120.8467,6,20080408,20080408,6049.0,20080408,-1,-52,-33,102,1.8031383,91.0
341,341,341,341,341,341,341,341,341,8534,0.3,B,41.55235,-120.515039,6,20030723,20030723,6049.0,20030723,378,189,283,0,1.7117209999999998,81.667
342,342,342,342,342,342,342,342,342,8535,0.2,A,41.6816,-120.0377,6,20030722,20030722,6049.0,20030722,375,135,244,0,0.8043048,81.667
343,343,343,343,343,343,343,343,343,8536,0.1,A,41.218111,-121.378889,6,19990728,19990728,6049.0,19990728,260,84,164,0,2.8375356,153.667
344,344,344,344,344,344,344,344,344,8537,0.1,A,41.1867,-120.4114,6,20090712,20090712,6049.0,20090712,199,48,133,0,3.0611184,123.75
345,345,345,345,345,345,345,345,345,8538,0.2,A,41.263269,-121.172169,6,19990810,19990810,6049.0,19990810,188,61,114,51,2.9004402,153.667
346,346,346,346,346,346,346,346,346,8539,9.0,B,41.63822,-120.11606,6,19990815,19990816,6049.0,19990815,197,32,110,0,0.9654041,153.667
347,347,347,347,347,347,347,347,347,8540,5.5,B,41.13694444,-120.78972222,6,20080505,20080507,6049.0,20080505,204,49,133,0,1.2206538,169.0
348,348,348,348,348,348,348,348,348,8541,15.5,B,41.218189,-121.417489,6,19990822,19990823,6049.0,19990822,263,128,183,0,2.5955694,128.0
349,349,349,349,349,349,349,349,349,8542,0.1,A,41.2299,-120.4461,6,20030701,20030701,6049.0,20030701,272,28,150,0,3.1323042,168.667
350,350,350,350,350,350,350,350,350,8543,640.1,A,41.290681,-120.716769,6,19990823,19990823,6049.0,19990823,256,94,162,0,1.6130155000000002,128.0
351,351,351,351,351,351,351,351,351,8544,4.0,B,41.72611111,-120.31277778,6,20090703,20090704,6049.0,20090703,257,80,177,0,1.6070213,146.0
352,352,352,352,352,352,352,352,352,8545,22.0,C,41.37755,-120.573319,6,19980916,19980916,6049.0,19980916,249,26,137,0,1.995419,153.333
353,353,353,353,353,353,353,353,353,8546,0.95,A,41.77361111,-120.89472222,6,20090701,20090701,6049.0,20090701,234,131,178,0,0.9093351,146.0
354,354,354,354,354,354,354,354,354,8547,0.1,A,41.5366,-120.2011,6,20030723,20030723,6049.0,20030723,378,189,283,0,1.7117209999999998,81.667
355,355,355,355,355,355,355,355,355,8548,0.3,B,41.1172,-120.7722,6,20090730,20090730,6049.0,20090730,302,75,194,0,1.2163067,98.667
356,356,356,356,356,356,356,356,356,8549,0.2,A,41.552381,-120.534711,6,20030723,20030723,6049.0,20030723,378,189,283,0,1.7117209999999998,81.667
357,357,357,357,357,357,357,357,357,8550,0.1,A,41.34801,-120.4762,6,19990722,19990722,6049.0,19990722,306,22,167,0,1.6273313,153.667
358,358,358,358,358,358,358,358,358,8551,2.0,B,41.17,-120.73861111,6,20090730,20090731,6049.0,20090730,302,75,194,0,1.2163067,98.667
359,359,359,359,359,359,359,359,359,8552,0.25,A,41.98722222,-120.63138889,6,20090729,20090729,6049.0,20090729,307,78,186,0,1.3857864,114.0
360,360,360,360,360,360,360,360,360,8553,0.5,B,41.23156,-120.5044,6,19990628,19990628,6049.0,19990628,199,60,139,0,2.2162375,153.333
361,361,361,361,361,361,361,361,361,8554,3.0,B,41.508539,-120.649319,6,19990630,19990630,6049.0,19990630,226,79,152,0,3.283899,153.333
362,362,362,362,362,362,362,362,362,8555,0.5,B,41.406889,-120.688161,6,19990704,19990704,6049.0,19990704,170,-12,82,0,2.7600439,153.333
363,363,363,363,363,363,363,363,363,8556,10.1,C,41.552381,-120.534711,6,19990708,19990708,6049.0,19990708,264,21,160,0,2.2643335,153.333
364,364,364,364,364,364,364,364,364,8557,0.1,A,41.2032,-120.3894,6,20030801,20030801,6049.0,20030801,231,105,163,0,3.1187773,88.0
365,365,365,365,365,365,365,365,365,8558,1330.0,F,41.2616,-120.0811,6,20030731,20030804,6049.0,20030731,336,122,233,0,2.3010678,88.0
366,366,366,366,366,366,366,366,366,8559,0.1,A,41.406819,-120.669031,6,19981023,19981023,6049.0,19981023,211,-44,83,0,1.6124572,153.333
367,367,367,367,367,367,367,367,367,8560,0.5,B,41.4422,-120.1506,6,20090817,20090817,6049.0,20090817,208,43,119,0,2.6281862,107.0
368,368,368,368,368,368,368,368,368,8561,0.5,B,41.41989,-120.63108,6,19990712,19990712,6049.0,19990712,296,97,187,0,1.3923056,153.333
369,369,369,369,369,369,369,369,369,8562,1.0,B,41.508861,-120.841639,6,20030728,20030728,6049.0,20030728,285,114,187,0,0.18028857,81.667
370,370,370,370,370,370,370,370,370,8563,0.1,A,41.8561,-120.1644,6,20090819,20090819,6049.0,20090819,280,160,217,0,0.47422412,76.5
371,371,371,371,371,371,371,371,371,8564,0.1,A,41.465661,-120.918669,6,19990713,19990713,6049.0,19990713,286,112,193,0,1.1901706,153.333
372,372,372,372,372,372,372,372,372,8565,0.5,B,41.3716,-120.3677,6,20030727,20030728,6049.0,20030727,271,125,198,0,0.6007556,81.667
373,373,373,373,373,373,373,373,373,8566,5.0,B,41.219339,-121.172211,6,19990714,19990714,6049.0,19990714,218,38,139,0,3.7312174,153.333
374,374,374,374,374,374,374,374,374,8567,0.1,A,41.362681,-120.379631,6,20030726,20030726,6049.0,20030726,317,106,211,56,2.1914632000000003,81.667
375,375,375,375,375,375,375,375,375,8568,0.1,A,41.8606,-120.1572,6,20090717,20090717,6049.0,20090717,260,82,170,0,1.2592822,143.667
376,376,376,376,376,376,376,376,376,8569,0.1,A,41.493489,-120.379119,6,20030724,20030724,6049.0,20030724,237,104,177,0,2.1472983,81.667
377,377,377,377,377,377,377,377,377,8570,0.1,A,41.3782,-120.5344,6,20040614,20040614,6049.0,20040614,235,15,134,0,3.5415792,174.667
378,378,378,378,378,378,378,378,378,8571,0.1,A,41.2319,-120.4114,6,20090517,20090517,6049.0,20090517,248,121,180,0,2.0478764,142.667
379,379,379,379,379,379,379,379,379,8572,0.3,B,41.4792,-120.649311,6,19990323,19990323,6049.0,19990323,54,-59,-14,0,3.191755,153.333
380,380,380,380,380,380,380,380,380,8573,0.1,A,41.522889,-120.630639,6,20010825,20010825,6049.0,20010825,280,60,157,0,0.9900055,64.0
381,381,381,381,381,381,381,381,381,8574,1.0,B,41.41555556,-120.31166667,6,20080817,20080818,6049.0,20080817,333,113,226,0,0.704914,89.0
382,382,382,382,382,382,382,382,382,8575,16.4,C,41.9225,-120.98722222,6,20080917,20080918,6049.0,20080917,196,78,121,0,2.0689104,71.5
383,383,383,383,383,383,383,383,383,8576,0.3,B,41.46666667,-120.30611111,6,20080817,20080818,6049.0,20080817,333,113,226,0,0.704914,89.0
384,384,384,384,384,384,384,384,384,8577,2.2,A,41.6025,-120.61444444,6,20080917,20080918,6049.0,20080917,196,78,121,0,2.0689104,71.5
385,385,385,385,385,385,385,385,385,8578,0.25,A,41.33694444,-120.18944444,6,20091012,20091012,6049.0,20091012,119,25,58,0,3.161849,169.0
386,386,386,386,386,386,386,386,386,8579,4.1,A,41.95944444,-121.1375,6,20080818,20080819,6049.0,20080818,235,91,157,0,3.4909,89.0
387,387,387,387,387,387,387,387,387,8580,1.0,B,41.204339,-120.961381,6,20010829,20010829,6049.0,20010829,266,70,153,0,1.2965333,53.5
388,388,388,388,388,388,388,388,388,8581,0.1,A,41.5025,-121.41277778,6,20080729,20080729,6049.0,20080729,228,102,153,0,2.7789378,87.0
389,389,389,389,389,389,389,389,389,8582,0.2,A,41.96638889,-120.58722222,6,20080818,20080818,6049.0,20080818,235,91,157,0,3.4909,89.0
390,390,390,390,390,390,390,390,390,8583,0.1,A,41.392239,-120.59245,6,20010719,20010719,6049.0,20010719,223,16,126,0,0.80156076,78.0
391,391,391,391,391,391,391,391,391,8584,0.3,B,41.3294,-120.1181,6,20091012,20091012,6049.0,20091012,119,25,58,0,3.161849,169.0
392,392,392,392,392,392,392,392,392,8585,1.0,B,41.52194444,-120.30388889,6,20080817,20080818,6049.0,20080817,333,113,226,0,0.704914,89.0
393,393,393,393,393,393,393,393,393,8586,1.0,B,41.70666667,-120.32194444,6,20080801,20080802,6049.0,20080801,256,42,150,0,3.2380638,68.0
394,394,394,394,394,394,394,394,394,8587,0.5,B,41.522461,-120.3989,6,19980428,19980428,6049.0,19980428,178,-6,73,0,2.4691074,100.0
395,395,395,395,395,395,395,395,395,8588,0.2,A,41.77916667,-120.76833333,6,20080921,20080921,6049.0,20080921,158,15,75,0,1.0816636999999998,71.5
396,396,396,396,396,396,396,396,396,8589,0.1,A,41.62555556,-121.28833333,6,20080920,20080920,6049.0,20080920,158,7,77,0,3.5756176,71.5
397,397,397,397,397,397,397,397,397,8590,0.35,A,41.77055556,-120.77944444,6,20080918,20080920,6049.0,20080918,233,48,139,0,0.9904007,71.5
398,398,398,398,398,398,398,398,398,8591,0.1,A,41.26055556,-121.01833333,6,20080817,20080819,6049.0,20080817,333,113,226,0,0.704914,89.0
399,399,399,399,399,399,399,399,399,8592,0.1,A,41.4214,-120.649539,6,20010603,20010603,6049.0,20010603,98,-33,34,0,4.4064755,125.667
400,400,400,400,400,400,400,400,400,8593,0.1,A,41.94555556,-120.97527778,6,20080918,20080918,6049.0,20080918,233,48,139,0,0.9904007,71.5
401,401,401,401,401,401,401,401,401,8594,4.4,B,41.8623,-120.157,6,20080917,20080917,6049.0,20080917,196,78,121,0,2.0689104,71.5
402,402,402,402,402,402,402,402,402,8595,0.1,A,41.5235,-120.51535,6,19980706,19980706,6049.0,19980706,254,120,177,0,1.7604537,100.0
403,403,403,403,403,403,403,403,403,8596,0.1,A,41.42472222,-120.30694444,6,20080817,20080817,6049.0,20080817,333,113,226,0,0.704914,89.0
404,404,404,404,404,404,404,404,404,8597,0.1,A,41.4199,-120.1611,6,20010912,20010912,6049.0,20010912,215,41,113,0,0.8127138,81.0
405,405,405,405,405,405,405,405,405,8598,0.1,A,41.4725,-120.89194444,6,20080917,20080918,6049.0,20080917,196,78,121,0,2.0689104,71.5
406,406,406,406,406,406,406,406,406,8599,0.1,A,41.38444444,-121.5,6,20080921,20080922,6049.0,20080921,158,15,75,0,1.0816636999999998,71.5
407,407,407,407,407,407,407,407,407,8600,0.25,A,41.9875,-121.59638889,6,20080819,20080819,6049.0,20080819,191,74,134,0,3.583661,78.5
408,408,408,408,408,408,408,408,408,8601,0.1,A,41.53444444,-120.22305556,6,20080909,20080909,6049.0,20080909,211,103,150,0,2.29838,65.333
409,409,409,409,409,409,409,409,409,8602,0.2,A,41.2749,-120.5994,6,20010709,20010710,6049.0,20010709,313,81,209,51,1.703913,82.667
410,410,410,410,410,410,410,410,410,8603,0.3,A,41.68194444,-121.01888889,6,20080722,20080722,6049.0,20080722,233,40,141,0,2.786268,114.5
411,411,411,411,411,411,411,411,411,8604,4.5,B,41.355,-121.12166667,6,20080704,20080705,6049.0,20080704,206,54,129,0,3.4395447,132.0
412,412,412,412,412,412,412,412,412,8605,1.0,B,41.27611111,-120.90555556,6,20080722,20080723,6049.0,20080722,233,40,141,0,2.786268,114.5
413,413,413,413,413,413,413,413,413,8606,0.3,B,41.4366,-120.6111,6,20010704,20010705,6049.0,20010704,294,152,211,0,2.524465,83.5
414,414,414,414,414,414,414,414,414,8607,0.1,A,41.8999,-120.1227,6,20010911,20010911,6049.0,20010911,191,15,111,0,0.55947095,81.0
415,415,415,415,415,415,415,415,415,8608,0.1,A,41.552381,-120.534711,6,20010706,20010706,6049.0,20010706,263,36,169,0,2.1418295,82.667
416,416,416,416,416,416,416,416,416,8609,0.1,A,41.64805556,-120.49055556,6,20080722,20080722,6049.0,20080722,233,40,141,0,2.786268,114.5
417,417,417,417,417,417,417,417,417,8610,0.3,B,41.465661,-120.918669,6,20010912,20010912,6049.0,20010912,215,41,113,0,0.8127138,81.0
418,418,418,418,418,418,418,418,418,8611,0.1,A,41.96805556,-121.26388889,6,20080723,20080724,6049.0,20080723,236,28,139,0,1.6658041,87.0
419,419,419,419,419,419,419,419,419,8612,0.3,B,41.318819,-120.735369,6,20040629,20040629,6049.0,20040629,226,90,144,0,1.7513990000000002,164.333
420,420,420,420,420,420,420,420,420,8613,0.4,B,41.4945,-120.841469,6,20010913,20010913,6049.0,20010913,158,56,108,102,1.6794416,81.0
421,421,421,421,421,421,421,421,421,8614,0.1,A,41.1016,-120.6377,6,20010912,20010912,6049.0,20010912,215,41,113,0,0.8127138,81.0
422,422,422,422,422,422,422,422,422,8615,0.1,A,41.20397,-120.4086,6,20080722,20080722,6049.0,20080722,233,40,141,0,2.786268,114.5
423,423,423,423,423,423,423,423,423,8616,30.0,C,41.7982,-120.1694,6,20010624,20010625,6049.0,20010624,180,40,110,0,3.5275583,88.5
424,424,424,424,424,424,424,424,424,8617,0.1,A,41.95833333,-120.96833333,6,20080721,20080722,6049.0,20080721,230,108,172,0,2.3194861,95.0
425,425,425,425,425,425,425,425,425,8618,0.1,A,41.2616,-120.5794,6,20010709,20010709,6049.0,20010709,313,81,209,51,1.703913,82.667
426,426,426,426,426,426,426,426,426,8619,0.8,B,41.2981,-120.5044,6,20080909,20080909,6049.0,20080909,211,103,150,0,2.29838,65.333
427,427,427,427,427,427,427,427,427,8620,1.5,B,41.7031,-120.2078,6,20091017,20091018,6049.0,20091017,184,27,102,0,1.9258481,72.333
428,428,428,428,428,428,428,428,428,8621,0.3,B,41.8508,-120.1342,6,20080718,20080718,6049.0,20080718,197,62,123,0,2.1169124,95.0
429,429,429,429,429,429,429,429,429,8622,0.1,A,41.42361111,-120.99972222,6,20071030,20071030,6049.0,20071030,56,-9,25,51,1.1676003,72.5
430,430,430,430,430,430,430,430,430,8623,5.5,B,41.2617,-120.5033,6,20080907,20080908,6049.0,20080907,223,128,174,0,0.91787916,65.333
431,431,431,431,431,431,431,431,431,8624,0.1,A,41.2256,-120.5069,6,20080826,20080826,6049.0,20080826,177,-8,80,0,2.7212080000000003,78.5
432,432,432,432,432,432,432,432,432,8625,0.2,A,41.99,-120.57472222,6,20080827,20080827,6049.0,20080827,218,100,151,0,1.7145256000000002,78.5
433,433,433,433,433,433,433,433,433,8626,20.4,C,41.392361,-120.6691,6,20010710,20010710,6049.0,20010710,229,90,148,0,1.8071269,82.667
434,434,434,434,434,434,434,434,434,8627,0.2,A,41.75583333,-121.04055556,6,20080721,20080722,6049.0,20080721,230,108,172,0,2.3194861,95.0
435,435,435,435,435,435,435,435,435,8628,0.4,B,41.5216,-120.2011,6,20010709,20010709,6049.0,20010709,313,81,209,51,1.703913,82.667
436,436,436,436,436,436,436,436,436,8629,0.1,A,41.42583333,-120.99083333,6,20071029,20071029,6049.0,20071029,127,37,72,127,1.4208816999999998,72.5
437,437,437,437,437,437,437,437,437,8630,0.1,A,41.27722222,-120.82916667,6,20080721,20080721,6049.0,20080721,230,108,172,0,2.3194861,95.0
438,438,438,438,438,438,438,438,438,8631,0.4,A,41.244431,-120.580581,6,20010709,20010710,6049.0,20010709,313,81,209,51,1.703913,82.667
439,439,439,439,439,439,439,439,439,8632,0.1,A,41.26777778,-120.96666667,6,20080806,20080806,6049.0,20080806,243,125,172,0,1.3703306999999998,110.0
440,440,440,440,440,440,440,440,440,8633,2.0,B,41.50805556,-120.33916667,6,20080917,20080918,6049.0,20080917,196,78,121,0,2.0689104,71.5
441,441,441,441,441,441,441,441,441,8634,0.25,A,41.32916667,-121.01361111,6,20080806,20080809,6049.0,20080806,243,125,172,0,1.3703306999999998,110.0
442,442,442,442,442,442,442,442,442,8635,1.0,B,41.4214,-120.649539,6,19970709,19970709,6049.0,19970709,207,65,133,0,4.1275306,151.667
443,443,443,443,443,443,443,443,443,8636,1.0,B,41.465661,-120.918669,6,19980716,19980716,6049.0,19980716,286,69,173,0,1.5160801000000002,239.667
444,444,444,444,444,444,444,444,444,8637,0.1,A,41.36583333,-121.51555556,6,20080921,20080921,6049.0,20080921,158,15,75,0,1.0816636999999998,71.5
445,445,445,445,445,445,445,445,445,8638,0.1,A,41.8849,-120.1427,6,20010810,20010810,6049.0,20010810,313,110,217,0,1.7698021000000002,64.0
446,446,446,446,446,446,446,446,446,8639,0.1,A,41.78055556,-120.5975,6,20080806,20080807,6049.0,20080806,243,125,172,0,1.3703306999999998,110.0
447,447,447,447,447,447,447,447,447,8640,0.1,A,41.4787,-120.398561,6,20010810,20010810,6049.0,20010810,313,110,217,0,1.7698021000000002,64.0
448,448,448,448,448,448,448,448,448,8641,0.6,A,41.2749,-120.6177,6,20010809,20010809,6049.0,20010809,344,111,228,0,1.8558654,64.0
449,449,449,449,449,449,449,449,449,8642,0.1,A,41.56333333,-121.00638889,6,20080806,20080806,6049.0,20080806,243,125,172,0,1.3703306999999998,110.0
450,450,450,450,450,450,450,450,450,8643,390.0,E,41.261789,-120.717281,6,20010520,20010525,6049.0,20010520,171,19,84,0,3.439914,180.667
451,451,451,451,451,451,451,451,451,8644,0.1,A,41.317611,-120.657689,6,20010522,20010522,6049.0,20010522,269,23,159,0,1.8160461,168.8
452,452,452,452,452,452,452,452,452,8645,0.1,A,41.8432,-120.1811,6,20040618,20040618,6049.0,20040618,289,50,172,0,3.2144685,164.333
453,453,453,453,453,453,453,453,453,8646,0.3,B,41.248389,-121.2104,6,19970719,19970719,6049.0,19970719,258,14,143,0,2.1660016,126.0
454,454,454,454,454,454,454,454,454,8647,0.2,A,41.41333333,-121.48861111,6,20080806,20080807,6049.0,20080806,243,125,172,0,1.3703306999999998,110.0
455,455,455,455,455,455,455,455,455,8648,0.1,A,41.46555556,-121.39777778,6,20080921,20080921,6049.0,20080921,158,15,75,0,1.0816636999999998,71.5
456,456,456,456,456,456,456,456,456,8649,1.1,B,41.26638889,-121.01944444,6,20080806,20080808,6049.0,20080806,243,125,172,0,1.3703306999999998,110.0
457,457,457,457,457,457,457,457,457,8650,0.1,A,41.2749,-120.6177,6,20010809,20010809,6049.0,20010809,344,111,228,0,1.8558654,64.0
458,458,458,458,458,458,458,458,458,8651,1.0,B,40.8856,-120.9669,6,20080808,20080808,6049.0,20080808,248,46,151,0,3.5419009,110.0
459,459,459,459,459,459,459,459,459,8652,130.0,D,41.3049,-120.6177,6,20010809,20010811,6049.0,20010809,344,111,228,0,1.8558654,64.0
460,460,460,460,460,460,460,460,460,8653,0.1,A,41.5664,-120.1219,6,20080808,20080808,6049.0,20080808,248,46,151,0,3.5419009,110.0
461,461,461,461,461,461,461,461,461,8654,0.1,A,41.56666667,-121.07194444,6,20080806,20080806,6049.0,20080806,243,125,172,0,1.3703306999999998,110.0
462,462,462,462,462,462,462,462,462,8655,0.1,A,41.40833333,-121.11722222,6,20080921,20080922,6049.0,20080921,158,15,75,0,1.0816636999999998,71.5
463,463,463,463,463,463,463,463,463,8656,0.1,A,41.37666667,-121.48138889,6,20080806,20080806,6049.0,20080806,243,125,172,0,1.3703306999999998,110.0
464,464,464,464,464,464,464,464,464,8657,709.8,B,41.88996,-120.11935,6,20010808,20010808,6049.0,20010808,372,117,244,0,0.84173214,64.0
465,465,465,465,465,465,465,465,465,8658,0.4,A,41.78583333,-120.59444444,6,20080806,20080807,6049.0,20080806,243,125,172,0,1.3703306999999998,110.0
466,466,466,466,466,466,466,466,466,8659,0.1,A,41.34138889,-121.34111111,6,20080810,20080810,6049.0,20080810,177,36,105,0,2.4002745,110.0
467,467,467,467,467,467,467,467,467,8660,1.0,B,41.204331,-120.9422,6,19971005,19971005,6049.0,19971005,114,-16,35,0,1.9113358,100.0
468,468,468,468,468,468,468,468,468,8661,0.2,A,41.638781,-120.417989,6,20010808,20010808,6049.0,20010808,372,117,244,0,0.84173214,64.0
469,469,469,469,469,469,469,469,469,8662,0.5499999999999999,A,41.71277778,-120.5775,6,20080806,20080809,6049.0,20080806,243,125,172,0,1.3703306999999998,110.0
470,470,470,470,470,470,470,470,470,8663,0.25,A,41.97388889,-120.86972222,6,20080929,20081002,6049.0,20080929,279,136,194,0,1.5288239,71.5
471,471,471,471,471,471,471,471,471,8664,0.1,A,41.493831,-120.687761,6,19970610,19970610,6049.0,19970610,152,53,86,102,2.071831,111.667
472,472,472,472,472,472,472,472,472,8665,0.1,A,41.37277778,-121.46416667,6,20080806,20080808,6049.0,20080806,243,125,172,0,1.3703306999999998,110.0
473,473,473,473,473,473,473,473,473,8666,0.1,A,41.69361111,-120.56388889,6,20080807,20080807,6049.0,20080807,267,134,187,0,1.7846402,110.0
474,474,474,474,474,474,474,474,474,8667,0.1,A,41.493831,-120.687761,6,19970610,19970610,6049.0,19970610,152,53,86,102,2.071831,111.667
475,475,475,475,475,475,475,475,475,8668,1.0,B,41.552381,-120.534711,6,19970621,19970621,6049.0,19970621,142,-18,63,0,3.9363606,111.667
476,476,476,476,476,476,476,476,476,8669,0.25,A,41.745,-120.52972222,6,20080807,20080810,6049.0,20080807,267,134,187,0,1.7846402,110.0
477,477,477,477,477,477,477,477,477,8670,0.1,A,41.73444444,-121.09083333,6,20080806,20080810,6049.0,20080806,243,125,172,0,1.3703306999999998,110.0
478,478,478,478,478,478,478,478,478,8671,15.0,C,41.6098,-120.398719,6,19980709,19980709,6049.0,19980709,311,67,189,0,2.598332,100.0
479,479,479,479,479,479,479,479,479,8672,1.0,B,41.4792,-120.649311,6,19980716,19980716,6049.0,19980716,286,69,173,0,1.5160801000000002,239.667
480,480,480,480,480,480,480,480,480,8673,0.1,A,41.2725,-121.03944444,6,20080921,20080922,6049.0,20080921,158,15,75,0,1.0816636999999998,71.5
