,Unnamed: 0,FIRE_SIZE,FIRE_SIZE_CLASS,LATITUDE,LONGITUDE,STATE,START_DATE,END_DATE,FIPS,DATE,tmax,tmin,tavg,prcp,aws,fmc
0,0,1.0,B,38.343117,-120.5754,6,20070618,20070618,6009.0,20070618,0,0,0,0,1.5132742,0
1,1,0.5,B,38.228261,-120.546631,6,20001015,20001015,6009.0,20001015,0,0,0,0,0.39319184,0
2,2,0.1,A,38.403189,-120.550219,6,20040825,20040825,6009.0,20040825,0,0,0,0,2.6575453,0
3,3,1.0,B,38.228469,-120.5281,6,20000825,20000825,6009.0,20000825,0,0,0,0,1.7108148,0
4,4,0.1,A,38.403189,-120.550219,6,20041008,20041008,6009.0,20041008,0,0,0,0,0.46572104,0
5,5,0.1,A,38.403181,-120.512931,6,20020329,20020329,6009.0,20020329,0,0,0,0,0.6499916,0
6,6,135.0,D,37.986317,-120.699094,6,20060719,20060722,6009.0,20060719,0,0,0,0,2.6682248,0
7,7,4.0,B,38.140869,-120.63925,6,19990905,19990905,6009.0,19990905,0,0,0,0,0.47853997,0
8,8,0.1,A,38.142,-120.512969,6,20000722,20000722,6009.0,20000722,0,0,0,0,2.0934384,0
9,9,4.0,B,38.29416667,-120.26027778,6,20060719,20060719,6009.0,20060719,0,0,0,0,2.6682248,0
10,10,0.25,A,38.44666667,-120.07805556,6,20060812,20060812,6009.0,20060812,0,0,0,0,2.457093,0
11,11,2.0,B,37.99615,-120.6046,6,20020722,20020722,6009.0,20020722,0,0,0,0,2.48652,0
12,12,0.1,A,38.243619,-120.750789,6,20030822,20030822,6009.0,20030822,0,0,0,0,1.5182189,0
13,13,0.1,A,38.172911,-120.465025,6,20070817,20070817,6009.0,20070817,0,0,0,0,2.1242714,0
14,14,0.1,A,38.128061,-120.403189,6,19991111,19991111,6009.0,19991111,0,0,0,0,1.7300302,0
15,15,0.1,A,38.43055556,-120.02472222,6,20081016,20081016,6009.0,20081016,0,0,0,0,0.8736656999999999,0
16,16,0.1,A,38.228469,-120.5281,6,20030922,20030922,6009.0,20030922,0,0,0,0,0.9551879,0
17,17,0.1,A,38.403381,-120.531689,6,20000723,20000723,6009.0,20000723,0,0,0,0,2.0711908,0
18,18,0.2,A,38.345611,-120.55085,6,19990724,19990724,6009.0,19990724,0,0,0,0,2.3827112,0
19,19,0.1,A,38.142389,-120.457881,6,19980817,19980817,6009.0,19980817,0,0,0,0,1.7372633000000002,0
20,20,30.0,C,38.155831,-120.565969,6,20001018,20001018,6009.0,20001018,0,0,0,0,1.3688261999999998,0
21,21,1.0,B,38.388081,-120.568319,6,20040324,20040324,6009.0,20040324,0,0,0,0,2.643724,0
22,22,2.0,B,38.039831,-120.659111,6,20000723,20000723,6009.0,20000723,0,0,0,0,2.0711908,0
23,23,0.1,A,38.417481,-120.5126,6,19980819,19980819,6009.0,19980819,0,0,0,0,1.44544,0
24,24,0.1,A,38.172961,-120.459997,6,20071204,20071204,6009.0,20071204,0,0,0,0,1.7778931,0
25,25,1.0,B,38.413967,-120.427633,6,20070628,20070628,6009.0,20070628,0,0,0,0,3.2244253,0
26,26,2.0,B,38.112,-120.806911,6,19991107,19991107,6009.0,19991107,0,0,0,0,3.0675714,0
27,27,0.1,A,38.399953,-120.558781,6,20051119,20051119,6009.0,20051119,0,0,0,0,2.9426796000000004,0
28,28,1.0,B,38.28944444,-120.34638889,6,20080503,20080503,6009.0,20080503,0,0,0,0,2.2924473,0
29,29,4.0,B,38.141261,-120.568469,6,20040430,20040430,6009.0,20040430,0,0,0,0,0.7621614999999999,0
30,30,10.0,C,38.027519,-120.51575,6,20000721,20000721,6009.0,20000721,0,0,0,0,2.4946764,0
31,31,7.0,B,38.190247,-120.62055,6,20070119,20070119,6009.0,20070119,0,0,0,0,4.094009,0
32,32,0.1,A,38.098511,-120.676519,6,19990905,19990905,6009.0,19990905,0,0,0,0,0.47853997,0
33,33,0.1,A,38.257411,-120.694611,6,20020915,20020915,6009.0,20020915,0,0,0,0,1.1257975,0
34,34,0.1,A,38.316969,-120.564989,6,20040826,20040826,6009.0,20040826,0,0,0,0,2.866679,0
35,35,1.0,B,38.069019,-120.567719,6,20030905,20030905,6009.0,20030905,0,0,0,0,1.4932613,0
36,36,0.1,A,38.141589,-120.55,6,19990520,19990520,6009.0,19990520,0,0,0,0,3.3720238,0
37,37,0.1,A,38.33075,-120.605931,6,20030704,20030704,6009.0,20030704,0,0,0,0,2.7920623,0
38,38,0.2,A,38.301461,-120.508931,6,20040526,20040526,6009.0,20040526,0,0,0,0,3.3812532,0
39,39,20.0,C,38.256461,-120.762889,6,20070617,20070618,6009.0,20070617,0,0,0,0,2.4300080000000004,0
40,40,0.1,A,38.417731,-120.549661,6,20020808,20020808,6009.0,20020808,0,0,0,0,0.75,0
41,41,0.1,A,38.417828,-120.521361,6,20070718,20070718,6009.0,20070718,0,0,0,0,2.7754056,0
42,42,11.0,C,38.20166667,-120.36472222,6,20070825,20070825,6009.0,20070825,0,0,0,0,1.5008358,0
43,43,0.1,A,38.445939,-120.493781,6,20000715,20000715,6009.0,20000715,0,0,0,0,2.772602,0
44,44,0.5,B,38.331203,-120.518425,6,20050704,20050704,6009.0,20050704,0,0,0,0,2.604329,0
45,45,0.1,A,38.389458,-120.526008,6,20050731,20050731,6009.0,20050731,0,0,0,0,2.0270424,0
46,46,0.1,A,38.376014,-120.559753,6,20070727,20070727,6009.0,20070727,0,0,0,0,2.2510884,0
47,47,1.0,B,38.171531,-120.400661,6,20050624,20050624,6009.0,20050624,0,0,0,0,2.0628648000000003,0
48,48,0.1,A,38.199619,-120.5282,6,20030511,20030511,6009.0,20030511,0,0,0,0,1.875449,0
49,49,1.0,B,38.184481,-120.6025,6,20031125,20031125,6009.0,20031125,0,0,0,0,1.5795264,0
50,50,105.0,D,37.9955,-120.713861,6,19980723,19980723,6009.0,19980723,0,0,0,0,1.9401056,0
51,51,0.1,A,38.045864,-120.525925,6,20060223,20060223,6009.0,20060223,0,0,0,0,2.9453082000000004,0
52,52,0.1,A,38.0692,-120.54925,6,20030905,20030905,6009.0,20030905,0,0,0,0,1.4932613,0
53,53,1.0,B,38.995,-120.8664,6,20050905,20050905,6009.0,20050905,0,0,0,0,1.2022027,0
54,54,0.1,A,38.169839,-120.60255,6,20030729,20030729,6009.0,20030729,0,0,0,0,2.2561,0
55,55,10.0,C,38.403381,-120.531689,6,20020809,20020810,6009.0,20020809,0,0,0,0,0.43010882,0
56,56,0.5,B,38.041464,-120.691317,6,20060623,20060623,6009.0,20060623,0,0,0,0,1.7613912,0
57,57,0.1,A,38.170389,-120.547231,6,20040329,20040329,6009.0,20040329,0,0,0,0,2.0840623,0
58,58,2.0,B,38.199981,-120.862761,6,19990513,19990513,6009.0,19990513,0,0,0,0,4.1725900000000005,0
59,59,0.1,A,38.42833333,-120.08555556,6,20080621,20080622,6009.0,20080621,0,0,0,0,1.9037945,0
60,60,0.1,A,38.041561,-120.534411,6,20030804,20030804,6009.0,20030804,0,0,0,0,3.05369,0
61,61,1.5,B,38.224519,-120.514242,6,20050713,20050713,6009.0,20050713,0,0,0,0,1.8384737,0
62,62,20.0,C,38.199769,-120.769361,6,20030924,20030925,6009.0,20030924,0,0,0,0,2.1002152,0
63,63,0.1,A,38.271989,-120.509769,6,20031122,20031122,6009.0,20031122,0,0,0,0,2.1497138,0
64,64,0.1,A,38.122569,-120.450417,6,20051008,20051008,6009.0,20051008,0,0,0,0,2.9824107000000004,0
65,65,0.1,A,38.224417,-120.855444,6,20070112,20070112,6009.0,20070112,0,0,0,0,4.5758953,0
66,66,0.2,A,38.1987,-120.583811,6,20000106,20000106,6009.0,20000106,0,0,0,0,3.1324816,0
67,67,1.0,B,38.02805,-120.479039,6,20021022,20021022,6009.0,20021022,0,0,0,0,1.2423455,0
68,68,0.1,A,38.142389,-120.457881,6,20010527,20010527,6009.0,20010527,0,0,0,0,2.2631853,0
69,69,0.2,A,38.140869,-120.63925,6,19990517,19990517,6009.0,19990517,0,0,0,0,2.285276,0
70,70,5.0,B,38.243431,-120.436911,6,20021125,20021126,6009.0,20021125,0,0,0,0,4.579182,0
71,71,13.0,C,38.139153,-120.551492,6,20070715,20070715,6009.0,20070715,0,0,0,0,2.5821333,0
72,72,0.1,A,38.415642,-120.493125,6,20060720,20060720,6009.0,20060720,0,0,0,0,1.8806697,0
73,73,0.2,A,38.257731,-120.491019,6,20030601,20030601,6009.0,20030601,0,0,0,0,2.0343637,0
74,74,0.1,A,38.128089,-120.421369,6,20040429,20040429,6009.0,20040429,0,0,0,0,2.5504932,0
75,75,4.0,B,38.2331,-120.8661,6,20050906,20050906,6009.0,20050906,0,0,0,0,1.1065316,0
76,76,0.5,B,38.316431,-120.416631,6,19990902,19990902,6009.0,19990902,0,0,0,0,2.3503466,0
77,77,0.1,A,38.113411,-120.475731,6,20030729,20030729,6009.0,20030729,0,0,0,0,2.2561,0
78,78,0.3,B,38.306478,-120.50745,6,20050703,20050703,6009.0,20050703,0,0,0,0,2.850164,0
79,79,0.1,A,38.200461,-120.456111,6,20001019,20001019,6009.0,20001019,0,0,0,0,0.86093074,0
80,80,0.1,A,38.38875,-120.531881,6,20030708,20030708,6009.0,20030708,0,0,0,0,2.4365458,0
81,81,12.0,C,38.0275,-120.5164,6,20050910,20050910,6009.0,20050910,0,0,0,0,3.0421736,0
82,82,0.1,A,38.239089,-120.546461,6,20051118,20051118,6009.0,20051118,0,0,0,0,3.826322,0
83,83,12.0,C,38.0272,-120.534339,6,20050613,20050613,6009.0,20050613,0,0,0,0,1.4284288,0
84,84,3.0,B,37.923719,-120.624319,6,19990603,19990603,6009.0,19990603,0,0,0,0,3.6240315,0
85,85,0.8,B,38.37305,-120.456781,6,20010910,20010910,6009.0,20010910,0,0,0,0,1.1260544,0
86,86,2.0,B,38.229419,-120.862881,6,20010807,20010807,6009.0,20010807,0,0,0,0,1.36474,0
87,87,0.1,A,38.1997,-120.713539,6,19990604,19990604,6009.0,19990604,0,0,0,0,3.8295825,0
88,88,1.0,B,38.387919,-120.58645,6,20020724,20020724,6009.0,20020724,0,0,0,0,1.4165052,0
89,89,0.1,A,38.1706,-120.787381,6,20010630,20010630,6009.0,20010630,0,0,0,0,2.0916338,0
90,90,0.1,A,38.275,-120.35666667,6,20060626,20060626,6009.0,20060626,0,0,0,0,1.7128348000000002,0
91,91,0.1,A,38.041458,-120.506222,6,20071117,20071117,6009.0,20071117,0,0,0,0,1.2815967,0
92,92,1.0,B,38.042781,-120.4605,6,20000719,20000719,6009.0,20000719,0,0,0,0,2.9649265,0
93,93,0.1,A,38.397636,-120.528197,6,20070925,20070925,6009.0,20070925,0,0,0,0,1.7582369999999998,0
94,94,1.0,B,38.445939,-120.493781,6,19990524,19990524,6009.0,19990524,0,0,0,0,3.3575368,0
95,95,0.1,A,38.2859,-120.603081,6,20000824,20000824,6009.0,20000824,0,0,0,0,0.8222565000000001,0
96,96,0.1,A,38.14275,-120.439581,6,20020729,20020729,6009.0,20020729,0,0,0,0,2.7009742,0
97,97,0.4,B,38.273719,-120.454661,6,20040429,20040429,6009.0,20040429,0,0,0,0,2.5504932,0
98,98,1.0,B,38.069589,-120.49395,6,20000716,20000716,6009.0,20000716,0,0,0,0,3.4071195,0
99,99,0.1,A,38.011739,-120.533981,6,20020803,20020803,6009.0,20020803,0,0,0,0,3.0358572,0
100,100,1.0,B,38.069319,-120.530761,6,20030905,20030905,6009.0,20030905,0,0,0,0,1.4932613,0
101,101,1.0,B,38.36,-120.494881,6,20020516,20020516,6009.0,20020516,0,0,0,0,2.8412173,0
102,102,0.1,A,38.19985,-120.731939,6,20010806,20010806,6009.0,20010806,0,0,0,0,0.95037067,0
103,103,0.01,A,38.30888889,-120.22722222,6,20070609,20070609,6009.0,20070609,0,0,0,0,2.4541545,0
104,104,10.0,C,38.257583,-120.598283,6,20070727,20070727,6009.0,20070727,0,0,0,0,2.2510884,0
105,105,1.0,B,38.242414,-120.548839,6,20071203,20071203,6009.0,20071203,0,0,0,0,3.0424263,0
106,106,0.1,A,38.175728,-120.707975,6,20050811,20050811,6009.0,20050811,0,0,0,0,2.4026086,0
107,107,0.5,B,38.416611,-120.438539,6,20030704,20030704,6009.0,20030704,0,0,0,0,2.7920623,0
108,108,2.0,B,38.120625,-120.436406,6,20070813,20070813,6009.0,20070813,0,0,0,0,1.5621738,0
109,109,0.3,B,38.157389,-120.437339,6,20020226,20020226,6009.0,20020226,0,0,0,0,3.121597,0
110,110,0.1,A,38.058525,-120.552231,6,20060705,20060705,6009.0,20060705,0,0,0,0,2.7613401,0
111,111,1.0,B,38.229419,-120.862881,6,19990530,19990530,6009.0,19990530,0,0,0,0,2.4911275,0
112,112,0.1,A,38.327022,-120.634475,6,20070426,20070426,6009.0,20070426,0,0,0,0,3.2867174,0
113,113,1.1,B,37.995639,-120.695881,6,19990530,19990530,6009.0,19990530,0,0,0,0,2.4911275,0
114,114,1.0,B,38.126519,-120.713539,6,19990723,19990724,6009.0,19990723,0,0,0,0,2.7226467,0
115,115,3.0,B,38.132558,-120.634956,6,20050915,20050915,6009.0,20050915,0,0,0,0,1.050003,0
116,116,0.2,A,38.318711,-120.531678,6,20050913,20050913,6009.0,20050913,0,0,0,0,2.061889,0
117,117,3.0,B,38.0988,-120.494169,6,20040512,20040512,6009.0,20040512,0,0,0,0,2.3200228,0
118,118,8.0,B,38.011831,-120.515569,6,20020626,20020626,6009.0,20020626,0,0,0,0,3.2687924,0
119,119,0.1,A,38.155531,-120.639269,6,20000829,20000829,6009.0,20000829,0,0,0,0,1.6493886000000002,0
120,120,0.1,A,38.281028,-120.541322,6,20050924,20050924,6009.0,20050924,0,0,0,0,1.2105044,0
121,121,4.5,B,38.1575,-120.5917,6,20060817,20060817,6009.0,20060817,0,0,0,0,1.2252836,0
122,122,0.1,A,37.916372,-120.621614,6,20070410,20070410,6009.0,20070410,0,0,0,0,3.0064738,0
123,123,0.1,A,38.227619,-120.638681,6,20000915,20000915,6009.0,20000915,0,0,0,0,2.2085824,0
124,124,0.3,B,37.938261,-120.605811,6,20010604,20010604,6009.0,20010604,0,0,0,0,1.8555102,0
125,125,2.0,B,38.287011,-120.381569,6,19990912,19990912,6009.0,19990912,0,0,0,0,0.08601857,0
126,126,0.1,A,38.242031,-120.602689,6,20020707,20020707,6009.0,20020707,0,0,0,0,2.8313274,0
127,127,0.1,A,38.000967,-120.614567,6,20070203,20070203,6009.0,20070203,0,0,0,0,1.7904797,0
128,128,0.3,B,38.316969,-120.564989,6,19990711,19990711,6009.0,19990711,0,0,0,0,1.3926187,0
129,129,0.1,A,38.21645,-120.861486,6,20051125,20051125,6009.0,20051125,0,0,0,0,1.213801,0
130,130,0.1,A,38.1997,-120.713539,6,19990912,19990912,6009.0,19990912,0,0,0,0,0.08601857,0
131,131,1.0,B,38.352217,-120.599358,6,20070814,20070814,6009.0,20070814,0,0,0,0,2.2484045,0
132,132,0.1,A,38.301719,-120.6961,6,20040313,20040313,6009.0,20040313,0,0,0,0,0.86162627,0
133,133,2.0,B,38.402489,-120.456539,6,20010810,20010810,6009.0,20010810,0,0,0,0,2.9731092,0
134,134,2.0,B,38.185289,-120.787339,6,19980805,19980805,6009.0,19980805,0,0,0,0,1.3776737,0
135,135,0.4,B,38.315431,-120.659881,6,20040511,20040511,6009.0,20040511,0,0,0,0,3.6694658,0
136,136,0.1,A,38.15755,-120.480356,6,20050928,20050928,6009.0,20050928,0,0,0,0,2.5969944,0
137,137,0.1,A,37.987331,-120.697467,6,20070804,20070804,6009.0,20070804,0,0,0,0,2.433113,0
138,138,0.1,A,38.262425,-120.517303,6,20070526,20070526,6009.0,20070526,0,0,0,0,2.3927026,0
139,139,0.1,A,38.374131,-120.494669,6,20040318,20040318,6009.0,20040318,0,0,0,0,0.83630705,0
140,140,1.0,B,38.228261,-120.546631,6,19980809,19980809,6009.0,19980809,0,0,0,0,0.8988874,0
141,141,9.0,B,38.159333,-120.751167,6,20050921,20050921,6009.0,20050921,0,0,0,0,1.3354332,0
142,142,3.0,B,38.0242,-120.67725,6,20050922,20050922,6009.0,20050922,0,0,0,0,0.723467,0
143,143,0.2,A,38.214289,-120.528061,6,19980728,19980728,6009.0,19980728,0,0,0,0,1.9307222,0
144,144,0.1,A,38.2683,-120.5114,6,20090625,20090625,6009.0,20090625,0,0,0,0,2.5018554,0
145,145,0.5,B,38.1675,-120.6531,6,20060827,20060827,6009.0,20060827,0,0,0,0,0.60415506,0
146,146,0.25,A,38.40138889,-120.10944444,6,20070626,20070626,6009.0,20070626,0,0,0,0,2.0002248,0
147,147,0.1,A,38.243419,-120.713361,6,20010809,20010809,6009.0,20010809,0,0,0,0,2.0379694,0
148,148,0.1,A,38.330811,-120.5136,6,19990910,19990910,6009.0,19990910,0,0,0,0,1.6819080000000002,0
149,149,2.0,B,38.170319,-120.67575,6,19990925,19990925,6009.0,19990925,0,0,0,0,1.2560222,0
150,150,4.0,B,38.025389,-120.6408,6,20040818,20040818,6009.0,20040818,0,0,0,0,1.6461511999999998,0
151,151,2.0,B,38.099111,-120.475569,6,20040513,20040513,6009.0,20040513,0,0,0,0,1.4011737,0
152,152,1.0,B,38.169839,-120.60255,6,19990627,19990627,6009.0,19990627,0,0,0,0,2.3640060000000003,0
153,153,1.0,B,38.113411,-120.475731,6,20021116,20021116,6009.0,20021116,0,0,0,0,2.406161,0
154,154,1.0,B,38.206797,-120.571756,6,20070623,20070623,6009.0,20070623,0,0,0,0,3.0276961,0
155,155,0.3,B,37.923719,-120.624319,6,20010624,20010624,6009.0,20010624,0,0,0,0,2.2510889,0
156,156,0.1,A,38.402769,-120.494419,6,20040319,20040319,6009.0,20040319,0,0,0,0,0.5247853,0
157,157,0.1,A,38.403189,-120.550219,6,20040309,20040309,6009.0,20040309,0,0,0,0,2.126582,0
158,158,0.1,A,38.42083333,-120.04861111,6,20060816,20060816,6009.0,20060816,0,0,0,0,2.2143707000000004,0
159,159,0.1,A,38.156497,-120.539222,6,20050928,20050928,6009.0,20050928,0,0,0,0,2.5969944,0
160,160,0.1,A,38.373481,-120.605861,6,19990627,19990627,6009.0,19990627,0,0,0,0,2.3640060000000003,0
161,161,0.5,B,38.24355,-120.73205,6,20020511,20020511,6009.0,20020511,0,0,0,0,2.9218152,0
162,162,0.3,B,38.3736,-120.5119,6,20050925,20050925,6009.0,20050925,0,0,0,0,1.6719133999999998,0
163,163,0.1,A,37.938261,-120.605811,6,20000911,20000911,6009.0,20000911,0,0,0,0,0.5503667,0
164,164,0.01,A,38.43888889,-120.08472222,6,20070725,20070726,6009.0,20070725,0,0,0,0,2.3792446,0
165,165,0.3,B,38.3888,-120.51335,6,20050504,20050504,6009.0,20050504,0,0,0,0,1.0499598999999995,0
166,166,0.5,B,38.059853,-120.550253,6,20070810,20070810,6009.0,20070810,0,0,0,0,1.9163859,0
167,167,0.1,A,38.4456,-120.5475,6,20050927,20050927,6009.0,20050927,0,0,0,0,2.0808609,0
168,168,120.0,D,38.47361111,-120.22972222,6,20070810,20070810,6009.0,20070810,0,0,0,0,1.9163859,0
169,169,1.0,B,38.376278,-120.487572,6,20051207,20051207,6009.0,20051207,0,0,0,0,2.358486,0
170,170,0.1,A,38.301461,-120.508931,6,20010813,20010813,6009.0,20010813,0,0,0,0,2.0401065,0
171,171,100.0,D,38.0118,-120.4971,6,19990705,19990705,6009.0,19990705,0,0,0,0,1.7232581000000002,0
172,172,0.35,B,38.43138889,-120.08777778,6,20080622,20080622,6009.0,20080622,0,0,0,0,2.1644952,0
173,173,0.1,A,38.133042,-120.422108,6,20060602,20060602,6009.0,20060602,0,0,0,0,2.7613366000000004,0
174,174,0.1,A,37.938231,-120.624211,6,20050615,20050615,6009.0,20050615,0,0,0,0,2.4925647,0
175,175,0.1,A,38.30527778,-119.80361111,6,20070725,20070725,6009.0,20070725,0,0,0,0,2.3792446,0
176,176,0.3,B,38.2567,-120.639181,6,20040705,20040705,6009.0,20040705,0,0,0,0,2.1339688,0
177,177,3.0,B,38.170319,-120.67575,6,20010605,20010605,6009.0,20010605,0,0,0,0,3.1252537,0
178,178,0.5,B,38.212906,-120.832006,6,20070903,20070903,6009.0,20070903,0,0,0,0,1.7084756999999997,0
179,179,3.0,B,38.301461,-120.508931,6,19990917,19990917,6009.0,19990917,0,0,0,0,0.68949974,0
180,180,1.0,B,38.2725,-120.4182,6,20020629,20020629,6009.0,20020629,0,0,0,0,2.9757247,0
181,181,0.1,A,38.379025,-120.514239,6,20070717,20070717,6009.0,20070717,0,0,0,0,2.955494,0
182,182,0.5,B,38.2683,-120.4042,6,20050927,20050927,6009.0,20050927,0,0,0,0,2.0808609,0
183,183,0.5,B,38.373789,-120.587069,6,20040509,20040509,6009.0,20040509,0,0,0,0,3.3288045,0
184,184,0.1,A,38.38875,-120.531881,6,20040917,20040917,6009.0,20040917,0,0,0,0,2.03038,0
185,185,0.1,A,38.199669,-120.881269,6,19990705,19990705,6009.0,19990705,0,0,0,0,1.7232581000000002,0
186,186,0.5,B,38.108911,-120.461244,6,20050713,20050714,6009.0,20050713,0,0,0,0,1.8384737,0
187,187,0.2,A,37.938261,-120.605811,6,20000911,20000911,6009.0,20000911,0,0,0,0,0.5503667,0
188,188,0.3,B,38.4022,-120.4928,6,20050927,20050927,6009.0,20050927,0,0,0,0,2.0808609,0
189,189,0.5,B,38.15755,-120.419131,6,19980804,19980804,6009.0,19980804,0,0,0,0,0.6419498,0
190,190,3.0,B,38.165775,-120.598536,6,20051214,20051214,6009.0,20051214,0,0,0,0,3.580188,0
191,191,40.0,C,38.1132,-120.4942,6,19980803,19980803,6009.0,19980803,0,0,0,0,0.8049858,0
192,192,0.5,B,38.025519,-120.622361,6,20030915,20030915,6009.0,20030915,0,0,0,0,1.948061,0
193,193,4.0,B,38.19985,-120.731939,6,20010815,20010815,6009.0,20010815,0,0,0,0,1.7258657,0
194,194,1.0,B,38.301281,-120.491019,6,20040313,20040313,6009.0,20040313,0,0,0,0,0.86162627,0
195,195,0.3,B,38.155531,-120.639269,6,20000909,20000909,6009.0,20000909,0,0,0,0,1.6769325000000002,0
196,196,0.2,A,38.396569,-120.476353,6,20050805,20050805,6009.0,20050805,0,0,0,0,2.6281686,0
197,197,0.1,A,38.28025,-120.413733,6,20050926,20050927,6009.0,20050926,0,0,0,0,0.6862224,0
198,198,0.3,B,38.2828,-120.4242,6,20050927,20050927,6009.0,20050927,0,0,0,0,2.0808609,0
199,199,0.1,A,38.113861,-120.457519,6,20020703,20020703,6009.0,20020703,0,0,0,0,2.7831323,0
200,200,0.1,A,38.140594,-120.549333,6,20050926,20050926,6009.0,20050926,0,0,0,0,0.6862224,0
201,201,0.1,A,38.157169,-120.473519,6,19990704,19990704,6009.0,19990704,0,0,0,0,2.3436107999999995,0
202,202,20.0,C,38.011339,-120.552389,6,19990922,19990922,6009.0,19990922,0,0,0,0,0.43174028,0
203,203,4.0,B,38.26916667,-120.3675,6,20070625,20070625,6009.0,20070625,0,0,0,0,2.0064425,0
204,204,0.5,B,38.018447,-120.527592,6,20060818,20060818,6009.0,20060818,0,0,0,0,0.83570325,0
205,205,0.1,A,38.301669,-120.680031,6,20070408,20070408,6009.0,20070408,0,0,0,0,3.3267763,0
206,206,0.1,A,38.214969,-120.4192,6,20040816,20040816,6009.0,20040816,0,0,0,0,1.4797983,0
207,207,15.0,C,38.243581,-120.455619,6,19990923,19990923,6009.0,19990923,0,0,0,0,0.47000122,0
208,208,5.0,B,38.0272,-120.534339,6,20000730,20000730,6009.0,20000730,0,0,0,0,2.3706512,0
209,209,0.1,A,38.229131,-120.455511,6,19980809,19980809,6009.0,19980809,0,0,0,0,0.8988874,0
210,210,0.1,A,38.402261,-120.475411,6,20021116,20021116,6009.0,20021116,0,0,0,0,2.406161,0
211,211,1.0,B,38.190197,-120.791122,6,20070723,20070723,6009.0,20070723,0,0,0,0,2.796864,0
212,212,2.0,B,38.1997,-120.713539,6,19991026,19991026,6009.0,19991026,0,0,0,0,0.25079906,0
213,213,1.0,B,38.169981,-120.5843,6,20040823,20040823,6009.0,20040823,0,0,0,0,3.1005867,0
214,214,2.0,B,38.345611,-120.55085,6,19991025,19991025,6009.0,19991025,0,0,0,0,0.65551764,0
215,215,0.2,A,37.99615,-120.6046,6,20040502,20040502,6009.0,20040502,0,0,0,0,1.0470896,0
216,216,0.1,A,38.164228,-120.403811,6,20060813,20060813,6009.0,20060813,0,0,0,0,1.3360134,0
217,217,2.0,B,38.132558,-120.634956,6,20050915,20050915,6009.0,20050915,0,0,0,0,1.050003,0
218,218,0.1,A,38.070361,-120.458361,6,20001005,20001005,6009.0,20001005,0,0,0,0,1.6016184,0
219,219,0.2,A,38.300389,-120.62235,6,20040930,20040930,6009.0,20040930,0,0,0,0,2.4423337000000003,0
220,220,0.1,A,38.163958,-120.403869,6,20051001,20051001,6009.0,20051001,0,0,0,0,1.1573342,0
221,221,0.25,A,38.39277778,-119.96805556,6,20070828,20070829,6009.0,20070828,0,0,0,0,1.372959,0
222,222,0.5,B,37.938261,-120.605811,6,20020716,20020716,6009.0,20020716,0,0,0,0,1.5463827,0
223,223,0.1,A,37.996019,-120.641511,6,20040926,20040926,6009.0,20040926,0,0,0,0,0.5299988,0
224,224,0.2,A,38.403189,-120.550219,6,20020512,20020512,6009.0,20020512,0,0,0,0,0.7233967,0
225,225,6.0,B,38.257781,-120.713761,6,19990909,19990909,6009.0,19990909,0,0,0,0,1.9235479,0
226,226,0.3,B,38.431439,-120.475069,6,20010602,20010602,6009.0,20010602,0,0,0,0,2.9324548,0
227,227,0.1,A,37.936358,-120.605908,6,20050723,20050723,6009.0,20050723,0,0,0,0,0.8502415000000001,0
228,228,0.1,A,38.330819,-120.62405,6,20000826,20000826,6009.0,20000826,0,0,0,0,2.299655,0
229,229,0.1,A,38.277681,-120.506914,6,20070831,20070831,6009.0,20070831,0,0,0,0,0.9340859,0
230,230,0.1,A,38.113861,-120.457519,6,19980814,19980814,6009.0,19980814,0,0,0,0,2.1668397999999995,0
231,231,0.4,B,38.180572,-120.68115,6,20060628,20060628,6009.0,20060628,0,0,0,0,2.4225905,0
232,232,0.1,A,38.041561,-120.534411,6,20020718,20020718,6009.0,20020718,0,0,0,0,1.6347818,0
233,233,0.1,A,37.879011,-120.601161,6,20010714,20010714,6009.0,20010714,0,0,0,0,2.4229372,0
234,234,0.1,A,38.19985,-120.731939,6,20020721,20020721,6009.0,20020721,0,0,0,0,2.094617,0
235,235,0.2,A,38.200461,-120.456111,6,19990612,19990612,6009.0,19990612,0,0,0,0,3.6390336,0
236,236,1.0,B,38.126519,-120.713539,6,19990723,19990724,6009.0,19990723,0,0,0,0,2.7226467,0
237,237,3.0,B,38.099111,-120.475569,6,20021030,20021030,6009.0,20021030,0,0,0,0,1.670118,0
238,238,1.0,B,38.141389,-120.750681,6,19990723,19990724,6009.0,19990723,0,0,0,0,2.7226467,0
239,239,4.0,B,38.315381,-120.60485,6,19990612,19990612,6009.0,19990612,0,0,0,0,3.6390336,0
240,240,1.0,B,38.2715,-120.67605,6,20020720,20020720,6009.0,20020720,0,0,0,0,1.4327987,0
241,241,17.0,C,38.126519,-120.713539,6,19990723,19990724,6009.0,19990723,0,0,0,0,2.7226467,0
242,242,0.3,B,38.099111,-120.475569,6,20040502,20040502,6009.0,20040502,0,0,0,0,1.0470896,0
243,243,2.0,B,38.315381,-120.60485,6,19990612,19990612,6009.0,19990612,0,0,0,0,3.6390336,0
244,244,0.1,A,38.011739,-120.533981,6,20000806,20000806,6009.0,20000806,0,0,0,0,3.3693347,0
245,245,0.1,A,38.212906,-120.832006,6,20070903,20070903,6009.0,20070903,0,0,0,0,1.7084756999999997,0
246,246,0.5,B,38.287831,-120.565081,6,20010529,20010529,6009.0,20010529,0,0,0,0,2.6094651,0
247,247,0.1,A,38.169739,-120.4122,6,20071002,20071002,6009.0,20071002,0,0,0,0,0.81393635,0
248,248,0.1,A,38.257389,-120.584081,6,20001008,20001008,6009.0,20001008,0,0,0,0,0.9859509,0
249,249,4.0,B,38.257681,-120.437081,6,20040417,20040417,6009.0,20040417,0,0,0,0,2.381034,0
250,250,0.1,A,38.171589,-120.382289,6,20040502,20040502,6009.0,20040502,0,0,0,0,1.0470896,0
251,251,0.1,A,38.213931,-120.546469,6,19991030,19991030,6009.0,19991030,0,0,0,0,3.0994482000000003,0
252,252,0.1,A,38.373381,-120.475181,6,20040323,20040323,6009.0,20040323,0,0,0,0,2.1371489,0
253,253,0.1,A,38.301811,-120.714661,6,19980816,19980816,6009.0,19980816,0,0,0,0,2.2327163,0
254,254,0.1,A,37.899264,-120.581997,6,20070726,20070726,6009.0,20070726,0,0,0,0,1.7826362,0
255,255,1.0,B,38.214811,-120.863139,6,20030527,20030527,6009.0,20030527,0,0,0,0,0.9604724,0
256,256,1.0,B,38.2997,-120.6281,6,20070817,20070817,6009.0,20070817,0,0,0,0,2.1242714,0
257,257,0.1,A,38.155831,-120.565969,6,19980812,19980812,6009.0,19980812,0,0,0,0,1.4001521,0
258,258,0.5,B,38.0236,-120.6244,6,20050921,20050921,6009.0,20050921,0,0,0,0,1.3354332,0
259,259,5.0,B,38.3881,-120.4931,6,20080319,20080320,6009.0,20080319,0,0,0,0,1.6428338,0
260,260,0.1,A,38.116772,-120.453836,6,20060731,20060731,6009.0,20060731,0,0,0,0,3.7793388,0
261,261,1.0,B,38.184469,-120.62055,6,20000729,20000729,6009.0,20000729,0,0,0,0,2.0366647,0
262,262,1.0,B,37.923719,-120.624319,6,20000921,20000921,6009.0,20000921,0,0,0,0,3.1798203,0
263,263,0.5,B,38.48861111,-120.22916667,6,20070926,20070926,6009.0,20070926,0,0,0,0,1.2348253,0
264,264,1.0,B,38.33075,-120.605931,6,19990909,19990909,6009.0,19990909,0,0,0,0,1.9235479,0
265,265,0.5,B,38.359961,-120.513961,6,20020623,20020623,6009.0,20020623,0,0,0,0,2.6350307,0
266,266,0.5,B,38.155831,-120.565969,6,19980812,19980812,6009.0,19980812,0,0,0,0,1.4001521,0
267,267,0.3,A,38.2877,-120.54685,6,19990909,19990909,6009.0,19990909,0,0,0,0,1.9235479,0
268,268,0.2,A,38.403189,-120.550219,6,20040721,20040721,6009.0,20040721,0,0,0,0,2.600006,0
269,269,110.0,D,38.200875,-120.615611,6,20070525,20070526,6009.0,20070525,0,0,0,0,1.8346138,0
270,270,1.0,B,38.432622,-120.492142,6,20060707,20060707,6009.0,20060707,0,0,0,0,1.3961726,0
271,271,0.1,A,37.995639,-120.695881,6,20030625,20030626,6009.0,20030625,0,0,0,0,0.9121904,0
272,272,9.0,B,38.1531,-120.7528,6,20050921,20050921,6009.0,20050921,0,0,0,0,1.3354332,0
273,273,1.0,B,38.315911,-120.678481,6,20010715,20010715,6009.0,20010715,0,0,0,0,2.677207,0
274,274,0.5,B,38.199769,-120.769361,6,19990909,19990909,6009.0,19990909,0,0,0,0,1.9235479,0
275,275,0.1,A,37.923719,-120.624319,6,20040727,20040727,6009.0,20040727,0,0,0,0,2.931714,0
276,276,0.1,A,38.245333,-120.511181,6,20060731,20060731,6009.0,20060731,0,0,0,0,3.7793388,0
277,277,0.3,B,38.345569,-120.532111,6,20001014,20001014,6009.0,20001014,0,0,0,0,1.382203,0
278,278,10.0,C,37.968081,-120.53425,6,19990909,19990909,6009.0,19990909,0,0,0,0,1.9235479,0
279,279,0.3,B,38.12835,-120.38535,6,20030824,20030824,6009.0,20030824,0,0,0,0,0.58000183,0
280,280,0.1,A,38.384156,-120.526069,6,20050919,20050919,6009.0,20050919,0,0,0,0,1.2007489,0
281,281,0.3,B,38.272361,-120.713789,6,19990718,19990718,6009.0,19990718,0,0,0,0,2.5961502,0
282,282,0.1,A,38.185881,-120.4009,6,20040209,20040209,6009.0,20040209,0,0,0,0,5.0776362,0
283,283,0.1,A,38.24285,-120.528419,6,20040922,20040922,6009.0,20040922,0,0,0,0,1.2854967,0
284,284,5.0,B,38.228167,-120.837097,6,20060730,20060730,6009.0,20060730,0,0,0,0,3.1143692,0
285,285,0.01,A,38.42694444,-120.14111111,6,20090731,20090731,6009.0,20090731,0,0,0,0,2.9508271,0
286,286,1.0,B,38.142239,-120.476019,6,19991019,19991019,6009.0,19991019,0,0,0,0,1.6548468999999997,0
287,287,0.1,A,38.142389,-120.457881,6,20040503,20040503,6009.0,20040503,0,0,0,0,1.6735978,0
288,288,0.3,B,38.243031,-120.546869,6,19990909,19990909,6009.0,19990909,0,0,0,0,1.9235479,0
289,289,3.0,B,38.141261,-120.568469,6,20010716,20010716,6009.0,20010716,0,0,0,0,2.6185970000000003,0
290,290,0.5,B,38.34515,-120.624331,6,19990909,19990909,6009.0,19990909,0,0,0,0,1.9235479,0
291,291,1.0,B,38.231869,-120.533069,6,20071201,20071201,6009.0,20071201,0,0,0,0,1.4807069,0
292,292,60.0,C,38.2192,-120.8686,6,20050625,20050625,6009.0,20050625,0,0,0,0,2.4801772,0
293,293,0.1,A,38.301281,-120.491019,6,19990909,19990909,6009.0,19990909,0,0,0,0,1.9235479,0
294,294,10.0,C,38.112375,-120.774208,6,20070726,20070726,6009.0,20070726,0,0,0,0,1.7826362,0
295,295,3.5,B,38.212906,-120.832006,6,20070903,20070903,6009.0,20070903,0,0,0,0,1.7084756999999997,0
296,296,0.1,A,38.301231,-120.67765,6,19980726,19980726,6009.0,19980726,0,0,0,0,0.80610126,0
297,297,2.0,B,38.301811,-120.714661,6,20010621,20010621,6009.0,20010621,0,0,0,0,1.9293865,0
298,298,0.3,B,38.055381,-120.534519,6,20040212,20040212,6009.0,20040212,0,0,0,0,4.179387999999999,0
299,299,4.0,B,38.214269,-120.731881,6,19991016,19991016,6009.0,19991016,0,0,0,0,4.5442758,0
300,300,0.1,A,38.341303,-120.587503,6,20070726,20070727,6009.0,20070726,0,0,0,0,1.7826362,0
301,301,0.1,A,38.185289,-120.787339,6,20030607,20030607,6009.0,20030607,0,0,0,0,3.6055589,0
302,302,0.1,A,38.385167,-120.533836,6,20050723,20050723,6009.0,20050723,0,0,0,0,0.8502415000000001,0
303,303,1.0,B,38.269811,-120.492539,6,20070430,20070430,6009.0,20070430,0,0,0,0,2.002498,0
304,304,1.0,B,37.923711,-120.605931,6,20011027,20011027,6009.0,20011027,0,0,0,0,0.9079732,0
305,305,0.1,A,38.48138889,-120.11527778,6,20090529,20090604,6009.0,20090529,0,0,0,0,2.449997,0
306,306,3.0,B,38.211167,-120.6105,6,20070509,20070509,6009.0,20070509,0,0,0,0,1.7507142,0
307,307,105.0,D,38.243619,-120.750789,6,20030831,20030901,6009.0,20030831,0,0,0,0,0.30887708,0
308,308,0.1,A,38.301281,-120.491019,6,19990111,19990111,6009.0,19990111,0,0,0,0,1.383977,0
309,309,0.1,A,38.0113,-120.571111,6,19990810,19990810,6009.0,19990810,0,0,0,0,2.8416448,0
310,310,0.75,B,38.42555556,-119.87833333,6,20070828,20070927,6009.0,20070828,0,0,0,0,1.372959,0
311,311,0.5,B,38.414394,-120.504278,6,20070514,20070514,6009.0,20070514,0,0,0,0,1.6042993,0
312,312,0.6,B,38.417631,-120.531069,6,20050523,20050523,6009.0,20050523,0,0,0,0,2.1163416,0
313,313,0.3,B,38.304781,-120.559142,6,20070730,20070730,6009.0,20070730,0,0,0,0,2.6500092,0
314,314,40.0,C,38.098511,-120.676519,6,19980905,19980905,6009.0,19980905,0,0,0,0,0.8065415,0
315,315,0.3,B,38.403381,-120.531689,6,19981005,19981005,6009.0,19981005,0,0,0,0,3.4134164,0
316,316,0.1,A,38.272569,-120.732539,6,20040831,20040831,6009.0,20040831,0,0,0,0,1.8127642,0
317,317,0.5,B,38.398411,-120.498947,6,20071127,20071127,6009.0,20071127,0,0,0,0,0.7158868,0
318,318,0.3,B,38.069019,-120.567719,6,20010930,20010930,6009.0,20010930,0,0,0,0,2.1015437,0
319,319,0.1,A,38.157169,-120.473519,6,19990810,19990810,6009.0,19990810,0,0,0,0,2.8416448,0
320,320,0.1,A,38.404567,-120.529047,6,20051026,20051026,6009.0,20051026,0,0,0,0,1.1521372,0
321,321,0.1,A,37.923719,-120.624319,6,19981004,19981004,6009.0,19981004,0,0,0,0,1.9890932,0
322,322,0.1,A,38.414792,-120.543978,6,20050822,20050822,6009.0,20050822,0,0,0,0,1.6483073,0
323,323,0.3,B,38.039831,-120.659111,6,20021003,20021003,6009.0,20021003,0,0,0,0,0.5024877000000001,0
324,324,0.1,A,38.19985,-120.731939,6,19981225,19981225,6009.0,19981225,0,0,0,0,2.2750065,0
325,325,0.1,A,38.330819,-120.62405,6,20031026,20031026,6009.0,20031026,0,0,0,0,3.5928864000000003,0
326,326,0.5,B,38.445,-120.2175,6,20091124,20091124,6009.0,20091124,0,0,0,0,3.7310016,0
327,327,0.1,A,38.12645,-120.639631,6,19980708,19980708,6009.0,19980708,0,0,0,0,1.7541091,0
328,328,0.1,A,38.055381,-120.534519,6,20010613,20010613,6009.0,20010613,0,0,0,0,2.6994233,0
329,329,1.0,B,38.331089,-120.569489,6,20040713,20040713,6009.0,20040713,0,0,0,0,1.9699968,0
330,330,0.1,A,38.171589,-120.4193,6,19981231,19981231,6009.0,19981231,0,0,0,0,1.7177311000000002,0
331,331,0.01,A,38.41694444,-120.11638889,6,20090813,20090813,6009.0,20090813,0,0,0,0,2.9410894,0
332,332,2.0,B,38.15755,-120.419131,6,20010402,20010402,6009.0,20010402,0,0,0,0,3.7194862,0
333,333,1.0,B,37.896778,-120.576025,6,20070610,20070610,6009.0,20070610,0,0,0,0,3.0959566,0
334,334,0.1,A,38.011831,-120.515569,6,20020811,20020811,6009.0,20020811,0,0,0,0,2.745631,0
335,335,0.1,A,38.301719,-120.6961,6,20020829,20020829,6009.0,20020829,0,0,0,0,1.8738724,0
336,336,0.01,A,38.42888889,-120.01527778,6,20070818,20070818,6009.0,20070818,0,0,0,0,1.5449583999999998,0
337,337,87.0,C,38.21495,-120.456,6,20040806,20040807,6009.0,20040806,0,0,0,0,1.6905682,0
338,338,0.1,A,38.0703,-120.47605,6,19990822,19990822,6009.0,19990822,0,0,0,0,0.7433057,0
339,339,2.0,B,38.3454,-120.5698,6,20050425,20050425,6009.0,20050425,0,0,0,0,2.6839173,0
340,340,5.0,B,38.027519,-120.51575,6,19990101,19990101,6009.0,19990101,0,0,0,0,1.5601257,0
341,341,1.0,B,38.273656,-120.488736,6,20060612,20060612,6009.0,20060612,0,0,0,0,1.2043203000000002,0
342,342,2.0,B,38.445939,-120.493781,6,20030831,20030901,6009.0,20030831,0,0,0,0,0.30887708,0
343,343,0.3,B,38.244119,-120.844789,6,20020524,20020524,6009.0,20020524,0,0,0,0,0.10198721,0
344,344,3.0,B,38.069019,-120.567719,6,20010930,20010930,6009.0,20010930,0,0,0,0,2.1015437,0
345,345,1.0,B,38.206797,-120.571756,6,20070515,20070515,6009.0,20070515,0,0,0,0,1.1778392,0
346,346,0.1,A,38.170389,-120.547231,6,20040603,20040603,6009.0,20040603,0,0,0,0,2.4544678,0
347,347,0.01,A,38.45694444,-120.09527778,6,20090530,20090601,6009.0,20090530,0,0,0,0,3.0397967999999995,0
348,348,0.3,B,38.318586,-120.531364,6,20071030,20071030,6009.0,20071030,0,0,0,0,1.6980497,0
349,349,0.25,A,38.45916667,-120.19722222,6,20060614,20060614,6009.0,20060614,0,0,0,0,1.9137727,0
350,350,0.2,A,38.3454,-120.5698,6,20020608,20020608,6009.0,20020608,0,0,0,0,3.496653,0
351,351,0.1,A,38.025389,-120.6408,6,20040711,20040711,6009.0,20040711,0,0,0,0,1.6140033,0
352,352,0.1,A,38.18527778,-120.34472222,6,20060702,20060702,6009.0,20060702,0,0,0,0,3.3602693,0
353,353,0.1,A,38.345689,-120.513731,6,20040414,20040414,6009.0,20040414,0,0,0,0,2.9382558,0
354,354,1.3,B,38.036769,-120.509772,6,20050830,20050830,6009.0,20050830,0,0,0,0,1.2070154,0
355,355,0.1,A,38.301719,-120.6961,6,20011110,20011110,6009.0,20011110,0,0,0,0,1.8047088,0
356,356,1.5,B,38.257781,-120.713761,6,20000619,20000619,6009.0,20000619,0,0,0,0,2.0968988,0
357,357,0.1,A,38.297797,-120.704681,6,20070712,20070712,6009.0,20070712,0,0,0,0,2.6438284,0
358,358,3.0,B,38.184311,-120.584211,6,20011110,20011110,6009.0,20011110,0,0,0,0,1.8047088,0
359,359,0.1,A,38.0988,-120.494169,6,20030703,20030703,6009.0,20030703,0,0,0,0,2.2818642,0
360,360,0.1,A,38.40388889,-120.16,6,20060929,20060929,6009.0,20060929,0,0,0,0,0.72615206,0
361,361,0.1,A,38.301281,-120.491019,6,20030731,20030731,6009.0,20030731,0,0,0,0,2.6055505,0
362,362,0.1,A,38.112181,-120.787631,6,19990305,19990305,6009.0,19990305,0,0,0,0,0.5793869,0
363,363,0.1,A,38.041561,-120.534411,6,20010723,20010723,6009.0,20010723,0,0,0,0,2.3967688,0
364,364,0.3,B,38.343117,-120.5754,6,20071128,20071128,6009.0,20071128,0,0,0,0,2.5937142000000004,0
365,365,0.01,A,38.25694444,-120.31083333,6,20080719,20080720,6009.0,20080719,0,0,0,0,2.1879878,0
366,366,3.0,B,38.145947,-120.638878,6,20050828,20050828,6009.0,20050828,0,0,0,0,1.6490651,0
367,367,2.0,B,38.083931,-120.676661,6,20040425,20040425,6009.0,20040425,0,0,0,0,1.1926827,0
368,368,0.3,B,38.1132,-120.4942,6,20040626,20040626,6009.0,20040626,0,0,0,0,4.2874756,0
369,369,0.1,A,38.011831,-120.515569,6,20020912,20020912,6009.0,20020912,0,0,0,0,2.10009,0
370,370,0.1,A,38.32833333,-120.21694444,6,20090809,20090809,6009.0,20090809,0,0,0,0,0.7971213,0
371,371,0.5,B,38.387939,-120.475161,6,20011108,20011108,6009.0,20011108,0,0,0,0,3.5215110000000003,0
372,372,0.1,A,38.3888,-120.51335,6,20031029,20031029,6009.0,20031029,0,0,0,0,2.8535652,0
373,373,0.1,A,37.916147,-120.621247,6,20060529,20060529,6009.0,20060529,0,0,0,0,2.7461479,0
374,374,2.0,B,38.214939,-120.437569,6,19981003,19981003,6009.0,19981003,0,0,0,0,2.8717997000000004,0
375,375,0.1,A,38.199981,-120.862761,6,20011109,20011109,6009.0,20011109,0,0,0,0,2.5005,0
376,376,2.0,B,38.113789,-120.4217,6,20010729,20010729,6009.0,20010729,0,0,0,0,2.4348316000000003,0
377,377,0.1,A,38.301911,-120.380461,6,20030731,20030731,6009.0,20030731,0,0,0,0,2.6055505,0
378,378,0.3,B,38.099111,-120.475569,6,20040626,20040626,6009.0,20040626,0,0,0,0,4.2874756,0
379,379,10.0,C,37.3164,-120.7464,6,20050704,20050705,6009.0,20050704,0,0,0,0,2.604329,0
380,380,0.1,A,37.938231,-120.624211,6,20031004,20031004,6009.0,20031004,0,0,0,0,1.0111887,0
381,381,7.0,B,38.271989,-120.509769,6,20010727,20010727,6009.0,20010727,0,0,0,0,2.0044453,0
382,382,11.7,C,38.45916667,-120.23805556,6,20091124,20091124,6009.0,20091124,0,0,0,0,3.7310016,0
383,383,0.1,A,38.403381,-120.531689,6,20040713,20040713,6009.0,20040713,0,0,0,0,1.9699968,0
384,384,0.2,A,38.301719,-120.6961,6,20020905,20020905,6009.0,20020905,0,0,0,0,1.4024669,0
385,385,0.3,B,38.055381,-120.534519,6,20010505,20010505,6009.0,20010505,0,0,0,0,2.5424438,0
386,386,0.1,A,38.113861,-120.457519,6,19981020,19981020,6009.0,19981020,0,0,0,0,3.0647125,0
387,387,0.1,A,38.301719,-120.6961,6,20011012,20011012,6009.0,20011012,0,0,0,0,1.9942381,0
388,388,25.0,C,38.19985,-120.731939,6,20000812,20000812,6009.0,20000812,0,0,0,0,2.0330555,0
389,389,3.0,B,38.403189,-120.550219,6,20020920,20020920,6009.0,20020920,0,0,0,0,0.3858756,0
390,390,0.5,B,38.242569,-120.583961,6,20040423,20040423,6009.0,20040423,0,0,0,0,1.4983215,0
391,391,0.1,A,38.28444444,-120.34611111,6,20070517,20070517,6009.0,20070517,0,0,0,0,2.4594345,0
392,392,0.1,A,38.33075,-120.605931,6,20010925,20010925,6009.0,20010925,0,0,0,0,2.1900938,0
393,393,1.0,B,37.916142,-120.614831,6,20070609,20070609,6009.0,20070609,0,0,0,0,2.4541545,0
394,394,0.1,A,38.069019,-120.567719,6,20020922,20020922,6009.0,20020922,0,0,0,0,1.7229013,0
395,395,0.1,A,38.1964,-120.7164,6,20050728,20050728,6009.0,20050728,0,0,0,0,2.183308,0
396,396,0.1,A,38.170389,-120.547231,6,20010501,20010501,6009.0,20010501,0,0,0,0,3.7513301,0
397,397,20.0,C,38.199981,-120.862761,6,20030712,20030713,6009.0,20030712,0,0,0,0,2.3530662,0
398,398,0.1,A,38.431769,-120.5123,6,20010927,20010927,6009.0,20010927,0,0,0,0,1.3313577,0
399,399,0.1,A,38.113861,-120.457519,6,19981024,19981024,6009.0,19981024,0,0,0,0,1.9902316,0
400,400,2.0,B,38.373881,-120.550319,6,20020920,20020920,6009.0,20020920,0,0,0,0,0.3858756,0
401,401,2.0,B,38.373881,-120.550319,6,20011012,20011012,6009.0,20011012,0,0,0,0,1.9942381,0
402,402,0.1,A,38.403381,-120.531689,6,19981020,19981020,6009.0,19981020,0,0,0,0,3.0647125,0
403,403,1.0,B,38.260169,-120.742889,6,20070517,20070517,6009.0,20070517,0,0,0,0,2.4594345,0
404,404,1.0,B,38.402989,-120.567969,6,19990817,19990817,6009.0,19990817,0,0,0,0,1.2619447,0
405,405,2.0,B,38.171589,-120.382289,6,20020530,20020530,6009.0,20020530,0,0,0,0,1.9729394,0
406,406,0.3,B,37.938231,-120.624211,6,19980711,19980711,6009.0,19980711,0,0,0,0,1.6834522,0
407,407,0.4,B,38.24285,-120.528419,6,20040804,20040804,6009.0,20040804,0,0,0,0,2.5642579,0
408,408,0.1,A,38.244119,-120.844789,6,20040423,20040423,6009.0,20040423,0,0,0,0,1.4983215,0
409,409,3.0,B,38.083931,-120.676661,6,19981018,19981018,6009.0,19981018,0,0,0,0,2.1683068,0
410,410,1.0,B,38.273011,-120.565461,6,20010504,20010504,6009.0,20010504,0,0,0,0,0.39623025,0
411,411,6.0,B,38.156539,-120.528819,6,19981015,19981015,6009.0,19981015,0,0,0,0,3.8798072,0
412,412,0.5,B,38.1987,-120.583811,6,20050615,20050615,6009.0,20050615,0,0,0,0,2.4925647,0
413,413,0.2,A,38.167372,-120.414919,6,20050824,20050824,6009.0,20050824,0,0,0,0,1.5024425,0
414,414,0.01,A,38.40861111,-120.19305556,6,20061022,20061022,6009.0,20061022,0,0,0,0,2.3547728,0
415,415,0.1,A,37.938231,-120.624211,6,19990817,19990817,6009.0,19990817,0,0,0,0,1.2619447,0
416,416,0.5,B,38.19027778,-120.34805556,6,20060723,20060723,6009.0,20060723,0,0,0,0,1.7863097,0
417,417,1.0,B,38.381325,-120.523567,6,20070919,20070919,6009.0,20070919,0,0,0,0,3.3201556000000005,0
418,418,0.2,A,38.47527778,-120.12972222,6,20070711,20070711,6009.0,20070711,0,0,0,0,3.4106305,0
419,419,0.1,A,37.938261,-120.605811,6,19981019,19981019,6009.0,19981019,0,0,0,0,3.2564116000000003,0
420,420,0.3,B,38.042781,-120.4605,6,20020909,20020909,6009.0,20020909,0,0,0,0,1.293208,0
421,421,1.5,B,38.081311,-120.678697,6,20051105,20051105,6009.0,20051105,0,0,0,0,0.7280072,0
422,422,2.0,B,38.199961,-120.509831,6,20000428,20000428,6009.0,20000428,0,0,0,0,4.7094045,0
423,423,0.1,A,38.104408,-120.703028,6,20060612,20060612,6009.0,20060612,0,0,0,0,1.2043203000000002,0
424,424,0.1,A,38.097969,-120.686883,6,20070821,20070821,6009.0,20070821,0,0,0,0,2.0053163,0
425,425,3.0,B,38.21425,-120.713389,6,20000701,20000701,6009.0,20000701,0,0,0,0,2.838106,0
426,426,2.0,B,38.3903,-120.5797,6,20090704,20090704,6009.0,20090704,0,0,0,0,2.3201942000000004,0
427,427,0.5,B,37.995639,-120.695881,6,19990814,19990814,6009.0,19990814,0,0,0,0,2.421671,0
428,428,0.3,B,38.09825,-120.695,6,20030910,20030910,6009.0,20030910,0,0,0,0,0.9848839,0
429,429,0.1,A,38.145947,-120.638875,6,20070712,20070712,6009.0,20070712,0,0,0,0,2.6438284,0
430,430,0.3,B,37.938261,-120.605811,6,20000702,20000702,6009.0,20000702,0,0,0,0,2.9302647,0
431,431,0.3,B,38.143039,-120.403419,6,20030308,20030308,6009.0,20030308,0,0,0,0,0.78031576,0
432,432,20.0,C,37.995639,-120.695881,6,20020604,20020604,6009.0,20020604,0,0,0,0,1.7924584,0
433,433,0.5,B,38.258289,-120.75115,6,20010727,20010727,6009.0,20010727,0,0,0,0,2.0044453,0
434,434,2.0,B,38.407192,-120.469642,6,20071127,20071127,6009.0,20071127,0,0,0,0,0.7158868,0
435,435,0.1,A,38.377853,-120.553039,6,20071101,20071101,6009.0,20071101,0,0,0,0,1.5148591,0
436,436,0.01,A,38.43555556,-120.00694444,6,20061011,20061011,6009.0,20061011,0,0,0,0,1.8474088,0
437,437,0.5,B,38.33065,-120.495061,6,20030408,20030408,6009.0,20030408,0,0,0,0,0.8324079,0
438,438,0.1,A,38.38944444,-119.92388889,6,20070829,20070829,6009.0,20070829,0,0,0,0,1.9502277,0
439,439,2.0,B,38.374131,-120.494669,6,20020605,20020605,6009.0,20020605,0,0,0,0,1.7605073,0
440,440,0.1,A,38.140869,-120.63925,6,20000617,20000617,6009.0,20000617,0,0,0,0,0.58215326,0
441,441,0.5,B,38.403189,-120.550219,6,20020928,20020928,6009.0,20020928,0,0,0,0,1.4222485,0
442,442,1.0,B,38.296603,-120.622789,6,20070818,20070818,6009.0,20070818,0,0,0,0,1.5449583999999998,0
443,443,0.1,A,38.374031,-120.5318,6,19981115,19981115,6009.0,19981115,0,0,0,0,0.78517586,0
444,444,0.1,A,38.38875,-120.531881,6,20010711,20010711,6009.0,20010711,0,0,0,0,2.633871,0
445,445,1.0,B,38.201119,-120.514867,6,20070320,20070320,6009.0,20070320,0,0,0,0,1.4807069,0
446,446,1.0,B,38.437472,-120.4681,6,20060723,20060723,6009.0,20060723,0,0,0,0,1.7863097,0
447,447,0.1,A,38.417731,-120.549661,6,20031008,20031008,6009.0,20031008,0,0,0,0,1.1180393999999998,0
448,448,3.0,B,38.213069,-120.638861,6,20040613,20040613,6009.0,20040613,0,0,0,0,3.132491,0
449,449,0.1,A,38.171489,-120.455961,6,20020924,20020924,6009.0,20020924,0,0,0,0,0.73409766,0
450,450,2.1,A,38.199669,-120.881269,6,20000602,20000602,6009.0,20000602,0,0,0,0,1.502071,0
451,451,2.0,B,38.301769,-120.732819,6,20011015,20011015,6009.0,20011015,0,0,0,0,0.98412263,0
452,452,1.0,B,38.027519,-120.51575,6,20041106,20041106,6009.0,20041106,0,0,0,0,3.3735557000000003,0
453,453,4.0,B,38.262597,-120.764167,6,20050818,20050818,6009.0,20050818,0,0,0,0,2.0421515,0
454,454,0.1,A,38.46611111,-120.14777778,6,20090816,20090816,6009.0,20090816,0,0,0,0,0.56824493,0
455,455,0.1,A,38.373881,-120.550319,6,20020603,20020603,6009.0,20020603,0,0,0,0,2.9375150000000003,0
456,456,0.1,A,38.156969,-120.491889,6,19981105,19981105,6009.0,19981105,0,0,0,0,3.6260457,0
457,457,0.5,B,38.47194444,-120.12694444,6,20070713,20070713,6009.0,20070713,0,0,0,0,3.0255237,0
458,458,0.1,A,38.12665,-120.806731,6,19980715,19980715,6009.0,19980715,0,0,0,0,2.0750902,0
459,459,0.1,A,37.923719,-120.624319,6,20031019,20031019,6009.0,20031019,0,0,0,0,0.84581333,0
460,460,0.1,A,38.155831,-120.565969,6,20010417,20010417,6009.0,20010417,0,0,0,0,1.3880926000000002,0
461,461,0.1,A,38.445,-120.08944444,6,20070713,20070714,6009.0,20070713,0,0,0,0,3.0255237,0
462,462,0.1,A,38.345689,-120.513731,6,20000428,20000428,6009.0,20000428,0,0,0,0,4.7094045,0
463,463,0.2,A,38.345689,-120.513731,6,20040409,20040409,6009.0,20040409,0,0,0,0,1.3780066,0
464,464,0.1,A,38.387981,-120.455781,6,20041121,20041121,6009.0,20041121,0,0,0,0,5.9802127,0
465,465,5.0,B,38.416661,-120.45685,6,20000331,20000331,6009.0,20000331,0,0,0,0,3.3626926,0
466,466,0.5,B,38.14215,-120.49435,6,20040404,20040404,6009.0,20040404,0,0,0,0,2.2800865000000003,0
467,467,0.1,A,38.171589,-120.4193,6,19990805,19990805,6009.0,19990805,0,0,0,0,3.5684949999999995,0
468,468,1.0,B,38.445939,-120.493781,6,20000331,20000331,6009.0,20000331,0,0,0,0,3.3626926,0
469,469,0.1,A,38.1574,-120.40085,6,20030622,20030622,6009.0,20030622,0,0,0,0,3.3738015,0
470,470,1.0,B,38.184469,-120.62055,6,20000813,20000813,6009.0,20000813,0,0,0,0,2.1417065,0
471,471,0.1,A,38.214811,-120.863139,6,19990424,19990424,6009.0,19990424,0,0,0,0,2.318901,0
472,472,7.0,B,38.202061,-120.723097,6,20051014,20051015,6009.0,20051014,0,0,0,0,0.88255584,0
473,473,1.5,B,37.922408,-120.609539,6,20071211,20071211,6009.0,20071211,0,0,0,0,4.9840193,0
474,474,1.0,B,38.069019,-120.567719,6,20010930,20010930,6009.0,20010930,0,0,0,0,2.1015437,0
475,475,0.3,B,38.228469,-120.5281,6,19990424,19990424,6009.0,19990424,0,0,0,0,2.318901,0
476,476,0.1,A,38.22444444,-120.37694444,6,20070701,20070701,6009.0,20070701,0,0,0,0,3.0161712000000005,0
477,477,0.1,A,38.316381,-120.527919,6,19980830,19980830,6009.0,19980830,0,0,0,0,1.2643579,0
478,478,1.0,B,38.069319,-120.530761,6,20031015,20031015,6009.0,20031015,0,0,0,0,1.1527885,0
479,479,0.2,A,38.296208,-120.413678,6,20050707,20050707,6009.0,20050707,0,0,0,0,3.5692322,0
480,480,0.1,A,38.400803,-120.505814,6,20070728,20070728,6009.0,20070728,0,0,0,0,2.980063,0
481,481,33.0,C,38.297358,-120.720414,6,20050831,20050831,6009.0,20050831,0,0,0,0,0.47000122,0
482,482,0.2,A,38.359989,-120.532039,6,20000410,20000410,6009.0,20000410,0,0,0,0,2.7060132,0
483,483,0.4,A,38.011739,-120.533981,6,19990806,19990806,6009.0,19990806,0,0,0,0,2.3531497000000003,0
484,484,0.5,B,38.128089,-120.421369,6,19990418,19990418,6009.0,19990418,0,0,0,0,1.472308,0
485,485,15.0,C,38.3319,-120.6711,6,20060703,20060703,6009.0,20060703,0,0,0,0,2.1333823,0
486,486,80.0,C,38.198869,-120.620669,6,20030630,20030702,6009.0,20030630,0,0,0,0,2.3305383,0
487,487,0.1,A,38.403189,-120.550219,6,19990421,19990421,6009.0,19990421,0,0,0,0,4.368485,0
488,488,0.5,B,38.142389,-120.457881,6,19990422,19990422,6009.0,19990422,0,0,0,0,4.3009143,0
489,489,1.0,B,38.098511,-120.676519,6,20010824,20010824,6009.0,20010824,0,0,0,0,2.7523150000000003,0
490,490,0.3,B,38.262567,-120.517319,6,20070520,20070520,6009.0,20070520,0,0,0,0,3.4271028,0
491,491,200.0,D,38.199881,-120.788031,6,19990826,19990827,6009.0,19990826,0,0,0,0,1.0296056,0
492,492,1.0,B,38.143361,-120.385669,6,19990422,19990422,6009.0,19990422,0,0,0,0,4.3009143,0
493,493,0.1,A,38.403181,-120.512931,6,20010825,20010825,6009.0,20010825,0,0,0,0,1.296186,0
494,494,0.1,A,38.185289,-120.787339,6,20000408,20000408,6009.0,20000408,0,0,0,0,2.5470214,0
495,495,4.0,B,38.316189,-120.509469,6,20000411,20000411,6009.0,20000411,0,0,0,0,0.9078541,0
496,496,90.0,C,38.359031,-120.402739,6,20000331,20000402,6009.0,20000331,0,0,0,0,3.3626926,0
497,497,0.1,A,38.1997,-120.713539,6,20000819,20000819,6009.0,20000819,0,0,0,0,2.2363603,0
498,498,0.1,A,38.200314,-120.880872,6,20070501,20070501,6009.0,20070501,0,0,0,0,3.080148,0
499,499,0.1,A,38.301719,-120.6961,6,20040702,20040702,6009.0,20040702,0,0,0,0,2.5882227,0
500,500,4.1,B,38.227619,-120.638681,6,19990508,19990508,6009.0,19990508,0,0,0,0,3.8796337,0
501,501,0.3,B,38.37305,-120.456781,6,19990829,19990829,6009.0,19990829,0,0,0,0,2.372453,0
502,502,0.1,A,38.258289,-120.75115,6,20020518,20020518,6009.0,20020518,0,0,0,0,2.3433597,0
503,503,0.1,A,38.297578,-120.704472,6,20051103,20051103,6009.0,20051103,0,0,0,0,1.504792,0
504,504,8.0,B,38.099111,-120.475569,6,19990804,19990804,6009.0,19990804,0,0,0,0,2.9954977,0
505,505,0.1,A,38.0988,-120.494169,6,20000623,20000623,6009.0,20000623,0,0,0,0,2.6908243,0
506,506,0.1,A,38.2146,-120.473731,6,20050422,20050422,6009.0,20050422,0,0,0,0,1.9436513,0
507,507,0.01,A,38.49055556,-120.08194444,6,20090531,20090601,6009.0,20090531,0,0,0,0,2.4212475,0
508,508,2.0,B,38.170389,-120.547231,6,20000711,20000711,6009.0,20000711,0,0,0,0,2.2699122000000003,0
509,509,0.1,A,38.050881,-120.531281,6,20050701,20050701,6009.0,20050701,0,0,0,0,2.2033677000000003,0
510,510,7.0,B,38.037681,-120.578536,6,20070727,20070727,6009.0,20070727,0,0,0,0,2.2510884,0
511,511,0.1,A,38.286869,-120.714081,6,20020813,20020813,6009.0,20020813,0,0,0,0,1.3953114,0
512,512,1.0,B,38.382322,-120.525203,6,20070925,20070925,6009.0,20070925,0,0,0,0,1.7582369999999998,0
513,513,0.3,B,38.167372,-120.414919,6,20070329,20070329,6009.0,20070329,0,0,0,0,2.019353,0
514,514,9.0,B,38.243419,-120.713361,6,20030422,20030422,6009.0,20030422,0,0,0,0,4.0053544,0
515,515,0.1,A,38.259897,-120.519111,6,20070520,20070520,6009.0,20070520,0,0,0,0,3.4271028,0
516,516,0.1,A,38.22855,-120.509539,6,20030207,20030207,6009.0,20030207,0,0,0,0,4.9439160000000015,0
517,517,0.1,A,38.027669,-120.4975,6,20030608,20030608,6009.0,20030608,0,0,0,0,3.4935629999999995,0
518,518,5.0,B,37.938231,-120.624211,6,20010610,20010610,6009.0,20010610,0,0,0,0,2.6661072,0
519,519,0.1,A,38.359989,-120.532039,6,20000323,20000323,6009.0,20000323,0,0,0,0,2.0570395,0
520,520,2.0,B,38.027722,-120.506897,6,20050701,20050701,6009.0,20050701,0,0,0,0,2.2033677000000003,0
521,521,0.1,A,38.301742,-120.679867,6,20051114,20051114,6009.0,20051114,0,0,0,0,2.6509151,0
522,522,1.0,B,38.271989,-120.509769,6,20040906,20040906,6009.0,20040906,0,0,0,0,0.7815999,0
523,523,15.0,C,38.2725,-120.4182,6,20000320,20000320,6009.0,20000320,0,0,0,0,5.3069057,0
524,524,0.1,A,38.273311,-120.547431,6,20010724,20010724,6009.0,20010724,0,0,0,0,2.854406,0
525,525,0.1,A,38.387475,-120.539175,6,20070715,20070715,6009.0,20070715,0,0,0,0,2.5821333,0
526,526,1.1,B,38.272569,-120.732539,6,20040908,20040908,6009.0,20040908,0,0,0,0,1.3606675,0
527,527,1.0,B,38.257731,-120.491019,6,20001119,20001119,6009.0,20001119,0,0,0,0,1.5617863,0
528,528,0.1,A,38.331089,-120.569489,6,20000813,20000813,6009.0,20000813,0,0,0,0,2.1417065,0
529,529,0.1,A,38.171531,-120.400661,6,20040805,20040805,6009.0,20040805,0,0,0,0,2.3356662,0
530,530,0.1,A,38.0995,-120.421269,6,19980929,19980929,6009.0,19980929,0,0,0,0,2.6359951,0
531,531,0.1,A,38.041861,-120.515969,6,20000817,20000817,6009.0,20000817,0,0,0,0,2.13712,0
532,532,0.1,A,38.142239,-120.476019,6,20031011,20031011,6009.0,20031011,0,0,0,0,1.0307713,0
533,533,0.1,A,38.214239,-120.447122,6,20060421,20060421,6009.0,20060421,0,0,0,0,0.40000916,0
534,534,1.0,B,38.333361,-120.521547,6,20070728,20070728,6009.0,20070728,0,0,0,0,2.980063,0
535,535,0.1,A,38.169761,-120.412239,6,20071009,20071009,6009.0,20071009,0,0,0,0,1.2844399,0
536,536,3.0,B,38.2108,-120.5694,6,20070515,20070515,6009.0,20070515,0,0,0,0,1.1778392,0
537,537,0.1,A,38.099111,-120.475569,6,20040601,20040601,6009.0,20040601,0,0,0,0,2.8936038,0
538,538,0.1,A,38.099581,-120.439289,6,19980929,19980929,6009.0,19980929,0,0,0,0,2.6359951,0
539,539,0.1,A,37.99615,-120.6046,6,19990825,19990825,6009.0,19990825,0,0,0,0,1.0767146,0
540,540,0.1,A,38.171531,-120.400661,6,20040407,20040407,6009.0,20040407,0,0,0,0,2.564446,0
541,541,0.1,A,38.337214,-120.517072,6,20070728,20070728,6009.0,20070728,0,0,0,0,2.980063,0
542,542,0.5,B,38.345689,-120.513731,6,20020819,20020819,6009.0,20020819,0,0,0,0,2.5406532000000004,0
543,543,0.1,A,38.345331,-120.587931,6,20010917,20010917,6009.0,20010917,0,0,0,0,0.9122012,0
544,544,3.0,B,38.345689,-120.513731,6,20041016,20041017,6009.0,20041016,0,0,0,0,1.6324847,0
545,545,0.1,A,38.069019,-120.567719,6,20010930,20010930,6009.0,20010930,0,0,0,0,2.1015437,0
546,546,0.1,A,38.46888889,-120.17583333,6,20090530,20090604,6009.0,20090530,0,0,0,0,3.0397967999999995,0
547,547,0.1,A,38.155869,-120.787531,6,19980921,19980921,6009.0,19980921,0,0,0,0,2.2429466,0
548,548,0.1,A,38.011831,-120.515569,6,20000706,20000706,6009.0,20000706,0,0,0,0,2.710643,0
549,549,0.5,B,38.2841,-120.5116,6,20060703,20060704,6009.0,20060703,0,0,0,0,2.1333823,0
