,FIRE_SIZE,FIRE_SIZE_CLASS,LATITUDE,LONGITUDE,STATE,START_DATE,END_DATE,FIPS,DATE,tmax,tmin,tavg,prcp,aws,fmc
9300,10.0,C,39.03695,-121.123203,6,20070121,20070121,6057.0,20070121,-1,-74,-46,0,0,76.25
9301,0.1,A,39.365289,-121.124769,6,20040828,20040828,6057.0,20040828,260,74,157,0,0,61.0
9302,0.2,A,39.12345,-121.075389,6,19980809,19980809,6057.0,19980809,232,64,152,0,0,99.75
9303,0.3,B,39.147061,-121.057775,6,20070714,20070714,6057.0,20070714,231,134,169,0,0,85.75
9304,2.0,B,39.235439,-121.009319,6,20021029,20021029,6057.0,20021029,100,-30,19,0,0,63.5
9305,0.1,A,39.30825,-120.973589,6,20021101,20021101,6057.0,20021101,107,-84,-10,0,0,63.5
9306,0.1,A,39.367661,-121.050089,6,20021129,20021129,6057.0,20021129,87,-12,20,0,0,75.0
9307,1.0,B,39.278214,-121.137864,6,20070121,20070121,6057.0,20070121,-1,-74,-46,0,0,76.25
9308,0.8,B,39.293161,-121.104269,6,20000722,20000722,6057.0,20000722,231,86,155,0,0,95.0
9309,0.3,B,39.108511,-121.094569,6,20000710,20000710,6057.0,20000710,219,88,138,0,0,95.0
9310,0.1,A,39.187211,-120.956119,6,20021031,20021031,6057.0,20021031,65,-85,-20,0,0,63.5
9311,0.1,A,39.34694444,-120.3625,6,20090530,20090530,6057.0,20090530,138,83,106,0,0,141.25
9312,3.0,B,39.234169,-121.065511,6,19980815,19980815,6057.0,19980815,237,127,165,0,0,99.75
9313,0.01,A,39.37972222,-120.15888889,6,20090409,20090409,6057.0,20090409,-4,-42,-30,51,0,104.75
9314,0.1,A,39.18505,-121.146061,6,20031023,20031023,6057.0,20031023,123,45,83,0,0,50.75
9315,0.01,A,39.38694444,-120.52583333,6,20090530,20090630,6057.0,20090530,138,83,106,0,0,141.25
9316,1.0,B,39.2365,-120.935119,6,20020708,20020708,6057.0,20020708,245,85,164,0,0,109.75
9317,0.1,A,39.166639,-121.074711,6,20040826,20040826,6057.0,20040826,181,70,113,0,0,61.0
9318,0.1,A,39.31861111,-120.53611111,6,20070715,20070715,6057.0,20070715,241,89,162,0,0,85.75
9319,15.0,C,39.336142,-121.104967,6,20070903,20070903,6057.0,20070903,220,114,162,0,0,67.25
9320,0.1,A,39.336319,-121.086589,6,20021030,20021030,6057.0,20021030,95,-36,16,0,0,63.5
9321,10.0,C,39.247531,-121.140431,6,20000714,20000714,6057.0,20000714,222,78,149,0,0,95.0
9322,0.1,A,39.36194444,-120.79388889,6,20080612,20080612,6057.0,20080612,152,37,93,0,0,123.0
9323,0.1,A,39.277311,-121.085269,6,20000713,20000713,6057.0,20000713,216,97,144,0,0,95.0
9324,0.2,A,39.275272,-121.044967,6,20050807,20050807,6057.0,20050807,259,117,186,0,0,85.5
9325,0.1,A,39.365719,-120.973589,6,19980818,19980818,6057.0,19980818,185,53,102,0,0,99.75
9326,0.1,A,39.3327,-121.178511,6,20000319,20000319,6057.0,20000319,50,-60,15,0,0,82.0
9327,0.1,A,39.276481,-121.141061,6,20021106,20021106,6057.0,20021106,86,12,33,0,0,65.75
9328,3.0,B,39.367269,-121.08775,6,19990424,19990425,6057.0,19990424,114,-23,41,0,0,121.75
9329,1.5,B,39.40333333,-120.89722222,6,20080621,20080621,6057.0,20080621,233,84,153,0,0,108.75
9330,1.0,B,39.215461,-120.936275,6,20070903,20070903,6057.0,20070903,220,114,162,0,0,67.25
9331,4.0,B,39.42555556,-120.15055556,6,20080615,20080616,6057.0,20080615,197,98,137,0,0,108.75
9332,0.05,A,39.35027778,-120.65222222,6,20060720,20060720,6057.0,20060720,274,113,189,0,0,95.5
9333,0.2,A,39.138019,-121.07455,6,19990423,19990423,6057.0,19990423,49,-64,-12,0,0,121.75
9334,0.1,A,39.185639,-121.093761,6,20021106,20021106,6057.0,20021106,86,12,33,0,0,65.75
9335,0.2,A,39.217986,-121.155567,6,20050806,20050806,6057.0,20050806,261,110,190,0,0,85.5
9336,3.0,B,39.187211,-120.956119,6,20021117,20021117,6057.0,20021117,119,-28,21,0,0,65.75
9337,0.1,A,39.365289,-121.124769,6,20000714,20000714,6057.0,20000714,222,78,149,0,0,95.0
9338,15.0,C,39.295669,-120.862469,6,20000401,20000401,6057.0,20000401,95,-27,31,0,0,74.25
9339,1.0,B,39.105039,-121.067397,6,20070715,20070715,6057.0,20070715,241,89,162,0,0,85.75
9340,0.5,B,39.21805,-121.158181,6,19980809,19980809,6057.0,19980809,232,64,152,0,0,99.75
9341,0.4,B,39.394611,-120.954031,6,20020709,20020709,6057.0,20020709,295,141,209,0,0,109.75
9342,5.0,B,39.263131,-121.066369,6,20021125,20021125,6057.0,20021125,-16,-91,-54,0,0,75.0
9343,0.1,A,39.250542,-121.005472,6,20050808,20050808,6057.0,20050808,259,122,179,0,0,85.5
9344,0.2,A,39.152311,-121.074131,6,19990424,19990424,6057.0,19990424,114,-23,41,0,0,121.75
9345,15.0,C,39.367489,-121.068781,6,20040828,20040828,6057.0,20040828,260,74,157,0,0,61.0
9346,0.5,B,39.236181,-120.972031,6,20000409,20000409,6057.0,20000409,87,-31,6,0,0,115.75
9347,35.0,C,39.367661,-121.050089,6,20040828,20040828,6057.0,20040828,260,74,157,0,0,61.0
9348,0.1,A,39.35388889,-120.805,6,20080614,20080614,6057.0,20080614,217,58,137,0,0,123.0
9349,0.1,A,39.289539,-121.197489,6,20040814,20040814,6057.0,20040814,249,124,179,0,0,62.25
9350,0.1,A,39.247531,-121.140431,6,19980818,19980818,6057.0,19980818,185,53,102,0,0,99.75
9351,0.5,B,39.263131,-121.066369,6,20000712,20000712,6057.0,20000712,221,70,151,0,0,95.0
9352,0.01,A,39.3925,-120.15027778,6,20090421,20090421,6057.0,20090421,193,34,98,0,0,104.75
9353,0.2,A,39.43027778,-120.01611111,6,20020712,20020716,6057.0,20020712,270,165,206,0,0,91.75
9354,0.1,A,39.205219,-121.064569,6,20021103,20021103,6057.0,20021103,77,-5,24,0,0,63.5
9355,0.1,A,39.231717,-121.109425,6,20070130,20070130,6057.0,20070130,53,-41,0,0,0,75.5
9356,0.3,B,39.236919,-120.898589,6,20000409,20000409,6057.0,20000409,87,-31,6,0,0,115.75
9357,0.2,A,39.35135,-120.973489,6,20000716,20000716,6057.0,20000716,186,91,140,0,0,95.0
9358,0.1,A,39.187319,-120.937369,6,19980810,19980810,6057.0,19980810,253,73,163,0,0,99.75
9359,0.3,B,39.232989,-121.1401,6,20031008,20031008,6057.0,20031008,182,83,114,0,0,50.0
9360,0.1,A,39.38583333,-120.23527778,6,20070712,20070713,6057.0,20070712,228,85,150,0,0,85.75
9361,0.1,A,39.264911,-120.972739,6,20020814,20020814,6057.0,20020814,280,155,207,0,0,74.0
9362,0.25,A,39.3525,-120.81416667,6,20080621,20080622,6057.0,20080621,233,84,153,0,0,108.75
9363,0.1,A,39.352869,-121.068319,6,20000615,20000615,6057.0,20000615,241,122,181,0,0,126.75
9364,1.0,B,39.230883,-121.156003,6,20050825,20050825,6057.0,20050825,236,107,150,0,0,75.5
9365,0.2,A,39.323889,-120.880611,6,20020905,20020905,6057.0,20020905,162,77,109,0,0,71.0
9366,15.0,C,39.109119,-121.075981,6,20000627,20000627,6057.0,20000627,241,95,175,0,0,109.25
9367,0.2,A,39.19915,-121.105628,6,20070126,20070126,6057.0,20070126,86,-41,6,0,0,75.5
9368,0.1,A,39.2507,-120.972281,6,20040503,20040503,6057.0,20040503,204,20,108,0,0,139.5
9369,0.1,A,39.123961,-121.056911,6,20020909,20020909,6057.0,20020909,179,48,108,0,0,71.0
9370,0.1,A,39.166139,-121.038769,6,20060927,20060927,6057.0,20060927,184,109,136,0,0,62.75
9371,3.0,B,39.34916667,-120.7825,6,20080621,20080622,6057.0,20080621,233,84,153,0,0,108.75
9372,0.1,A,39.1857,-121.074931,6,20000629,20000629,6057.0,20000629,251,111,184,0,0,109.25
9373,2.0,B,39.35055556,-120.76416667,6,20080621,20080622,6057.0,20080621,233,84,153,0,0,108.75
9374,0.5,B,39.156761,-121.051656,6,20070125,20070125,6057.0,20070125,78,12,35,0,0,75.5
9375,0.4,B,39.185889,-121.056469,6,20031010,20031010,6057.0,20031010,72,-42,15,0,0,50.0
9376,0.1,A,39.215906,-121.080553,6,20050904,20050904,6057.0,20050904,183,45,105,0,0,69.5
9377,0.1,A,39.351181,-120.992389,6,20000604,20000604,6057.0,20000604,180,88,127,0,0,155.25
9378,0.1,A,39.219461,-121.083719,6,20020911,20020911,6057.0,20020911,208,98,144,0,0,71.0
9379,1.0,B,39.195828,-120.915128,6,20050826,20050826,6057.0,20050826,225,105,146,0,0,75.5
9380,0.1,A,39.185639,-121.093761,6,20020815,20020815,6057.0,20020815,287,149,200,0,0,74.0
9381,2.0,B,39.137261,-121.111739,6,20020821,20020821,6057.0,20020821,188,27,107,0,0,74.0
9382,0.1,A,39.351531,-121.011761,6,20041226,20041226,6057.0,20041226,13,-36,-18,0,0,67.75
9383,0.1,A,39.222261,-120.8802,6,20020820,20020821,6057.0,20020820,162,35,94,0,0,74.0
9384,0.6,A,39.123189,-120.97705,6,20000620,20000620,6057.0,20000620,224,70,144,0,0,126.75
9385,0.5,B,39.31055556,-120.85416667,6,20080621,20080625,6057.0,20080621,233,84,153,0,0,108.75
9386,0.1,A,39.263131,-121.066369,6,20040504,20040504,6057.0,20040504,138,57,94,0,0,139.5
9387,0.1,A,39.098278,-121.149322,6,20050828,20050828,6057.0,20050828,242,75,154,0,0,75.5
9388,0.1,A,39.108511,-121.094569,6,20020814,20020814,6057.0,20020814,280,155,207,0,0,74.0
9389,1230.0,F,39.34944444,-120.77916667,6,20080621,20080623,6057.0,20080621,233,84,153,0,0,108.75
9390,0.1,A,39.349431,-121.124311,6,20040504,20040504,6057.0,20040504,138,57,94,0,0,139.5
9391,0.1,A,39.185331,-121.112219,6,20020818,20020818,6057.0,20020818,252,76,163,0,0,74.0
9392,2420.0,F,39.36,-120.69666667,6,20080621,20080623,6057.0,20080621,233,84,153,0,0,108.75
9393,0.1,A,39.123189,-120.97705,6,20000620,20000620,6057.0,20000620,224,70,144,0,0,126.75
9394,0.1,A,39.1776,-121.083383,6,20050901,20050901,6057.0,20050901,232,64,142,0,0,69.5
9395,0.1,A,39.337261,-120.954389,6,20020816,20020816,6057.0,20020816,268,142,188,0,0,74.0
9396,1.0,B,39.367661,-121.050089,6,20020828,20020828,6057.0,20020828,234,79,138,0,0,71.0
9397,12.0,C,39.27705,-121.1039,6,20020816,20020816,6057.0,20020816,268,142,188,0,0,74.0
9398,1.0,B,39.204225,-121.278892,6,20060922,20060922,6057.0,20060922,65,-27,23,0,0,62.75
9399,0.4,B,39.3526,-121.030939,6,20000709,20000709,6057.0,20000709,205,41,128,0,0,95.0
9400,0.1,A,39.367956,-121.039758,6,20070713,20070713,6057.0,20070713,240,121,163,0,0,85.75
9401,0.1,A,39.42138889,-120.3025,6,20070711,20070711,6057.0,20070711,221,102,156,0,0,85.75
9402,0.6,B,39.166481,-121.05635,6,20040502,20040502,6057.0,20040502,196,64,120,0,0,139.5
9403,2.5,B,39.38638889,-120.09305556,6,20080621,20080622,6057.0,20080621,233,84,153,0,0,108.75
9404,0.1,A,39.2188,-121.120919,6,20000524,20000524,6057.0,20000524,194,55,116,0,0,155.25
9405,0.1,A,39.369233,-121.108875,6,20050908,20050908,6057.0,20050908,179,51,110,0,0,69.5
9406,0.1,A,39.1663,-121.112389,6,20020927,20020927,6057.0,20020927,149,41,87,0,0,65.5
9407,0.1,A,39.186542,-121.039222,6,20050815,20050815,6057.0,20050815,208,100,136,25,0,75.5
9408,0.1,A,39.118589,-121.054661,6,20050909,20050909,6057.0,20050909,138,38,89,0,0,69.5
9409,0.1,A,39.152039,-121.056181,6,20021002,20021002,6057.0,20021002,114,-24,27,0,0,65.5
9410,0.5,B,39.109119,-121.075981,6,20020924,20020924,6057.0,20020924,240,69,144,0,0,65.5
9411,20.0,C,39.109119,-121.075981,6,20020725,20020726,6057.0,20020725,222,58,145,0,0,82.25
9412,0.3,B,39.2622,-121.122089,6,20040510,20040510,6057.0,20040510,41,-25,2,127,0,139.5
9413,0.1,A,39.099725,-120.994978,6,20071110,20071110,6057.0,20071110,78,-11,29,127,0,76.0
9414,0.1,A,39.37333333,-120.11888889,6,20070710,20070710,6057.0,20070710,277,101,172,0,0,85.75
9415,1.0,B,39.333969,-121.143219,6,20021015,20021015,6057.0,20021015,154,52,89,0,0,65.5
9416,0.1,A,39.336319,-121.086589,6,20000503,20000503,6057.0,20000503,130,-8,68,0,0,192.75
9417,0.1,A,39.277631,-121.066639,6,20020724,20020724,6057.0,20020724,153,32,75,0,0,82.25
9418,1.0,B,39.185781,-121.038311,6,20000706,20000706,6057.0,20000706,154,23,81,0,0,95.0
9419,0.1,A,39.367661,-121.050089,6,20040501,20040501,6057.0,20040501,168,48,98,0,0,139.5
9420,0.1,A,39.12345,-121.075389,6,20021005,20021005,6057.0,20021005,133,24,69,0,0,65.5
9421,0.1,A,39.320069,-121.124319,6,20020913,20020913,6057.0,20020913,229,112,160,0,0,71.25
9422,0.1,A,39.108511,-121.094569,6,20020727,20020727,6057.0,20020727,254,105,181,0,0,82.25
9423,0.3,B,39.248981,-121.047319,6,20000704,20000704,6057.0,20000704,166,19,83,0,0,109.25
9424,0.2,A,39.276811,-121.122461,6,20000630,20000630,6057.0,20000630,219,83,154,0,0,109.25
9425,0.1,A,39.2156,-121.269011,6,20020807,20020807,6057.0,20020807,204,36,120,0,0,74.0
9426,0.1,A,39.204961,-121.083189,6,20000530,20000530,6057.0,20000530,102,9,56,0,0,155.25
9427,0.1,A,39.291575,-120.985414,6,20060922,20060922,6057.0,20060922,65,-27,23,0,0,62.75
9428,0.1,A,39.44694444,-120.29222222,6,20070711,20070711,6057.0,20070711,221,102,156,0,0,85.75
9429,0.1,A,39.235881,-120.990611,6,20000530,20000530,6057.0,20000530,102,9,56,0,0,155.25
9430,0.1,A,39.120722,-121.061508,6,20050905,20050905,6057.0,20050905,181,68,114,0,0,69.5
9431,0.4,B,39.292931,-121.06725,6,19990425,19990425,6057.0,19990425,126,-17,50,0,0,121.75
9432,1.0,B,39.306039,-121.124331,6,20000630,20000630,6057.0,20000630,219,83,154,0,0,109.25
9433,0.8,B,39.205219,-121.064569,6,20000702,20000702,6057.0,20000702,167,57,110,0,0,109.25
9434,0.1,A,39.35972222,-120.87861111,6,20080621,20080621,6057.0,20080621,233,84,153,0,0,108.75
9435,0.1,A,39.18735,-120.918819,6,20020919,20020919,6057.0,20020919,187,59,118,0,0,71.25
9436,0.1,A,39.34722222,-120.58694444,6,20090528,20090529,6057.0,20090528,225,60,112,0,0,141.25
9437,0.2,A,39.1663,-121.112389,6,20020921,20020921,6057.0,20020921,227,104,155,0,0,71.25
9438,0.1,A,39.187211,-120.956119,6,20020731,20020731,6057.0,20020731,252,107,177,0,0,82.25
9439,0.1,A,39.1857,-121.074931,6,20000702,20000702,6057.0,20000702,167,57,110,0,0,109.25
9440,1.0,B,39.230081,-121.268939,6,20000526,20000526,6057.0,20000526,152,24,79,0,0,155.25
9441,120.0,D,39.43222222,-120.03027778,6,20040507,20040508,6057.0,20040507,84,2,36,0,0,139.5
9442,0.3,B,39.20095,-121.2689,6,19990507,19990507,6057.0,19990507,102,-15,45,25,0,121.75
9443,0.2,A,39.080236,-121.131286,6,20070219,20070219,6057.0,20070219,56,-57,-13,0,0,81.25
9444,0.1,A,39.204689,-121.101839,6,20000726,20000726,6057.0,20000726,231,90,150,0,0,86.0
9445,0.1,A,39.222769,-120.8411,6,20011005,20011005,6057.0,20011005,204,53,111,0,0,59.25
9446,1.0,B,39.2156,-121.269011,6,20011004,20011004,6057.0,20011004,220,57,130,0,0,59.25
9447,0.1,A,39.185889,-121.056469,6,20011001,20011001,6057.0,20011001,240,79,149,0,0,59.25
9448,2.0,B,39.258397,-120.786242,6,20060511,20060511,6057.0,20060511,172,23,92,0,0,182.5
9449,0.4,B,39.109119,-121.057081,6,20040729,20040729,6057.0,20040729,223,99,150,0,0,68.0
9450,0.1,A,39.233319,-121.121431,6,20010930,20010930,6057.0,20010930,264,70,153,0,0,59.25
9451,0.1,A,39.35166667,-120.2175,6,20060626,20060626,6057.0,20060626,280,103,174,0,0,95.5
9452,5.0,B,39.230081,-121.268939,6,20010702,20010702,6057.0,20010702,271,143,201,0,0,98.75
9453,0.1,A,39.166481,-121.05635,6,20040627,20040627,6057.0,20040627,225,83,134,0,0,82.25
9454,0.1,A,39.038014,-121.131036,6,20070404,20070404,6057.0,20070404,133,-2,60,0,0,78.75
9455,0.2,A,39.166139,-121.038769,6,20010924,20010924,6057.0,20010924,205,67,134,0,0,59.25
9456,0.5,B,39.28527778,-120.82527778,6,20070405,20070405,6057.0,20070405,165,8,74,0,0,78.75
9457,0.1,A,39.255572,-121.091222,6,20060514,20060514,6057.0,20060514,182,80,127,0,0,182.5
9458,3.0,B,39.222769,-120.8411,6,20011005,20011005,6057.0,20011005,204,53,111,0,0,59.25
9459,0.1,A,39.3818,-121.050269,6,20010704,20010704,6057.0,20010704,245,125,184,0,0,8.0
9460,0.1,A,39.123961,-121.056911,6,20010922,20010922,6057.0,20010922,249,73,154,0,0,59.25
9461,0.1,A,39.235439,-121.009319,6,20010705,20010705,6057.0,20010705,243,123,164,0,0,8.0
9462,0.2,A,39.36861111,-120.05166667,6,20060517,20060517,6057.0,20060517,237,42,117,0,0,182.5
9463,0.1,A,39.38638889,-120.15194444,6,20070526,20070526,6057.0,20070526,196,31,114,0,0,114.0
9464,0.1,A,39.367661,-121.050089,6,20010913,20010913,6057.0,20010913,176,52,100,0,0,57.5
9465,0.1,A,39.40083333,-120.18388889,6,20060624,20060624,6057.0,20060624,286,105,181,0,0,138.0
9466,0.1,A,39.44083333,-120.43944444,6,20080902,20080902,6057.0,20080902,207,50,130,0,0,63.0
9467,0.1,A,39.21805,-121.158181,6,19980620,19980620,6057.0,19980620,172,59,104,0,0,165.0
9468,0.1,A,39.152039,-121.056181,6,20010708,20010708,6057.0,20010708,242,75,161,0,0,122.333
9469,0.1,A,39.324539,-120.8623,6,20040725,20040725,6057.0,20040725,257,135,177,0,0,68.0
9470,0.2,A,39.175989,-121.063725,6,20060519,20060519,6057.0,20060519,143,26,74,76,0,182.5
9471,1.0,B,39.09435,-121.130119,6,20010906,20010906,6057.0,20010906,186,30,100,0,0,57.5
9472,3.0,B,39.290269,-121.179361,6,20040727,20040727,6057.0,20040727,254,78,166,0,0,68.0
9473,0.3,B,39.234969,-121.028089,6,20010701,20010701,6057.0,20010701,245,68,165,0,0,98.75
9474,1.0,B,39.369361,-121.103631,6,20060509,20060510,6057.0,20060509,122,22,68,0,0,147.0
9475,0.25,A,39.28472222,-120.86666667,6,20080907,20080907,6057.0,20080907,219,128,162,0,0,63.0
9476,0.3,B,39.218411,-121.139589,6,20010605,20010605,6057.0,20010605,132,28,63,0,0,136.5
9477,0.5,B,39.2156,-121.269011,6,19980706,19980706,6057.0,19980706,228,67,140,0,0,160.0
9478,0.2,A,39.123961,-121.056911,6,20010606,20010606,6057.0,20010606,198,28,109,0,0,136.5
9479,0.1,A,39.208031,-120.934639,6,20031016,20031016,6057.0,20031016,159,42,92,0,0,50.0
9480,0.1,A,39.20095,-121.2689,6,20010611,20010611,6057.0,20010611,163,32,84,0,0,98.75
9481,0.25,A,39.42361111,-120.80527778,6,20090807,20090807,6057.0,20090807,128,31,79,0,0,90.25
9482,1.0,B,39.232989,-121.1401,6,20010613,20010613,6057.0,20010613,121,-27,47,0,0,98.75
9483,2.5,B,39.46416667,-120.66777778,6,20080915,20080918,6057.0,20080915,225,132,165,0,0,61.25
9484,0.1,A,39.222389,-120.916811,6,20010616,20010616,6057.0,20010616,232,51,149,0,0,98.75
9485,0.25,A,39.32055556,-120.59055556,6,20080713,20080713,6057.0,20080713,241,137,174,0,0,97.0
9486,2.0,B,39.2935,-121.015272,6,20070804,20070804,6057.0,20070804,217,106,152,0,0,75.25
9487,0.2,A,39.2636,-121.029019,6,20010618,20010618,6057.0,20010618,215,49,140,0,0,98.75
9488,0.1,A,39.2484,-121.084561,6,20011127,20011127,6057.0,20011127,-53,-139,-96,25,0,74.0
9489,7.0,B,39.064289,-121.2198,6,20010621,20010621,6057.0,20010621,271,136,190,0,0,98.75
9490,0.3,B,39.130281,-121.098872,6,20060427,20060427,6057.0,20060427,123,42,82,51,0,81.0
9491,2.1,B,39.233319,-121.121431,6,20011110,20011110,6057.0,20011110,74,-2,30,0,0,71.0
9492,0.01,A,39.3525,-120.43055556,6,20080714,20080714,6057.0,20080714,235,122,170,0,0,97.0
9493,0.5,B,39.21805,-121.158181,6,20011101,20011101,6057.0,20011101,97,9,45,0,0,56.0
9494,0.2,A,39.204419,-121.120381,6,20010621,20010621,6057.0,20010621,271,136,190,0,0,98.75
9495,0.1,A,39.385769,-121.051878,6,20070821,20070821,6057.0,20070821,244,84,162,0,0,67.0
9496,0.1,A,39.2484,-121.084561,6,20010623,20010623,6057.0,20010623,214,78,149,0,0,98.75
9497,0.1,A,39.45972222,-120.615,6,20080717,20080718,6057.0,20080717,233,63,148,0,0,74.5
9498,0.3,B,39.199497,-121.056428,6,20060502,20060502,6057.0,20060502,167,6,77,0,0,147.0
9499,0.2,A,39.263231,-121.047661,6,20010624,20010624,6057.0,20010624,152,62,97,0,0,98.75
9500,0.1,A,39.330986,-120.920303,6,20070820,20070820,6057.0,20070820,222,75,148,0,0,67.0
9501,0.2,A,39.36916667,-120.45166667,6,20060626,20060627,6057.0,20060626,280,103,174,0,0,95.5
9502,2.0,B,39.189392,-120.933717,6,20070806,20070806,6057.0,20070806,166,71,104,0,0,75.25
9503,0.1,A,39.236308,-120.979378,6,20070817,20070817,6057.0,20070817,224,63,137,0,0,67.0
9504,0.1,A,39.166481,-121.05635,6,20010710,20010710,6057.0,20010710,220,99,158,0,0,122.333
9505,0.1,A,39.147003,-120.952664,6,20070419,20070419,6057.0,20070419,-20,-91,-59,51,0,104.25
9506,3.0,B,39.203861,-121.139011,6,20010905,20010905,6057.0,20010905,174,55,111,0,0,57.5
9507,1.2,B,39.2636,-121.029019,6,20010727,20010727,6057.0,20010727,255,82,170,0,0,67.0
9508,0.1,A,39.301664,-121.009325,6,20060602,20060602,6057.0,20060602,156,39,98,0,0,142.0
9509,4.0,B,39.3666,-121.106569,6,20010814,20010814,6057.0,20010814,256,95,169,0,0,68.5
9510,0.1,A,39.152311,-121.074131,6,20010813,20010813,6057.0,20010813,241,121,168,0,0,68.5
9511,0.1,A,39.30825,-120.973589,6,20040706,20040706,6057.0,20040706,269,124,186,0,0,82.25
9512,0.1,A,39.170003,-121.034328,6,20060603,20060603,6057.0,20060603,169,58,113,0,0,142.0
9513,1.0,B,39.330986,-120.920303,6,20070812,20070812,6057.0,20070812,214,73,140,0,0,67.0
9514,0.1,A,39.264839,-120.991569,6,20040708,20040708,6057.0,20040708,202,71,141,25,0,82.25
9515,0.5,B,39.204689,-121.101839,6,20010801,20010801,6057.0,20010801,230,65,147,0,0,67.0
9516,0.5,B,39.247811,-121.121711,6,20010810,20010810,6057.0,20010810,255,124,172,0,0,68.5
9517,0.1,A,39.237056,-121.154397,6,20060604,20060604,6057.0,20060604,167,44,103,0,0,142.0
9518,0.5,B,39.367269,-121.08775,6,20040710,20040710,6057.0,20040710,181,68,112,0,0,82.25
9519,0.1,A,39.12345,-121.075389,6,20040711,20040711,6057.0,20040711,217,57,140,0,0,82.25
9520,0.1,A,39.316578,-121.030669,6,20060605,20060605,6057.0,20060605,209,34,121,0,0,142.0
9521,0.3,B,39.187319,-120.937369,6,19980320,19980320,6057.0,19980320,105,-14,35,0,0,79.0
9522,0.1,A,39.366511,-121.011819,6,20040719,20040719,6057.0,20040719,219,94,156,0,0,68.0
9523,0.1,A,39.119789,-121.049675,6,20060606,20060606,6057.0,20060606,216,48,126,0,0,142.0
9524,0.1,A,39.123961,-121.056911,6,19980314,19980314,6057.0,19980314,123,-15,37,25,0,79.0
9525,0.1,A,39.337961,-121.06765,6,19980311,19980311,6057.0,19980311,117,-26,30,0,0,79.0
9526,0.25,A,39.36833333,-120.16083333,6,20070512,20070512,6057.0,20070512,113,35,68,0,0,111.75
9527,0.25,A,39.39,-120.14805556,6,20070513,20070513,6057.0,20070513,120,7,69,0,0,111.75
9528,1.0,B,39.30825,-120.973589,6,20010806,20010806,6057.0,20010806,265,145,191,0,0,68.5
9529,1.0,B,39.338547,-121.058433,6,20070516,20070516,6057.0,20070516,189,27,104,0,0,111.75
9530,0.2,A,39.219681,-121.065081,6,19990402,19990402,6057.0,19990402,-3,-116,-74,0,0,80.0
9531,0.1,A,39.205219,-121.064569,6,20040716,20040716,6057.0,20040716,236,81,164,25,0,68.0
9532,0.5,B,39.278681,-121.010639,6,20010808,20010808,6057.0,20010808,282,137,208,0,0,68.5
9533,0.1,A,39.2928,-121.029631,6,20031021,20031021,6057.0,20031021,211,108,136,0,0,50.0
9534,0.1,A,39.1375,-121.093231,6,20010808,20010808,6057.0,20010808,282,137,208,0,0,68.5
9535,0.3,B,39.278089,-121.029411,6,20040706,20040706,6057.0,20040706,269,124,186,0,0,82.25
9536,0.1,A,39.41861111,-120.48416667,6,20080918,20080918,6057.0,20080918,178,88,118,0,0,61.25
9537,0.1,A,39.36916667,-120.18555556,6,20070506,20070506,6057.0,20070506,134,22,77,102,0,117.25
9538,0.1,A,39.261675,-120.985103,6,20060531,20060531,6057.0,20060531,159,66,107,0,0,142.0
9539,2.0,B,39.320069,-121.124319,6,20040702,20040702,6057.0,20040702,190,79,114,0,0,82.25
9540,0.2,A,39.18515,-121.129111,6,20010902,20010902,6057.0,20010902,223,103,144,0,0,57.5
9541,0.4,B,39.40444444,-120.63111111,6,20080820,20080821,6057.0,20080820,213,96,135,0,0,69.25
9542,1.0,B,39.38388889,-120.15083333,6,20060619,20060619,6057.0,20060619,169,81,123,0,0,138.0
9543,1.1,A,39.46166667,-120.63166667,6,20060618,20060618,6057.0,20060618,170,95,126,0,0,138.0
9544,2.0,B,39.207778,-121.136944,6,20070810,20070810,6057.0,20070810,215,89,138,0,0,67.0
9545,0.1,A,39.39944444,-120.61527778,6,20080730,20080730,6057.0,20080730,226,63,143,0,0,69.0
9546,0.2,A,39.274967,-121.021486,6,20070522,20070522,6057.0,20070522,137,20,69,0,0,111.75
9547,2.0,B,39.186439,-120.873261,6,20040704,20040704,6057.0,20040704,228,94,149,0,0,82.25
9548,0.1,A,39.278089,-121.029411,6,20010717,20010717,6057.0,20010717,160,51,106,0,0,122.333
9549,1.0,B,39.0547,-121.110167,6,20060616,20060616,6057.0,20060616,226,56,138,0,0,138.0
9550,0.1,A,39.164064,-121.043836,6,20070429,20070429,6057.0,20070429,157,22,93,0,0,104.25
9551,0.2,A,39.3074,-121.0299,6,20010720,20010720,6057.0,20010720,171,67,103,0,0,67.0
9552,0.1,A,39.2791,-120.973131,6,20010722,20010722,6057.0,20010722,218,64,129,0,0,67.0
9553,0.1,A,39.35944444,-120.63777778,6,20080802,20080802,6057.0,20080802,226,124,158,0,0,69.0
9554,0.1,A,39.158322,-121.051514,6,20070430,20070430,6057.0,20070430,136,44,85,0,0,117.25
9555,0.1,A,39.051081,-121.112639,6,20010723,20010723,6057.0,20010723,220,91,149,0,0,67.0
9556,0.1,A,39.264839,-120.991569,6,19980520,19980520,6057.0,19980520,73,-22,19,0,0,195.5
9557,0.1,A,39.38105,-121.011219,6,20010724,20010724,6057.0,20010724,270,110,185,0,0,67.0
9558,7.0,B,39.47166667,-120.57416667,6,20080803,20080805,6057.0,20080803,214,120,155,0,0,69.0
9559,0.3,B,39.222389,-120.916811,6,20010820,20010820,6057.0,20010820,206,84,138,0,0,68.5
9560,3.0,B,39.49638889,-120.78388889,6,20070521,20070522,6057.0,20070521,145,11,75,0,0,111.75
9561,3.5,B,39.3666,-121.106569,6,20010724,20010725,6057.0,20010724,270,110,185,0,0,67.0
9562,1.0,B,39.394611,-120.954031,6,19980501,19980501,6057.0,19980501,112,5,40,25,0,125.75
9563,1.0,B,39.253708,-121.11715,6,20060614,20060614,6057.0,20060614,115,-1,63,0,0,142.0
9564,0.1,A,39.278919,-120.9917,6,20010602,20010602,6057.0,20010602,135,7,66,0,0,136.5
9565,0.1,A,39.219681,-121.065081,6,20010601,20010601,6057.0,20010601,166,54,116,0,0,136.5
9566,1.0,B,39.258494,-121.045342,6,20060226,20060226,6057.0,20060226,88,-15,29,76,0,73.0
9567,0.1,A,38.21666667,-120.12666667,6,20051014,20051014,6057.0,20051014,139,36,97,0,0,63.0
9568,0.1,A,39.380089,-120.991789,6,20020611,20020611,6057.0,20020611,197,43,119,0,0,127.25
9569,1.0,B,39.367561,-121.031181,6,20020609,20020609,6057.0,20020609,74,-66,3,0,0,127.25
9570,0.1,A,39.274542,-121.015836,6,20060710,20060710,6057.0,20060710,205,126,154,0,0,95.5
9571,0.2,A,39.26185,-121.1408,6,20020608,20020608,6057.0,20020608,114,-50,40,0,0,127.25
9572,0.1,A,39.166931,-120.956819,6,20000819,20000819,6057.0,20000819,195,45,120,0,0,70.25
9573,0.1,A,39.367489,-121.068781,6,20020608,20020608,6057.0,20020608,114,-50,40,0,0,127.25
9574,0.3,B,39.233319,-121.121431,6,20000820,20000820,6057.0,20000820,199,73,123,0,0,70.25
9575,0.1,A,39.27305,-121.010825,6,20051023,20051023,6057.0,20051023,175,21,85,0,0,63.0
9576,0.2,A,39.108511,-121.094569,6,20000822,20000822,6057.0,20000822,230,99,150,0,0,68.25
9577,0.5,B,39.248061,-121.103211,6,20000825,20000826,6057.0,20000825,234,115,153,0,0,68.25
9578,3.5,B,39.36666667,-120.76277778,6,20071102,20071103,6057.0,20071102,86,13,46,0,0,76.0
9579,0.6,A,39.248061,-121.103211,6,20000825,20000825,6057.0,20000825,234,115,153,0,0,68.25
9580,0.2,A,39.29555556,-120.91916667,6,20090924,20090924,6057.0,20090924,258,92,162,0,0,63.75
9581,0.1,A,39.34388889,-120.51222222,6,20081116,20081117,6057.0,20081116,161,88,111,0,0,123.25
9582,0.1,A,39.277631,-121.066639,6,20000826,20000826,6057.0,20000826,212,105,144,0,0,68.25
9583,0.1,A,39.230203,-121.135944,6,20060709,20060709,6057.0,20060709,244,91,166,0,0,95.5
9584,0.1,A,39.354361,-121.063761,6,20070829,20070829,6057.0,20070829,221,120,170,0,0,67.25
9585,0.4,A,39.1857,-121.074931,6,20020603,20020603,6057.0,20020603,162,39,94,0,0,155.75
9586,5.0,B,39.054036,-121.228647,6,20071015,20071015,6057.0,20071015,63,2,34,0,0,74.5
9587,0.5,B,39.171625,-120.953842,6,20070219,20070219,6057.0,20070219,56,-57,-13,0,0,81.25
9588,0.1,A,39.277631,-121.066639,6,20000105,20000105,6057.0,20000105,-15,-105,-70,0,0,73.75
9589,0.1,A,39.292931,-121.06725,6,19990422,19990422,6057.0,19990422,10,-71,-45,25,0,121.75
9590,0.1,A,39.152311,-121.074131,6,20000827,20000827,6057.0,20000827,228,109,151,0,0,68.25
9591,0.1,A,39.41833333,-120.57333333,6,20071102,20071103,6057.0,20071102,86,13,46,0,0,76.0
9592,0.1,A,39.42027778,-120.33583333,6,20070531,20070531,6057.0,20070531,199,91,133,0,0,114.0
9593,0.1,A,39.269778,-120.991981,6,20060712,20060712,6057.0,20060712,195,69,136,0,0,95.5
9594,0.3,B,39.42583333,-120.09361111,6,20090925,20090926,6057.0,20090925,227,147,177,0,0,63.75
9595,0.1,A,39.2636,-121.029019,6,20040604,20040604,6057.0,20040604,224,49,138,0,0,106.5
9596,0.2,A,39.385,-120.00361111,6,20070531,20070531,6057.0,20070531,199,91,133,0,0,114.0
9597,2.0,B,39.3825,-120.68888889,6,20080622,20080622,6057.0,20080622,207,66,137,0,0,108.75
9598,0.25,A,39.22111111,-120.86861111,6,20090405,20090405,6057.0,20090405,89,-34,27,0,0,81.5
9599,3.0,B,39.285,-120.85111111,6,20070205,20070205,6057.0,20070205,122,44,81,0,0,75.5
9600,0.6,B,39.42305556,-120.99277778,6,20090330,20090330,6057.0,20090330,94,-57,6,0,0,81.5
9601,0.1,A,39.40055556,-120.1825,6,20090329,20090329,6057.0,20090329,11,-87,-32,0,0,81.5
9602,0.1,A,39.233319,-121.121431,6,20040523,20040523,6057.0,20040523,115,3,57,0,0,121.5
9603,6.0,B,39.3825,-120.76388889,6,20080622,20080622,6057.0,20080622,207,66,137,0,0,108.75
9604,0.1,A,39.079,-121.22015,6,20020628,20020628,6057.0,20020628,225,92,145,0,0,109.75
9605,0.25,A,39.40694444,-120.12472222,6,20070716,20070716,6057.0,20070716,221,110,158,0,0,85.75
9606,0.1,A,39.2014,-120.8681,6,20050928,20050928,6057.0,20050928,140,62,99,0,0,69.25
9607,3.25,B,39.26138889,-120.89055556,6,20080622,20080629,6057.0,20080622,207,66,137,0,0,108.75
9608,0.1,A,39.38027778,-120.1325,6,20090327,20090327,6057.0,20090327,71,-21,24,0,0,81.5
9609,0.1,A,39.166481,-121.05635,6,20000802,20000802,6057.0,20000802,276,130,200,0,0,86.0
9610,0.8,B,39.108811,-120.996311,6,20040526,20040526,6057.0,20040526,154,29,83,0,0,106.5
9611,0.1,A,39.4375,-120.00833333,6,20000803,20000803,6057.0,20000803,259,128,171,0,0,86.0
9612,20.0,C,39.06405,-121.201431,6,20020621,20020621,6057.0,20020621,182,60,111,0,0,109.75
9613,0.3,B,39.051081,-121.112639,6,20020618,20020618,6057.0,20020618,178,75,122,0,0,127.25
9614,0.1,A,39.264419,-121.010281,6,20040601,20040601,6057.0,20040601,200,42,124,0,0,106.5
9615,0.1,A,39.166114,-121.058025,6,20051006,20051006,6057.0,20051006,169,48,106,0,0,69.25
9616,0.1,A,39.219461,-121.083719,6,19980802,19980802,6057.0,19980802,266,76,172,0,0,111.5
9617,0.1,A,39.042608,-121.099108,6,20051006,20051006,6057.0,20051006,169,48,106,0,0,69.25
9618,1.5,B,39.4175,-120.10361111,6,20080625,20080625,6057.0,20080625,214,64,137,0,0,97.0
9619,0.1,A,39.233939,-121.08415,6,20020615,20020615,6057.0,20020615,223,29,131,0,0,127.25
9620,8.0,B,39.199503,-121.279611,6,20051009,20051009,6057.0,20051009,95,13,44,0,0,69.25
9621,0.1,A,39.367561,-121.031181,6,20040603,20040603,6057.0,20040603,205,56,132,0,0,106.5
9622,0.1,A,38.3144,-121.0025,6,20051011,20051011,6057.0,20051011,127,53,84,51,0,63.0
9623,0.1,A,39.166481,-121.05635,6,20000811,20000811,6057.0,20000811,240,78,143,0,0,70.25
9624,0.1,A,39.12345,-121.075389,6,20040603,20040603,6057.0,20040603,205,56,132,0,0,106.5
9625,0.3,B,39.262861,-121.085089,6,20020612,20020612,6057.0,20020612,220,53,142,0,0,127.25
9626,0.1,A,39.187319,-120.937369,6,20000725,20000725,6057.0,20000725,266,118,175,0,0,86.0
9627,2.0,B,39.260294,-121.243825,6,20060708,20060708,6057.0,20060708,220,115,158,0,0,95.5
9628,0.1,A,39.27705,-121.1039,6,20000906,20000906,6057.0,20000906,107,-12,48,0,0,68.25
9629,0.1,A,39.33166667,-120.53111111,6,20080930,20080930,6057.0,20080930,209,73,132,0,0,60.5
9630,1.0,B,39.367489,-121.068781,6,20020407,20020407,6057.0,20020407,144,-19,45,0,0,69.75
9631,0.1,A,39.204419,-121.120381,6,19980717,19980717,6057.0,19980717,286,105,197,0,0,132.5
9632,1.0,B,39.380219,-120.973039,6,20020407,20020407,6057.0,20020407,144,-19,45,0,0,69.75
9633,2.0,B,39.187211,-120.956119,6,20041205,20041205,6057.0,20041205,40,-120,-52,0,0,67.75
9634,1.0,B,39.204419,-121.120381,6,20010413,20010413,6057.0,20010413,46,-51,-12,0,0,142.333
9635,0.1,A,39.264839,-120.991569,6,20010414,20010414,6057.0,20010414,65,-76,-14,0,0,142.333
9636,0.1,A,39.18735,-120.918819,6,20010427,20010427,6057.0,20010427,132,-13,59,0,0,179.25
9637,2.0,B,39.093981,-121.146039,6,19980716,19980716,6057.0,19980716,289,146,207,0,0,132.5
9638,0.5,A,39.38111111,-120.22388889,6,20080928,20080928,6057.0,20080928,237,79,149,0,0,61.25
9639,0.5,B,39.247161,-121.159131,6,20020331,20020331,6057.0,20020331,185,-30,62,0,0,69.75
9640,0.3,B,39.220108,-121.078981,6,20060629,20060630,6057.0,20060629,185,105,135,25,0,95.5
9641,0.2,A,39.39805556,-120.57694444,6,20080927,20080927,6057.0,20080927,193,97,135,0,0,61.25
9642,0.1,A,39.4525,-120.09388889,6,20080925,20080925,6057.0,20080925,170,92,119,0,0,61.25
9643,0.1,A,39.1857,-121.074931,6,20010518,20010519,6057.0,20010518,156,38,97,0,0,172.75
9644,0.2,A,39.249339,-121.028481,6,19980715,19980715,6057.0,19980715,253,116,173,0,0,132.5
9645,1.0,B,39.2586,-120.9714,6,20070826,20070826,6057.0,20070826,215,125,157,0,0,67.0
9646,0.3,B,39.117744,-120.994158,6,20070731,20070731,6057.0,20070731,261,145,188,0,0,75.25
9647,0.1,A,39.09435,-121.130119,6,20041203,20041203,6057.0,20041203,61,-110,-45,0,0,68.0
9648,4.0,B,39.178347,-121.066103,6,20060214,20060214,6057.0,20060214,74,-34,9,0,0,73.0
9649,0.1,A,39.233319,-121.121431,6,20040620,20040620,6057.0,20040620,206,76,133,0,0,87.25
9650,0.1,A,39.263131,-121.066369,6,20020228,20020228,6057.0,20020228,75,-133,-11,0,0,74.25
9651,0.1,A,39.23455,-121.046911,6,20031015,20031015,6057.0,20031015,131,50,74,0,0,50.0
9652,0.1,A,39.152311,-121.074131,6,20040622,20040622,6057.0,20040622,219,111,153,0,0,87.25
9653,0.2,A,39.249881,-121.01,6,19980708,19980708,6057.0,19980708,229,65,151,0,0,132.5
9654,0.3,B,39.309461,-120.8811,6,20010528,20010528,6057.0,20010528,167,19,97,0,0,136.5
9655,0.5,B,39.253672,-121.1182,6,20060225,20060225,6057.0,20060225,78,-5,25,0,0,73.0
9656,0.5,B,39.263075,-121.065944,6,20060226,20060226,6057.0,20060226,88,-15,29,76,0,73.0
9657,0.2,A,39.334839,-121.105539,6,20010328,20010328,6057.0,20010328,124,2,43,0,0,72.25
9658,0.1,A,39.222389,-120.916811,6,20020527,20020527,6057.0,20020527,139,27,82,0,0,155.75
9659,0.1,A,39.280719,-120.843861,6,20020413,20020413,6057.0,20020413,180,52,102,0,0,183.75
9660,0.1,A,39.46416667,-120.615,6,20070827,20070827,6057.0,20070827,227,113,157,0,0,67.0
9661,0.1,A,39.262861,-121.085089,6,20020524,20020524,6057.0,20020524,153,10,73,0,0,155.75
9662,0.5,B,39.219461,-121.083719,6,20000909,20000909,6057.0,20000909,185,82,118,0,0,73.25
9663,1.0,B,39.203861,-121.139011,6,20020516,20020516,6057.0,20020516,179,6,85,0,0,151.25
9664,0.1,A,39.203861,-121.139011,6,20000913,20000913,6057.0,20000913,213,128,161,0,0,73.25
9665,0.3,B,39.049781,-121.219511,6,20020513,20020513,6057.0,20020513,136,4,70,0,0,192.75
9666,5.0,B,39.2761,-121.159861,6,20000917,20000917,6057.0,20000917,197,73,125,0,0,73.25
9667,0.5,B,39.34611111,-120.6525,6,20070726,20070726,6057.0,20070726,239,128,169,0,0,75.25
9668,0.5,B,39.249339,-121.028481,6,20000926,20000926,6057.0,20000926,181,63,108,0,0,65.5
9669,0.1,A,39.367561,-121.031181,6,20001006,20001006,6057.0,20001006,234,55,130,0,0,65.5
9670,0.1,A,39.152311,-121.074131,6,20020506,20020506,6057.0,20020506,112,-3,41,0,0,192.75
9671,0.2,A,39.233319,-121.121431,6,20020505,20020505,6057.0,20020505,113,9,52,0,0,192.75
9672,2.0,B,39.20095,-121.2689,6,20001018,20001018,6057.0,20001018,121,49,73,0,0,72.75
9673,1.0,B,39.185889,-121.056469,6,20001022,20001022,6057.0,20001022,-15,-90,-52,0,0,72.75
9674,0.5,B,39.187019,-120.896,6,20020426,20020426,6057.0,20020426,64,-7,16,0,0,192.75
9675,0.3,B,39.2636,-121.029019,6,20001023,20001023,6057.0,20001023,149,-11,50,0,0,72.75
9676,2.0,B,39.275389,-121.19735,6,20001106,20001106,6057.0,20001106,-9,-72,-42,0,0,72.75
9677,0.3,B,39.2484,-121.084561,6,20020425,20020425,6057.0,20020425,135,8,62,0,0,192.75
9678,0.1,A,39.114042,-121.062536,6,20070727,20070727,6057.0,20070727,252,136,175,0,0,75.25
9679,1.0,B,39.1375,-121.093231,6,20040811,20040812,6057.0,20040811,278,109,191,0,0,62.25
9680,0.1,A,39.248981,-121.047319,6,20040614,20040614,6057.0,20040614,201,72,130,0,0,87.25
9681,0.2,A,39.38805556,-120.60972222,6,20081011,20081011,6057.0,20081011,22,-42,-19,25,0,75.5
9682,0.2,A,39.33333333,-120.58583333,6,20081010,20081010,6057.0,20081010,-37,-82,-63,0,0,75.5
9683,0.1,A,39.26515,-120.954211,6,20040614,20040614,6057.0,20040614,201,72,130,0,0,87.25
9684,0.5,B,39.385,-120.15055556,6,20060702,20060702,6057.0,20060702,223,70,142,0,0,95.5
9685,1.0,B,39.247811,-121.121711,6,20010119,20010119,6057.0,20010119,103,-73,6,0,0,75.5
9686,1.3,B,39.3608,-120.97,6,20070729,20070729,6057.0,20070729,253,89,166,0,0,75.25
9687,0.25,A,39.36166667,-120.85972222,6,20081001,20081001,6057.0,20081001,202,65,130,0,0,60.5
9688,0.5,B,39.2303,-120.9156,6,20070729,20070729,6057.0,20070729,253,89,166,0,0,75.25
9689,0.1,A,39.35444444,-120.6625,6,20070603,20070603,6057.0,20070603,202,40,124,0,0,114.0
9690,0.1,A,39.123189,-120.97705,6,20000620,20000620,6057.0,20000620,224,70,144,0,0,126.75
9691,0.1,A,39.279481,-120.954689,6,20030823,20030823,6057.0,20030823,211,63,132,0,0,76.5
9692,1.0,B,39.278681,-121.010639,6,19990707,19990707,6057.0,19990707,224,105,148,0,0,167.5
9693,0.2,A,39.1663,-121.112389,6,19990617,19990617,6057.0,19990617,186,73,126,0,0,127.75
9694,1.0,B,39.50555556,-120.07111111,6,20090811,20090813,6057.0,20090811,224,118,165,0,0,90.25
9695,0.5,B,39.354361,-121.063761,6,20060819,20060819,6057.0,20060819,224,121,157,0,0,68.5
9696,0.3,B,39.233936,-121.0886,6,20070109,20070109,6057.0,20070109,97,-2,44,0,0,79.75
9697,35.0,C,39.1489,-120.9444,6,20060819,20060819,6057.0,20060819,224,121,157,0,0,68.5
9698,1.0,B,39.355328,-120.973536,6,20050705,20050705,6057.0,20050705,253,112,165,0,0,111.25
9699,0.1,A,39.337389,-121.090703,6,20070919,20070919,6057.0,20070919,110,13,59,0,0,62.25
9700,0.5,B,39.301872,-121.178119,6,20050705,20050705,6057.0,20050705,253,112,165,0,0,111.25
9701,0.1,A,39.47,-120.65666667,6,20061014,20061014,6057.0,20061014,180,17,83,0,0,59.0
9702,1.0,B,39.262861,-121.085089,6,20030807,20030807,6057.0,20030807,187,53,119,0,0,76.5
9703,0.2,A,39.186942,-121.0624,6,20050606,20050606,6057.0,20050606,79,-48,4,0,0,160.5
9704,0.2,A,39.123961,-121.056911,6,19990823,19990823,6057.0,19990823,235,100,158,0,0,71.25
9705,0.1,A,39.3074,-121.0299,6,19990704,19990704,6057.0,19990704,167,31,99,0,0,167.5
9706,0.3,B,39.304831,-121.179969,6,20030831,20030831,6057.0,20030831,234,103,144,0,0,76.5
9707,1.0,B,39.219681,-121.065081,6,20030811,20030811,6057.0,20030811,204,106,140,0,0,76.5
9708,0.1,A,39.247811,-121.121711,6,20040409,20040409,6057.0,20040409,159,-5,61,0,0,190.0
9709,0.1,A,39.29027778,-120.93166667,6,20060902,20060902,6057.0,20060902,221,127,159,0,0,60.25
9710,1.0,B,39.3225,-121.030369,6,19990824,19990824,6057.0,19990824,250,61,154,0,0,65.0
9711,1.0,B,39.1375,-121.093231,6,20030815,20030815,6057.0,20030815,253,98,167,0,0,76.5
9712,0.1,A,39.30505,-121.161589,6,20030831,20030831,6057.0,20030831,234,103,144,0,0,76.5
9713,0.5,B,39.337961,-121.06765,6,20040904,20040904,6057.0,20040904,163,22,91,0,0,61.0
9714,1.0,B,39.23455,-121.046911,6,20040416,20040416,6057.0,20040416,-3,-62,-37,0,0,190.0
9715,0.25,A,39.30833333,-120.83916667,6,20090829,20090830,6057.0,20090829,239,107,173,0,0,69.0
9716,0.1,A,39.152039,-121.056181,6,19980901,19980901,6057.0,19980901,299,104,188,0,0,84.5
9717,0.1,A,39.3666,-121.106569,6,20030814,20030815,6057.0,20030814,218,115,157,0,0,76.5
9718,4.0,B,39.306039,-121.124331,6,20031112,20031112,6057.0,20031112,6,-42,-25,0,0,50.75
9719,1.5,B,39.232989,-121.1401,6,20030627,20030627,6057.0,20030627,243,116,170,0,0,120.0
9720,0.2,A,39.291819,-121.122881,6,19990501,19990501,6057.0,19990501,104,-9,33,25,0,121.75
9721,1.0,B,39.263231,-121.047661,6,19990704,19990704,6057.0,19990704,167,31,99,0,0,167.5
9722,1.0,B,39.240572,-121.056267,6,20070908,20070908,6057.0,20070908,242,74,151,0,0,67.25
9723,0.1,A,39.1664,-121.129439,6,19990707,19990707,6057.0,19990707,224,105,148,0,0,167.5
9724,0.2,A,39.1857,-121.074931,6,19990617,19990617,6057.0,19990617,186,73,126,0,0,127.75
9725,2.0,B,39.2944,-121.189672,6,20050713,20050713,6057.0,20050713,269,109,191,0,0,91.5
9726,0.1,A,39.41861111,-120.20305556,6,20070918,20070918,6057.0,20070918,159,30,92,0,0,62.25
9727,2.0,B,39.35135,-120.973489,6,19990611,19990611,6057.0,19990611,162,38,93,0,0,127.75
9728,0.1,A,39.138019,-121.07455,6,20050314,20050314,6057.0,20050314,70,-48,-4,0,0,73.75
9729,0.1,A,39.204419,-121.120381,6,20041015,20041015,6057.0,20041015,228,100,146,0,0,53.75
9730,0.1,A,39.41861111,-120.20305556,6,20070918,20070918,6057.0,20070918,159,30,92,0,0,62.25
9731,0.1,A,39.222389,-120.916811,6,20041014,20041014,6057.0,20041014,261,62,141,0,0,53.75
9732,0.1,A,39.38722222,-120.16305556,6,20080306,20080306,6057.0,20080306,77,3,35,0,0,78.75
9733,0.1,A,39.27705,-121.1039,6,19991002,19991002,6057.0,19991002,171,73,105,0,0,61.25
9734,0.1,A,39.41527778,-120.12666667,6,20080603,20080603,6057.0,20080603,112,40,81,0,0,123.0
9735,0.1,A,39.238792,-121.003075,6,20050722,20050722,6057.0,20050722,219,90,161,0,0,91.5
9736,0.1,A,39.43444444,-120.58444444,6,20060904,20060904,6057.0,20060904,214,115,155,0,0,60.25
9737,1.7,A,39.232639,-121.158669,6,19990615,19990615,6057.0,19990615,153,68,106,0,0,127.75
9738,0.5,B,39.204419,-121.120381,6,20041014,20041014,6057.0,20041014,261,62,141,0,0,53.75
9739,0.2,A,39.38861111,-120.10222222,6,20090817,20090817,6057.0,20090817,246,87,162,0,0,73.25
9740,0.1,A,39.40194444,-120.13555556,6,20061112,20061112,6057.0,20061112,48,-71,-20,76,0,73.5
9741,0.1,A,39.219189,-121.102289,6,20030702,20030702,6057.0,20030702,181,73,114,0,0,120.0
9742,0.1,A,39.235439,-121.009319,6,20030831,20030831,6057.0,20030831,234,103,144,0,0,76.5
9743,1.4,B,39.320069,-121.124319,6,20041012,20041012,6057.0,20041012,209,68,119,0,0,53.75
9744,0.1,A,39.185889,-121.056469,6,20030831,20030831,6057.0,20030831,234,103,144,0,0,76.5
9745,0.1,A,39.275103,-121.045967,6,20060807,20060807,6057.0,20060807,183,91,128,0,0,71.5
9746,0.1,A,39.264419,-121.010281,6,19990926,19990926,6057.0,19990926,197,88,128,25,0,61.25
9747,0.2,A,39.46055556,-120.61416667,6,20090705,20090705,6057.0,20090705,217,63,138,0,0,110.0
9748,0.1,A,39.113803,-121.109908,6,20050611,20050611,6057.0,20050611,158,35,77,0,0,133.0
9749,0.1,A,39.222339,-120.935019,6,19990501,19990501,6057.0,19990501,104,-9,33,25,0,121.75
9750,7.0,B,39.363789,-121.113422,6,20070906,20070906,6057.0,20070906,239,92,152,0,0,67.25
9751,1.0,B,39.138019,-121.07455,6,19990124,19990124,6057.0,19990124,-97,-155,-117,0,0,92.75
9752,0.5,B,39.298081,-120.960681,6,20070611,20070611,6057.0,20070611,175,49,110,0,0,103.75
9753,0.1,A,39.234169,-121.065511,6,19980924,19980924,6057.0,19980924,174,48,83,0,0,81.0
9754,0.1,A,39.035731,-121.182031,6,19981028,19981028,6057.0,19981028,28,-4,6,0,0,66.25
9755,0.1,A,39.123961,-121.056911,6,19981030,19981030,6057.0,19981030,2,-61,-34,25,0,66.25
9756,0.1,A,39.26185,-121.1408,6,20030517,20030517,6057.0,20030517,130,-17,57,0,0,193.667
9757,1.0,B,39.244719,-121.047244,6,20061001,20061001,6057.0,20061001,135,25,78,51,0,59.0
9758,0.1,A,39.134183,-121.069864,6,20070608,20070608,6057.0,20070608,164,14,87,0,0,103.75
9759,0.1,A,39.41805556,-120.56805556,6,20060826,20060826,6057.0,20060826,242,80,147,0,0,68.5
9760,0.1,A,39.204961,-121.083189,6,19990625,19990625,6057.0,19990625,174,51,112,0,0,167.5
9761,0.1,A,39.187003,-121.100875,6,20061001,20061001,6057.0,20061001,135,25,78,51,0,59.0
9762,1.0,B,39.152311,-121.074131,6,20031121,20031121,6057.0,20031121,-33,-135,-87,0,0,66.5
9763,0.1,A,39.36833333,-120.33916667,6,20090728,20090729,6057.0,20090728,276,117,192,25,0,90.25
9764,0.1,A,39.373861,-121.031917,6,20060831,20060831,6057.0,20060831,231,67,144,0,0,60.25
9765,0.01,A,39.31888889,-120.65444444,6,20090811,20090811,6057.0,20090811,224,118,165,0,0,90.25
9766,0.2,A,39.3074,-121.0299,6,20040403,20040403,6057.0,20040403,116,15,54,25,0,110.0
9767,0.1,A,39.248061,-121.103211,6,20030822,20030822,6057.0,20030822,157,79,117,229,0,76.5
9768,0.4,B,39.263131,-121.066369,6,19990318,19990318,6057.0,19990318,95,-13,26,0,0,80.0
9769,0.2,A,39.250439,-120.99125,6,19990110,19990110,6057.0,19990110,150,-47,20,0,0,75.0
9770,0.5,B,39.31472222,-120.75361111,6,20061003,20061003,6057.0,20061003,120,34,71,0,0,59.0
9771,0.5,B,39.266317,-121.038817,6,20060810,20060811,6057.0,20060810,218,67,139,0,0,71.5
9772,0.3,B,39.248061,-121.103211,6,20040906,20040906,6057.0,20040906,244,76,155,0,0,61.0
9773,0.5,B,39.290269,-121.179361,6,19980906,19980906,6057.0,19980906,216,111,147,76,0,77.0
9774,0.1,A,39.222639,-121.084375,6,20061004,20061004,6057.0,20061004,93,18,44,0,0,59.0
9775,0.1,A,39.275389,-121.19735,6,20040325,20040325,6057.0,20040325,18,-33,-11,178,0,110.0
9776,3.0,B,39.230081,-121.268939,6,19980908,19980908,6057.0,19980908,155,77,108,0,0,77.0
9777,1.2,A,39.35611111,-120.66222222,6,20070909,20070909,6057.0,20070909,215,120,157,0,0,67.25
9778,0.1,A,39.110353,-121.100725,6,20050528,20050528,6057.0,20050528,142,4,71,0,0,160.5
9779,0.1,A,39.323889,-120.880611,6,20030824,20030824,6057.0,20030824,216,97,147,0,0,76.5
9780,0.1,A,39.38527778,-120.10805556,6,20060829,20060829,6057.0,20060829,220,72,142,0,0,68.5
9781,0.3,B,39.2275,-120.9706,6,20070623,20070623,6057.0,20070623,200,42,122,0,0,97.5
9782,2.0,B,39.18515,-121.129111,6,20040402,20040402,6057.0,20040402,50,-91,-17,0,0,110.0
9783,0.3,B,39.252775,-120.998886,6,20061004,20061004,6057.0,20061004,93,18,44,0,0,59.0
9784,0.1,A,39.32083333,-120.46138889,6,20090624,20090624,6057.0,20090624,242,82,158,0,0,110.0
9785,0.1,A,39.109119,-121.075981,6,20030616,20030616,6057.0,20030616,218,97,150,0,0,146.0
9786,1.0,B,39.152311,-121.074131,6,20041006,20041006,6057.0,20041006,203,38,109,0,0,59.0
9787,3.0,B,39.123419,-120.995681,6,20040907,20040907,6057.0,20040907,255,73,159,0,0,61.0
9788,0.1,A,39.42361111,-120.08583333,6,20070623,20070624,6057.0,20070623,200,42,122,0,0,97.5
9789,0.1,A,39.289725,-120.999558,6,20061004,20061004,6057.0,20061004,93,18,44,0,0,59.0
9790,0.1,A,39.047847,-121.104214,6,20070930,20070930,6057.0,20070930,108,43,71,0,0,63.25
9791,0.1,A,39.1857,-121.074931,6,19990915,19990915,6057.0,19990915,208,107,142,0,0,65.25
9792,0.5,B,39.3997,-120.9331,6,20050717,20050717,6057.0,20050717,295,163,211,0,0,91.5
9793,0.1,A,39.3675,-120.18527778,6,20070621,20070621,6057.0,20070621,215,101,148,0,0,103.75
9794,0.5,B,39.216417,-121.061181,6,20060822,20060822,6057.0,20060822,209,118,155,0,0,68.5
9795,0.1,A,39.249339,-121.028481,6,20030816,20030816,6057.0,20030816,243,89,161,0,0,76.5
9796,0.1,A,39.264911,-120.972739,6,19990430,19990430,6057.0,19990430,82,-35,15,25,0,121.75
9797,0.5,B,39.3074,-121.0299,6,19980914,19980914,6057.0,19980914,231,78,146,0,0,77.0
9798,10.0,C,39.09435,-121.130119,6,19981225,19981225,6057.0,19981225,46,-96,-19,25,0,78.25
9799,8.0,B,39.357181,-121.121458,6,20070706,20070706,6057.0,20070706,263,152,200,0,0,85.75
9800,0.1,A,39.152131,-121.067158,6,20050603,20050603,6057.0,20050603,156,14,88,0,0,160.5
9801,0.1,A,39.289539,-121.197489,6,20040911,20040911,6057.0,20040911,230,117,154,0,0,55.75
9802,0.1,A,39.322456,-120.875458,6,20070621,20070621,6057.0,20070621,215,101,148,0,0,103.75
9803,0.05,A,39.28888889,-120.87055556,6,20090629,20090629,6057.0,20090629,239,135,173,0,0,110.0
9804,0.1,A,39.233319,-121.121431,6,19990921,19990921,6057.0,19990921,211,101,133,0,0,65.25
9805,0.5,B,39.278089,-121.029411,6,20040403,20040403,6057.0,20040403,116,15,54,25,0,110.0
9806,0.1,A,39.222997,-121.088406,6,20050602,20050602,6057.0,20050602,137,4,73,0,0,160.5
9807,0.5,B,39.223275,-121.271158,6,20070624,20070624,6057.0,20070624,171,40,103,0,0,97.5
9808,0.1,A,39.290269,-121.179361,6,19980904,19980904,6057.0,19980904,257,128,175,0,0,77.0
9809,0.1,A,39.112586,-121.089489,6,20050718,20050718,6057.0,20050718,299,158,205,0,0,91.5
9810,0.8,B,39.185781,-121.038311,6,20030613,20030613,6057.0,20030613,168,41,109,0,0,146.0
9811,0.1,A,39.293972,-120.986392,6,20070707,20070707,6057.0,20070707,252,95,168,0,0,85.75
9812,0.5,B,39.166611,-120.938069,6,19990907,19990907,6057.0,19990907,248,88,155,0,0,65.25
9813,0.1,A,39.293319,-120.991961,6,20030622,20030622,6057.0,20030622,148,21,83,0,0,120.0
9814,0.1,A,39.1857,-121.074931,6,20030611,20030611,6057.0,20030611,167,52,95,0,0,146.0
9815,0.8,B,39.258606,-121.050353,6,20050710,20050710,6057.0,20050710,211,80,130,0,0,94.0
9816,0.1,A,39.25111111,-120.86305556,6,20070611,20070611,6057.0,20070611,175,49,110,0,0,103.75
9817,0.1,A,39.43916667,-120.15722222,6,20090620,20090620,6057.0,20090620,155,53,103,0,0,136.25
9818,0.1,A,39.36888889,-120.13388889,6,20060901,20060901,6057.0,20060901,221,113,158,0,0,60.25
9819,0.1,A,39.187211,-120.956119,6,20030818,20030818,6057.0,20030818,268,147,208,0,0,76.5
9820,0.1,A,39.123961,-121.056911,6,20030623,20030623,6057.0,20030623,72,-11,18,0,0,120.0
9821,0.3,B,39.332233,-121.070753,6,20050602,20050602,6057.0,20050602,137,4,73,0,0,160.5
9822,1.0,B,39.308819,-120.935831,6,20050314,20050314,6057.0,20050314,70,-48,-4,0,0,73.75
9823,0.1,A,39.2791,-120.973131,6,20031001,20031001,6057.0,20031001,167,58,106,0,0,66.0
9824,17.0,C,39.42305556,-120.63666667,6,20070910,20070912,6057.0,20070910,244,101,162,0,0,67.25
9825,0.1,A,39.219189,-121.102289,6,19981017,19981017,6057.0,19981017,95,-47,24,0,0,76.5
9826,0.1,A,39.3666,-121.106569,6,19980823,19980823,6057.0,19980823,230,63,138,0,0,84.5
9827,0.1,A,39.18515,-121.129111,6,19990806,19990806,6057.0,19990806,108,54,78,0,0,82.75
9828,0.1,A,39.242469,-121.112142,6,20060911,20060911,6057.0,20060911,214,125,162,0,0,62.75
9829,0.1,A,39.295611,-120.843689,6,19990801,19990801,6057.0,19990801,205,69,135,0,0,82.75
9830,2.0,B,39.222389,-120.916811,6,19990802,19990802,6057.0,19990802,214,51,137,25,0,82.75
9831,0.1,A,39.18735,-120.918819,6,20030716,20030717,6057.0,20030716,238,119,170,0,0,103.0
9832,0.1,A,39.365719,-120.973589,6,19980819,19980819,6057.0,19980819,189,67,109,0,0,84.5
9833,34.0,C,39.41722222,-120.08388889,6,20060919,20060923,6057.0,20060919,145,25,95,25,0,62.75
9834,0.3,B,39.166639,-121.074711,6,20030307,20030307,6057.0,20030307,76,-62,0,0,0,82.0
9835,0.1,A,39.39861111,-120.15055556,6,20090604,20090604,6057.0,20090604,106,16,47,51,0,141.25
9836,0.25,A,39.38388889,-120.12666667,6,20060729,20060729,6057.0,20060729,224,86,149,0,0,95.5
9837,0.2,A,39.123189,-120.97705,6,20000105,20000105,6057.0,20000105,-15,-105,-70,0,0,73.75
9838,0.2,A,39.351639,-120.935461,6,19990430,19990430,6057.0,19990430,82,-35,15,25,0,121.75
9839,0.1,A,39.38027778,-120.13527778,6,20080403,20080403,6057.0,20080403,104,-26,28,0,0,80.5
9840,0.1,A,39.054133,-121.109822,6,20050625,20050625,6057.0,20050625,166,49,107,0,0,111.25
9841,0.2,A,39.278919,-120.9917,6,19990802,19990802,6057.0,19990802,214,51,137,25,0,82.75
9842,0.3,B,39.197492,-121.093653,6,20070603,20070603,6057.0,20070603,202,40,124,0,0,114.0
9843,0.1,A,39.405,-121.18638889,6,20080503,20080504,6057.0,20080503,105,14,51,0,0,95.75
9844,3.0,B,39.278089,-121.029411,6,20030714,20030714,6057.0,20030714,256,61,161,51,0,103.0
9845,0.3,B,39.123961,-121.056911,6,19990528,19990528,6057.0,19990528,167,14,89,25,0,167.25
9846,0.25,A,39.38833333,-120.18722222,6,20060910,20060910,6057.0,20060910,229,39,129,0,0,62.75
9847,0.5,B,39.44111111,-120.76361111,6,20090712,20090712,6057.0,20090712,191,53,132,0,0,123.25
9848,0.1,A,39.123961,-121.056911,6,19990725,19990725,6057.0,19990725,219,79,142,0,0,82.75
9849,0.1,A,39.054133,-121.109822,6,20050625,20050625,6057.0,20050625,166,49,107,0,0,111.25
9850,0.1,A,39.40611111,-120.78527778,6,20061030,20061030,6057.0,20061030,114,-18,44,0,0,63.5
9851,0.1,A,39.166931,-120.956819,6,19990724,19990724,6057.0,19990724,189,33,115,0,0,82.75
9852,0.1,A,39.147175,-121.059314,6,20060909,20060909,6057.0,20060909,171,81,115,0,0,62.75
9853,0.1,A,39.219461,-121.083719,6,19990724,19990724,6057.0,19990724,189,33,115,0,0,82.75
9854,0.1,A,39.40305556,-120.11777778,6,20080607,20080607,6057.0,20080607,154,5,81,0,0,123.0
9855,0.3,B,39.381931,-121.0308,6,20030914,20030914,6057.0,20030914,221,66,142,0,0,75.25
9856,0.1,A,39.155364,-121.063997,6,20050729,20050729,6057.0,20050729,244,113,174,0,0,85.5
9857,0.1,A,39.229375,-121.063661,6,20050406,20050406,6057.0,20050406,151,22,68,51,0,116.0
9858,0.1,A,39.306825,-121.161856,6,20060929,20060929,6057.0,20060929,223,51,127,0,0,62.75
9859,0.1,A,39.43333333,-120.82222222,6,20090806,20090807,6057.0,20090806,100,18,45,25,0,90.25
9860,0.5,B,39.050561,-121.129469,6,19990522,19990522,6057.0,19990522,140,35,85,0,0,167.25
9861,1.0,B,39.108381,-121.112419,6,19990726,19990726,6057.0,19990726,224,73,150,0,0,82.75
9862,0.1,A,39.380219,-120.973039,6,19990521,19990521,6057.0,19990521,152,22,80,0,0,167.25
9863,1.0,B,39.320392,-121.023389,6,20070117,20070117,6057.0,20070117,8,-72,-44,0,0,76.25
9864,0.1,A,39.203861,-121.139011,6,20030926,20030926,6057.0,20030926,237,110,160,0,0,66.0
9865,0.1,A,39.317053,-120.980492,6,20060810,20060810,6057.0,20060810,218,67,139,0,0,71.5
9866,0.25,A,39.40583333,-120.13472222,6,20071124,20071125,6057.0,20071124,144,-18,36,0,0,80.25
9867,0.5,B,39.365769,-120.8978,6,19990729,19990729,6057.0,19990729,224,99,140,0,0,82.75
9868,0.1,A,39.109119,-121.075981,6,20040830,20040830,6057.0,20040830,259,94,170,25,0,61.0
9869,0.1,A,39.283867,-120.966969,6,20060727,20060727,6057.0,20060727,270,106,181,0,0,95.5
9870,0.5,B,39.293161,-121.104269,6,20030206,20030206,6057.0,20030206,-57,-134,-104,0,0,83.75
9871,0.1,A,39.2317,-121.1411,6,20090804,20090804,6057.0,20090804,213,85,143,0,0,90.25
9872,0.5,B,39.365489,-120.9921,6,19990725,19990725,6057.0,19990725,219,79,142,0,0,82.75
9873,0.1,A,39.222711,-120.898181,6,19990801,19990801,6057.0,19990801,205,69,135,0,0,82.75
9874,2.0,B,39.23685,-120.861289,6,20030206,20030206,6057.0,20030206,-57,-134,-104,0,0,83.75
9875,0.1,A,39.155364,-121.063997,6,20050729,20050729,6057.0,20050729,244,113,174,0,0,85.5
9876,1.0,B,39.262861,-121.085089,6,19991103,19991103,6057.0,19991103,152,62,88,0,0,72.0
9877,1.0,B,39.262036,-121.122272,6,20060914,20060914,6057.0,20060914,127,28,84,51,0,62.75
9878,0.1,A,39.155364,-121.063997,6,20050729,20050729,6057.0,20050729,244,113,174,0,0,85.5
9879,0.1,A,39.205219,-121.064569,6,19990525,19990525,6057.0,19990525,197,16,95,25,0,167.25
9880,0.1,A,39.233939,-121.08415,6,20050627,20050627,6057.0,20050627,157,60,97,0,0,111.25
9881,0.5,B,39.306989,-121.110417,6,20050418,20050418,6057.0,20050418,49,-36,-3,25,0,138.5
9882,0.3,B,39.381931,-121.0308,6,19980819,19980820,6057.0,19980819,189,67,109,0,0,84.5
9883,0.2,A,39.278089,-121.029411,6,20040313,20040313,6057.0,20040313,144,13,63,0,0,67.25
9884,0.1,A,39.155364,-121.063997,6,20050729,20050729,6057.0,20050729,244,113,174,0,0,85.5
9885,1.0,B,39.256058,-121.138458,6,20060914,20060914,6057.0,20060914,127,28,84,51,0,62.75
9886,0.1,A,39.278089,-121.029411,6,20040315,20040315,6057.0,20040315,99,4,45,0,0,67.25
9887,0.1,A,39.134222,-120.973578,6,20050422,20050422,6057.0,20050422,157,-4,44,25,0,138.5
9888,0.1,A,39.186114,-121.047689,6,20050701,20050701,6057.0,20050701,250,73,165,0,0,111.25
9889,0.1,A,39.152431,-120.957369,6,20031105,20031105,6057.0,20031105,30,-58,-19,0,0,50.75
9890,0.1,A,39.367269,-121.08775,6,20040831,20040831,6057.0,20040831,253,116,199,0,0,61.0
9891,0.2,A,39.370406,-121.043736,6,20060731,20060731,6057.0,20060731,159,59,107,0,0,95.5
9892,0.1,A,39.262489,-121.103581,6,19990717,19990717,6057.0,19990717,180,48,116,0,0,92.5
9893,0.1,A,39.43527778,-120.11916667,6,20060917,20060917,6057.0,20060917,203,28,108,0,0,62.75
9894,0.1,A,39.349431,-121.124311,6,20030706,20030706,6057.0,20030706,227,48,141,0,0,120.0
9895,0.1,A,39.135486,-121.093764,6,20060814,20060814,6057.0,20060814,210,91,144,0,0,68.5
9896,0.3,B,39.205219,-121.064569,6,20050206,20050206,6057.0,20050206,38,-38,-12,0,0,73.25
9897,1.0,B,39.291819,-121.122881,6,20030903,20030904,6057.0,20030903,233,118,155,0,0,76.5
9898,1.0,B,39.136944,-121.100386,6,20070626,20070626,6057.0,20070626,213,98,145,0,0,97.5
9899,0.1,A,39.42361111,-120.11472222,6,20090708,20090708,6057.0,20090708,178,46,112,0,0,123.25
9900,4.0,B,39.365489,-120.9921,6,19990516,19990516,6057.0,19990516,107,-33,36,0,0,121.75
9901,1.0,B,39.166489,-121.093781,6,19990607,19990607,6057.0,19990607,77,-25,18,0,0,167.25
9902,1.0,B,39.180283,-121.047144,6,20070603,20070603,6057.0,20070603,202,40,124,0,0,114.0
9903,0.1,A,39.36833333,-120.15111111,6,20061024,20061024,6057.0,20061024,148,4,63,0,0,59.0
9904,0.04,A,39.29444444,-120.86166667,6,20090607,20090607,6057.0,20090607,134,36,82,0,0,141.25
9905,0.4,B,39.193133,-121.053194,6,20050802,20050802,6057.0,20050802,217,57,139,25,0,85.5
9906,0.1,A,39.235439,-121.009319,6,20030720,20030720,6057.0,20030720,280,140,205,0,0,103.0
9907,0.5,B,39.30505,-121.161589,6,19990714,19990714,6057.0,19990714,220,105,162,0,0,92.5
9908,0.1,A,39.2791,-120.973131,6,20041015,20041015,6057.0,20041015,228,100,146,0,0,53.75
9909,0.5,B,39.32916667,-120.90027778,6,20090608,20090608,6057.0,20090608,138,39,82,0,0,141.25
9910,2.0,B,39.30855,-120.954789,6,20030106,20030106,6057.0,20030106,53,-56,1,0,0,90.25
9911,0.5,B,39.289539,-121.197489,6,20041022,20041022,6057.0,20041022,111,-38,16,25,0,53.75
9912,0.1,A,39.187211,-120.956119,6,20030516,20030516,6057.0,20030516,135,-25,60,0,0,193.667
9913,0.1,A,39.208531,-120.897761,6,20050313,20050313,6057.0,20050313,109,-24,31,0,0,73.75
9914,0.4,B,39.187319,-120.937369,6,19981005,19981005,6057.0,19981005,160,12,66,0,0,81.0
9915,0.5,B,39.186439,-120.873261,6,20040925,20040926,6057.0,20040925,225,50,126,25,0,55.75
9916,2.0,B,39.2769,-120.9656,6,20050415,20050415,6057.0,20050415,140,-18,57,51,0,138.5
9917,0.1,A,39.35083333,-120.49638889,6,20090822,20090822,6057.0,20090822,255,105,176,0,0,73.25
9918,0.1,A,39.108811,-120.996311,6,20050306,20050306,6057.0,20050306,113,-6,39,0,0,73.75
9919,0.2,A,39.27361111,-120.82305556,6,20080420,20080421,6057.0,20080420,7,-82,-44,0,0,147.75
9920,0.2,A,39.1857,-121.074931,6,20030711,20030711,6057.0,20030711,252,109,174,0,0,103.0
9921,0.1,A,39.185639,-121.093761,6,20030709,20030709,6057.0,20030709,266,125,182,0,0,120.0
9922,0.1,A,39.263231,-121.047661,6,19990531,19990531,6057.0,19990531,169,30,91,51,0,167.25
9923,0.5,B,39.41444444,-120.60416667,6,20090716,20090717,6057.0,20090716,246,137,177,0,0,123.25
9924,0.1,A,39.20095,-121.2689,6,20040215,20040215,6057.0,20040215,34,-29,-6,0,0,69.25
9925,0.1,A,39.187319,-120.937369,6,20030409,20030409,6057.0,20030409,109,5,41,0,0,127.25
9926,0.1,A,39.30505,-121.161589,6,20031027,20031027,6057.0,20031027,160,84,115,0,0,50.75
9927,0.1,A,39.338481,-121.049031,6,19991019,19991019,6057.0,19991019,196,49,100,0,0,60.0
9928,0.1,A,39.219189,-121.102289,6,19990601,19990601,6057.0,19990601,107,30,66,25,0,167.25
9929,0.2,A,39.2928,-121.029631,6,19990720,19990720,6057.0,19990720,161,53,95,0,0,92.5
9930,8.0,B,39.366069,-120.935561,6,19991220,19991220,6057.0,19991220,33,-11,5,0,0,72.5
9931,0.1,A,39.18505,-121.146061,6,19990607,19990607,6057.0,19990607,77,-25,18,0,0,167.25
9932,0.3,B,39.352869,-121.068319,6,19991019,19991019,6057.0,19991019,196,49,100,0,0,60.0
9933,0.1,A,39.32666667,-120.54166667,6,20090714,20090714,6057.0,20090714,245,98,166,0,0,123.25
9934,12.0,C,39.342603,-121.024825,6,20060907,20060907,6057.0,20060907,214,120,153,0,0,60.25
9935,1.0,B,39.381931,-121.0308,6,19990605,19990605,6057.0,19990605,142,21,59,25,0,167.25
9936,0.1,A,39.37916667,-120.15444444,6,20060813,20060813,6057.0,20060813,230,101,157,0,0,68.5
9937,0.1,A,39.2636,-121.029019,6,20040919,20040919,6057.0,20040919,49,-21,-2,25,0,55.75
9938,0.25,A,39.38333333,-120.16833333,6,20060814,20060814,6057.0,20060814,210,91,144,0,0,68.5
9939,0.1,A,39.2622,-121.122089,6,20030709,20030709,6057.0,20030709,266,125,182,0,0,120.0
9940,1.2,B,39.222339,-120.935019,6,19990501,19990501,6057.0,19990501,104,-9,33,25,0,121.75
9941,0.25,A,39.38555556,-120.18416667,6,20060814,20060814,6057.0,20060814,210,91,144,0,0,68.5
9942,0.1,A,39.166481,-121.05635,6,19991018,19991018,6057.0,19991018,161,60,95,0,0,60.0
9943,5.0,B,39.118389,-121.003194,6,20060929,20060930,6057.0,20060929,223,51,127,0,0,62.75
9944,0.3,B,39.2484,-121.084561,6,19990606,19990606,6057.0,19990606,88,-18,32,25,0,167.25
9945,0.1,A,39.035597,-121.126069,6,20071206,20071206,6057.0,20071206,15,-10,-2,279,0,80.25
9946,0.1,A,39.208531,-120.897761,6,20040918,20040918,6057.0,20040918,93,4,54,25,0,55.75
9947,0.3,B,39.134592,-121.100147,6,20050626,20050626,6057.0,20050626,174,54,98,0,0,111.25
